similarity,skill A,uses A,skill B,uses B
1.000,C# .NET,34,C#.NET,1
0.997,PHP Laravel,5,Laravel PHP,3
0.996,Unix/Linux,7,Linux/Unix,5
0.995,LAN/WAN design,6,WAN/LAN design,1
0.994,LAN/WAN Management,5,WAN/LAN Management,2
0.994,WAN/LAN Configuration,1,LAN/WAN Configuration,1
0.994,JavaScript ES6,8,ES6 JavaScript,1
0.993,DHCP DNS Configuration,1,DNS DHCP configuration,1
0.993,IPsec VPN,2,VPN IPSec,1
0.993,Agile Scrum,96,Scrum Agile,2
0.993,2nd Level Support,4,Second Level Support,4
0.992,LAN/WAN networking,4,WAN/LAN Networking,1
0.992,Monitoring & Alerting,4,Monitoring and alerting,2
0.992,Backup and Recovery,20,Backup & Recovery,17
0.991,Hardware-Software Integration,4,Software-Hardware Integration,1
0.991,IDS/IPS Management,4,IPS/IDS Management,2
0.990,Spring Java,1,Java Spring,1
0.989,UiPath RPA,6,RPA UiPath,1
0.989,BDD Cucumber,1,Cucumber BDD,1
0.988,IDS/IPS,4,IPS/IDS,1
0.988,Data Visualization,68,Data visualisation,1
0.987,UML Modeling,9,UML modelling,1
0.986,Cloud networking AWS,1,AWS Cloud Networking,1
0.986,GitOps Workflow,1,GitOps workflows,1
0.985,Monitoring and Logging,1,Logging & Monitoring,1
0.985,AWS Serverless,1,Serverless AWS,1
0.984,Routing and Switching,3,Routing & Switching,2
0.984,Bootstrap CSS,3,CSS Bootstrap,1
0.983,Coaching and Mentoring,2,Coaching & Mentoring,1
0.982,AWS cloud security,2,Cloud security (AWS),1
0.981,UI/UX Collaboration,6,UX/UI Collaboration,1
0.981,ABAP debugging,1,Debugging ABAP,1
0.980,C# .NET,34,.NET C#,7
0.980,.NET C#,7,C#.NET,1
0.980,Bilingual English Mandarin,8,English Mandarin Bilingual,1
0.980,Git workflow,1,Git Workflows,1
0.980,Docker Containerization,3,Docker containerisation,1
0.979,Testing & Validation,1,Testing and Validation,1
0.979,Software Testing Methodologies,1,Software Test Methodologies,1
0.978,Automation Scripting,31,Scripting Automation,2
0.978,Jira Bug Tracking,1,Bug tracking (JIRA),1
0.978,Advanced Excel,19,Excel advanced,1
0.977,Jenkins CI/CD,14,CI/CD Jenkins,3
0.977,Bilingual English Chinese,3,Bilingual Chinese English,1
0.976,SQL Server,117,MS SQL Server,31
0.976,Use Case Modeling,5,use case modelling,1
0.975,Oracle SQL,11,SQL Oracle,1
0.975,Third-Party Integration,2,3rd Party Integration,1
0.974,Commissioning testing,1,Testing and Commissioning,1
0.974,Node.js runtime,2,NodeJS runtime,1
0.974,Microsoft Excel,61,MS Excel,9
0.973,Issue Troubleshooting,15,Problem Troubleshooting,4
0.973,VM Virtualization,2,Virtualization (VM),1
0.973,JavaScript ES6,8,JavaScript ES6+,1
0.973,Junior developer mentoring,1,Mentoring Junior Developers,1
0.970,Oracle Database,51,Oracle DB,2
0.970,Internal Audit,3,Internal Auditing,1
0.968,Windows batch scripting,1,Batch scripting,1
0.967,Reporting Automation,3,Report automation,1
0.967,ES6 JavaScript,1,JavaScript ES6+,1
0.967,Dashboard Reporting,3,Reporting dashboards,1
0.967,Coaching & Mentoring,1,Mentorship & Coaching,1
0.966,Data Modeling,78,Data Modelling,1
0.966,ITIL Processes,25,ITIL Process,1
0.966,Data Center HVAC,1,Data centre HVAC,1
0.966,Tableau Dashboarding,1,Tableau dashboards,1
0.965,Mobile App Testing,5,Mobile Application Testing,3
0.964,LAN/WAN networking,4,Network LAN/WAN,1
0.964,Japanese (JLPT N1),2,Japanese (JLPT N2),1
0.963,VB.NET,35,.NET (VB),1
0.963,System Auditing,4,System Audits,2
0.962,Test Management,7,Testing Management,1
0.962,Payroll System Integration,1,Payroll Integration,1
0.961,MPLS networking,5,MPLS Network,1
0.961,Network Protocols,8,Networking protocols,1
0.961,Tool development,1,Tooling Development,1
0.961,Security Audits,7,Security Auditing,6
0.960,Microsoft Power Automate,1,MS Power Automate,1
0.959,ISTQB Certification,5,ISTQB Certified,2
0.958,UI/UX Design,43,UX/UI Design,4
0.958,Budget Forecasting,2,Budgeting and Forecasting,1
0.958,Testing and Deployment,1,Testing Deployment,1
0.958,Microsoft Office Suite,5,MS Office Suite,3
0.958,Network LAN/WAN,1,WAN/LAN Networking,1
0.957,Microsoft Dynamics 365,9,Microsoft Dynamics 365FO,2
0.957,IBM WebSphere MQ,1,WebSphere MQ,1
0.957,Tricentis Tosca,2,Tricent Tosca,1
0.957,GCP Certification,1,GCP Certified,1
0.957,Team Mentoring,5,Team mentorship,1
0.957,Security Operations Center,5,Security Operations Centre,1
0.957,Vulnerability Management,20,Security Vulnerability Management,1
0.956,REST API Integration,13,RESTful API Integration,6
0.955,Unix Commands,1,Unix/Linux commands,1
0.955,Nginx web server,1,NGINX server,1
0.955,CCNA certification,14,CCNA Certified,1
0.954,Compliance Auditing,5,Audits Compliance,2
0.954,CCTV maintenance,2,CCTV system maintenance,2
0.954,Behaviour-Driven Development,2,Behavioural Driven Development,1
0.954,Kofax RPA,1,RPA (Kofax),1
0.954,T-SQL,16,SQL T-SQL,1
0.953,SAP WMS,1,SAP WM,1
0.953,Predictive Dialer,1,Predictive Dialing,1
0.953,Coaching and Mentoring,2,Mentorship & Coaching,1
0.952,Azure Networking,3,Azure Cloud Networking,1
0.952,Laptop troubleshooting,1,Troubleshooting laptops,1
0.952,.NET MVC,2,C# MVC,1
0.952,Parallel Testing,1,Test parallelization,1
0.952,Process Monitoring,1,Monitoring processes,1
0.952,Office 365,23,Microsoft Office 365,2
0.952,Data Center Design,1,Data Centre Design,1
0.951,Japanese (JLPT N3),2,Japanese (JLPT N2),1
0.951,MongoDB,54,MongoDB database,4
0.951,Testing Debugging,2,Testing and debugging,1
0.950,Japanese (JLPT N1),2,Japanese (JLPT N3),2
0.950,Scrum Certification,1,Scrum Master Certification,1
0.950,Semiconductor Manufacturing,4,Semiconductor Manufacturing IT,1
0.949,REST API Design,4,RESTful API Design,3
0.949,Responsive UI,1,Responsive UI/UX,1
0.949,Apache Web Server,2,Apache server,1
0.949,SAP S/4HANA,26,SAP S/4HANA SD,1
0.949,Stakeholder Communication,114,Business stakeholder communication,1
0.949,Pivot Tables,2,Excel Pivot Tables,2
0.948,AutoCAD,4,AutoCAD software,1
0.948,Mandarin Communication,38,English Mandarin Communication,2
0.948,Ubuntu Linux,1,Linux (Ubuntu),1
0.948,Mobile App Development,12,Mobile Application Development,4
0.948,Laravel,49,Laravel 5,1
0.948,Active Directory,83,Windows Active Directory,2
0.948,SQL Querying,49,SQL Queries,19
0.947,Preventive Maintenance,17,Preventative Maintenance,2
0.947,Make/CMake,1,CMake build,1
0.947,SAP Testing,1,SAP System Testing,1
0.947,SAP HANA Cloud Platform,1,SAP HANA Cloud,1
0.946,Vulnerability Assessment,26,Security Vulnerability Assessment,1
0.946,Microsoft Word,5,MS Word,1
0.945,RHCSA certification,2,RHCA Certification,1
0.945,Visual Basic,7,Visual Basic .NET,1
0.945,Linux OS,13,Linux operating system,1
0.945,Query Optimization,6,query optimisation,1
0.945,Networking Technologies,1,Network Technologies,1
0.945,Message Queues,4,Messaging Queues,2
0.945,Test Automation,66,Automation Testing,7
0.945,SOAP Web Services,17,SOAP Services,2
0.945,Scalable Architecture,8,scalable architecture design,1
0.944,Relational Databases,10,SQL Relational Databases,1
0.944,Cisco Security,1,Cisco Network Security,1
0.944,ITIL certification,4,ITIL Certified,1
0.943,Laravel,49,PHP Laravel,5
0.943,WebSphere Application Server,4,WebSphere server,1
0.943,Microsoft 365,22,Microsoft Office 365,2
0.943,Data Center Operations,7,Data Centre Operations,3
0.943,Classic ASP,1,ASP Classic,1
0.942,Unix Administration,10,Unix/Linux administration,3
0.942,Monitoring and alerting,2,Alert Monitoring,1
0.942,Shell Scripting,34,Unix Shell Scripting,13
0.942,Data Lake Design,1,Data Lake Architecture,1
0.942,Functional Specification Design,1,Functional Design Specification,1
0.941,Microsoft 365 Administration,11,Office 365 administration,4
0.941,Unix Shell Scripting,13,Linux Shell Scripting,2
0.941,Azure SQL,3,Azure SQL Database,2
0.941,GCP Cloud,9,GCP Cloud Services,1
0.941,WebSphere Application Server,4,IBM WebSphere Application Server,1
0.941,Database Tuning,5,Database Performance Tuning,5
0.941,Linux Scripting,4,Linux/Unix scripting,2
0.941,Elasticsearch,9,Elasticsearch Engine,1
0.941,Layer 3 Switching,1,Layer 2/3 switching,1
0.941,Demand Planning,1,Demand Planning Systems,1
0.940,Data-driven Decision Making,4,Data-driven Decision,1
0.940,Customer Coordination,1,Customer Service Coordination,1
0.940,Agile Delivery,6,Agile software delivery,1
0.940,Access Management,2,Access Control Management,2
0.940,Kubernetes Administration,2,Kubernetes Management,1
0.940,Ticketing System Management,2,Ticketing System Administration,1
0.939,Troubleshooting,115,Problem Troubleshooting,4
0.939,Unix scripting,2,Linux/Unix scripting,2
0.939,Odoo module customization,1,Odoo Customization,1
0.939,Router Configuration,15,Network Router Configuration,1
0.939,Storage Management,7,Storage System Management,1
0.939,Incident Management,162,Incident Problem Management,1
0.939,Databricks,3,Databricks Platform,3
0.939,Monitoring & Alerting,4,Alert Monitoring,1
0.939,Solution Architecture,35,Solution architecture design,1
0.939,Database troubleshooting,2,DB troubleshooting,1
0.939,API Versioning,1,Versioned APIs,1
0.938,Adobe Illustrator,5,Illustrator,2
0.938,Integration Architecture,2,Integration Architecture Design,1
0.938,jQuery,55,JavaScript jQuery,1
0.938,RHCA Certification,1,RHCE Certification,1
0.938,macOS,6,Apple macOS,1
0.938,Microsoft Dynamics 365,9,Microsoft Dynamics 365 CE,1
0.938,Fire System Alarms,1,Fire Alarm Systems,1
0.938,Laravel,49,Laravel PHP,3
0.937,Microsoft Office,52,MS Office,10
0.937,Design of Experiments,3,Experiment design,1
0.937,MS Access,2,Microsoft Access,1
0.937,PMI/PMP Framework,1,PMI Framework,1
0.937,Redis caching,4,Redis cache,2
0.937,Zend2 framework,1,Zend Framework,1
0.937,XML Publisher,1,XML Publisher (XMLP),1
0.937,Mobile Testing,14,Mobile Application Testing,3
0.937,Security Architecture,11,Security architecture design,1
0.937,Acceptance Testing,3,Testing & Acceptance,1
0.936,VPN Configuration,27,VPN Setup,4
0.936,Provisioning Services,1,Service Provisioning,1
0.936,MVC pattern,2,MVC Design Pattern,1
0.936,Fiber Optic Cabling,2,Network Fiber Optic Cabling,1
0.936,SAP BW,4,SAP BW/BO,1
0.936,Reusable components,2,Component Reusability,1
0.936,Software License Management,4,Software Licensing Management,2
0.936,Mobile Application Testing,3,Mobile Software Testing,1
0.936,Backup Restore,4,Backup and Restore,2
0.935,Azure Certification,1,Azure Certified,1
0.935,VBScript,2,VBScript scripting,1
0.935,Wireless Access Point Setup,1,WiFi access point setup,1
0.935,Video conferencing,6,Video conferencing support,5
0.935,Financial Domain Knowledge,1,Finance Domain Knowledge,1
0.935,Basic Programming,2,Programming Basics,1
0.935,C#,163,C#.NET,1
0.935,C#,163,C# .NET,34
0.934,ASP.NET MVC,26,.NET MVC,2
0.934,Azure Cloud Security,3,Azure Security,1
0.934,Level 3 support,3,Third Level Support,2
0.934,Microsoft Teams Integration,1,MS Teams integration,1
0.934,SQL,246,Microsoft SQL,7
0.934,Remote Collaboration,2,Remote Team Collaboration,1
0.934,Access Control,10,Access Control Management,2
0.933,Firewall Configuration,30,Network Firewall Configuration,1
0.933,Customer Communication,26,Customer Service Communication,3
0.933,Oracle Finance,1,Oracle Financials,1
0.933,Level 2 Support,6,2nd Level Support,4
0.933,Warehouse Management Systems,4,Warehouse Management,2
0.933,AWS EKS,2,AWS ECS/EKS,1
0.933,Load Balancer,3,Load Balancer Management,1
0.932,RHCSA certification,2,RHCE Certification,1
0.932,Unix Shell Scripting,13,Unix scripting,2
0.932,ServiceNow Ticketing,5,Service Ticketing,1
0.931,Traceability system,1,Traceability Management,1
0.931,HTML/CSS,52,HTML and CSS,1
0.931,Cloud services,8,Service Cloud,1
0.931,Hardware-Software Integration,4,Hardware Integration,1
0.931,SSRS,4,MS SSRS,1
0.931,ITIL v4 Foundation,1,ITIL 4 Foundation,1
0.931,ISO 27001,18,ISO 27002,1
0.930,Hardware Troubleshooting,94,PC hardware troubleshooting,3
0.930,Webhook implementation,1,Webhook Integration,1
0.930,Flow Control,1,control flow,1
0.930,Financial Systems Implementation,1,Financials Implementation,1
0.930,Responsive UI,1,Responsive UI Design,1
0.930,Mentoring,5,Mentorship,2
0.930,Change Impact Evaluation,1,Change Impact Assessment,1
0.930,CCIE certification,4,Cisco CCIE certification,1
0.930,OS configuration,2,Operating system configuration,1
0.930,WiFi Router Configuration,1,WiFi router setup,1
0.930,Scheduling,2,Scheduling Management,1
0.929,POS System Management,1,POS System Administration,1
0.929,ASP.NET MVC,26,ASP.NET MVC5,1
0.929,ServiceNow Incident Management,2,ServiceNow incident handling,1
0.929,VMware ESXi,3,VMware ESX,1
0.929,Mobile UI/UX Design,2,Mobile UI Design,2
0.929,Building Management,1,Building Management Systems,1
0.929,Microsoft Hyper-V,5,Hyper-V,2
0.929,Database Management,24,SQL Database Management,2
0.929,SAP BW/BO,1,SAP BO,1
0.929,Monitoring and Logging,1,Log Monitoring,1
0.929,VBScript scripting,1,VB scripting,1
0.929,Data Pipeline Design,2,Data Pipeline Architecture,1
0.928,Windows Server Administration,25,Microsoft Server Administration,1
0.928,Attendance Monitoring,1,Attendance Tracking,1
0.928,LAN/WAN,4,Network LAN/WAN,1
0.928,RFP creation,1,RFP Development,1
0.928,WebLogic Server,4,Oracle WebLogic Server,1
0.928,Unix/Linux CLI,1,Linux CLI,1
0.928,Network Diagnostics,4,Network Connectivity Diagnostics,1
0.928,Mobile UI/UX,2,Mobile UI/UX Design,2
0.927,Immutable.js,2,Immutable.js Library,1
0.927,Content Management Systems,3,Content Management,2
0.927,System Upgrades,4,System upgrading,1
0.927,ERP Support,12,ERP System Support,3
0.927,Cisco Telephony Systems,1,Cisco Telephony,1
0.927,OS Installation,4,Operating System Installation,2
0.927,AWS networking,1,AWS Cloud Networking,1
0.926,Red Hat Linux,4,Red Hat Enterprise Linux,1
0.926,Data Centre Operations,3,Data centre management,1
0.926,Documentation,23,SharePoint documentation,1
0.926,Microsoft Certified IT Professional,1,Microsoft Certified Professional,1
0.926,Oracle WebLogic,4,Oracle WebLogic Server,1
0.926,Bluecoat Proxy,1,Blue Coat ProxySG,1
0.926,Red Hat Linux,4,Linux RedHat,2
0.925,NoSQL databases,10,SQL/NoSQL databases,1
0.925,Design pattern implementation,1,Design pattern application,1
0.925,Azure Cloud Services,8,Azure services,2
0.925,AWS Certification,1,AWS Certified,1
0.925,SAP Cloud,2,SAP Cloud Platform,1
0.925,Drupal CMS,2,Magento CMS,1
0.925,Telecom Industry Knowledge,1,Telecom Knowledge,1
0.925,Hardware Testing,5,Test hardware design,1
0.924,ERP Administration,1,ERP System Administration,1
0.924,Linux,40,Linux OS,13
0.923,Microsoft Dataverse,2,Dataverse,1
0.923,Virtualization,8,Virtualization (VM),1
0.923,Salesforce Sales Cloud,3,Sales Cloud,1
0.923,HTTP/HTTPS Protocols,3,HTTPS protocol,2
0.923,User Acceptance Testing,70,Acceptance Testing,3
0.923,SAP Integration,12,SAP Integration Suite,1
0.923,Proxy Configuration,1,Web proxy configuration,1
0.922,ERP System Support,3,ERP software support,1
0.922,SSIS,13,MS SSIS,1
0.922,Incident Coordination,1,Major Incident Coordination,1
0.922,Modbus protocol,1,Modbus communication,1
0.922,Incident Management,162,Incident Management Process,1
0.922,Functional Specification,26,Functional Specification Design,1
0.922,Test Planning,28,Test Strategy Planning,1
0.922,Leaf-Spine Design,1,Spine-Leaf architecture,1
0.922,Object-Oriented Programming,54,basic object-oriented programming,1
0.922,Code Review,56,Code reviews,9
0.921,Service Desk Management,3,Service Desk Operations,2
0.921,Roadmap Development,3,Roadmap Creation,1
0.921,Linux Administration,116,Linux System Administration,9
0.921,Level 2 Troubleshooting,1,Level 1 Troubleshooting,1
0.921,L2/L3 Support,2,L3/L4 Support,1
0.921,Test Validation,1,Testing & Validation,1
0.921,Quality Management,5,Quality Management Systems,1
0.921,SQL Server Administration,4,MS SQL Administration,2
0.921,Vendor liaison,7,Vendor Support Liaison,1
0.921,L3 Support,3,L2/L3 Support,2
0.921,ITIL v3 Foundation,1,ITIL v4 Foundation,1
0.921,ERP Support,12,ERP software support,1
0.921,Level 2 Support,6,Second Level Support,4
0.920,Vendor Coordination,15,Multi-vendor Coordination,1
0.920,HR Systems,1,HRM systems,1
0.920,Web Performance,2,Website Performance,1
0.920,Asset Inventory Management,2,Asset inventory,2
0.920,MVC,21,.NET MVC,2
0.919,Shell Scripting,34,Linux Shell Scripting,2
0.919,Troubleshooting,115,Issue Troubleshooting,15
0.919,Microsoft Dynamics 365FO,2,Microsoft Dynamics 365 CE,1
0.919,Azure Management,1,Azure Cloud Management,1
0.919,Ticketing System,82,Ticketing System Management,2
0.919,Google Vertex AI,2,Vertex AI,1
0.919,SDN design,1,SDN Implementation,1
0.919,SAP BW/BO,1,SAP BI/BW,1
0.919,Apache Web Server,2,Apache HTTP Server,1
0.919,PC hardware troubleshooting,3,Desktop hardware troubleshooting,1
0.919,SAP ECC,8,SAP ECC6,1
0.918,System Monitoring,35,Monitoring systems,1
0.918,Jira Administration,2,Jira Management,1
0.918,SQL Performance Tuning,5,SQL Server Performance Tuning,1
0.918,Android Device Support,1,Android support,1
0.918,VPN Configuration,27,IP-VPN configuration,1
0.918,Apache HTTP Server,1,Apache server,1
0.918,Asset Inventory Management,2,Asset Inventory Control,1
0.917,Warehouse Management,2,Warehouse Operations,1
0.917,ASP.NET MVC,26,C# MVC,1
0.917,Dynamics 365,3,Dynamics 365 CE,1
0.917,C#,163,.NET C#,7
0.917,Linux kernel development,3,Kernel Development,1
0.917,Procurement Process,4,Procurement Processing,2
0.917,SAP PP,6,SAP PPDS,1
0.917,CCNA Routing,1,CCNA Routing Switching,1
0.917,SQL Query Optimization,6,SQL Optimization,4
0.917,Issue Escalation,8,Problem Escalation,2
0.916,WebMethods Integration Server,1,webMethods Integration,1
0.916,Adobe Creative Suite,3,Adobe Suite,1
0.916,Escalation Handling,4,Escalation Procedures,1
0.916,Media Delivery,2,Media Delivery Solutions,1
0.916,Wireshark analysis,3,Wireshark packet analysis,2
0.916,Authorization,3,User Authorization,1
0.916,Mentoring Engineers,6,Engineering Mentorship,1
0.916,High-Availability Systems,1,High availability infrastructure,1
0.916,Access Point Setup,2,WiFi access point setup,1
0.916,Simulation software,2,Software Simulation,1
0.915,Log Monitoring,1,Logging & Monitoring,1
0.915,Software-Hardware Integration,1,Hardware Integration,1
0.915,Schedule Management,15,Scheduling Management,1
0.915,Workflow Automation,10,Automation workflow design,1
0.915,Mobile Testing,14,Mobile Software Testing,1
0.915,PC Troubleshooting,4,PC hardware troubleshooting,3
0.915,Procurement Management,7,Procurement,2
0.915,Magento CMS,1,WordPress CMS,1
0.915,Cloud Development,3,Cloud application development,1
0.915,REST API,169,RESTful API,65
0.915,Palo Alto,4,Palo Alto ACE,1
0.915,iOS Support,2,iOS Device Support,1
0.915,Ticket documentation,1,Ticketing system documentation,1
0.915,Functional Specification,26,Functional Design Specification,1
0.914,VMware Virtualization,24,VMware Virtualization Administration,1
0.914,MATLAB,2,MATLAB Software,1
0.914,Test Validation,1,Testing and Validation,1
0.914,System Validation,2,Computer System Validation,2
0.914,Performance Tuning,54,System Performance Tuning,1
0.914,Git Version Control,84,Git Versioning,7
0.914,Splunk,7,Splunk Analysis,1
0.913,IPsec VPN,2,IPSec VPN Configuration,1
0.913,Linux Administration,116,Unix/Linux administration,3
0.913,Software Architecture,32,Software architecture design,1
0.913,Web Testing,6,Web Application Testing,4
0.913,Web Application Architecture,2,Web Architecture,1
0.913,AWS cloud security,2,AWS security,1
0.913,Mentoring Engineers,6,Mentoring Junior Engineers,1
0.913,Security Administration,3,Security Systems Administration,1
0.913,High availability design,2,High Availability Architecture,1
0.913,POS System Integration,1,POS Integration,1
0.913,JMeter Performance Testing,2,JMeter Performance,2
0.913,Data Center Architecture,2,Data Center Design,1
0.913,Load Balancing,9,Network Load Balancing,1
0.912,Data Cleaning,10,Data cleanup,1
0.912,Layer 2 Switching,2,Layer 2/3 switching,1
0.912,Endpoint Detection Response,5,Endpoint Detection,1
0.912,Concurrency programming,2,Concurrent Programming,1
0.912,User Access Security,1,User Security,1
0.912,ERP Application Support,1,ERP software support,1
0.912,Jenkins CI,12,CI/CD Jenkins,3
0.911,Linux OS,13,Windows/Linux OS,1
0.911,Printer configuration,4,Printer Setup,2
0.911,Vue.js,51,Vue.js framework,6
0.911,SD-WAN implementation,3,SD-WAN Technology,3
0.911,Level 2 Support,6,Level 1 Support,3
0.911,High Availability Architecture,1,High availability infrastructure,1
0.911,Debugging,72,Debugging and Troubleshooting,1
0.911,AJAX,13,JavaScript AJAX,1
0.911,Service Desk,5,IT Service Desk,4
0.911,VMware Administration,5,VMware Virtualization Administration,1
0.911,Azure Cloud,51,Azure Cloud Services,8
0.911,Office 365,23,Microsoft 365,22
0.911,POS Management,1,POS System Management,1
0.910,ABAP OO,2,ABAP OOP,1
0.910,SQL Performance Tuning,5,Database Performance Tuning,5
0.910,IoT Integration,5,IoT device integration,1
0.910,L3 Support,3,L3/L4 Support,1
0.910,PowerShell Scripting,71,PowerShell,13
0.910,Supplier Relationship Management,1,Supplier Management,1
0.910,Telecommunication Systems,1,Telecom Systems,1
0.910,Technical Diagnosis,1,Technical Issue Diagnosis,1
0.910,Debugging,72,System debugging,1
0.910,SAP APO DP,1,SAP APO,1
0.909,Mobile App Architecture,2,App Architecture,1
0.909,Windows OS,38,Windows Operating System,1
0.909,MS Project,11,Microsoft Project,6
0.909,AWS Solutions Architect,5,AWS Solution Architecture,1
0.909,Access Point Setup,2,Wireless Access Point Setup,1
0.909,AWS Cloud,70,AWS Cloud Computing,1
0.909,Mobile Testing,14,Mobile App Testing,5
0.909,Flutter,37,Flutter Dart,1
0.909,Remote Diagnosis,1,Remote Diagnostics,1
0.909,WebSphere,4,IBM WebSphere,4
0.909,Elasticsearch,9,Elasticsearch Operations,1
0.909,Network Management,6,Network Management System,1
0.909,Firebase,3,Google Firebase,1
0.909,App Architecture,1,Application Architecture,1
0.908,Postman API Testing,2,Postman Testing,1
0.908,Virtual machine migration,1,VM Migration,1
0.908,System Tuning,1,System Performance Tuning,1
0.908,Video conferencing,6,Video conferencing equipment,1
0.908,Network Routing,7,Routing,5
0.908,Databricks Platform,3,Databricks Implementation,1
0.908,AWS EC2,14,AWS ECS,1
0.908,Microservices Architecture,37,Microservices implementation,1
0.908,Configuration,1,Configuration Assistance,1
0.907,System Migration,2,System Migration Planning,1
0.907,Partner Management,1,Partner Relationship Management,1
0.907,HRM systems,1,HR Management System,1
0.907,Test Strategy Development,2,Test Strategy Planning,1
0.907,Jenkins,40,Jenkins CI,12
0.907,Workshop Facilitation,10,Technical Workshop Facilitation,1
0.907,Oracle Workflow,1,Oracle Workflow Design,1
0.907,Network Architecture,7,Network Architecture Design,1
0.907,AWS Cloud Services,12,AWS Services,4
0.907,SAP BW,4,SAP BI/BW,1
0.907,Process Control Systems,1,Process Control,1
0.906,Low Voltage Maintenance,1,High Voltage Maintenance,1
0.906,Microsoft Teams,11,Microsoft Teams Administration,1
0.906,Hardware Troubleshooting,94,Desktop hardware troubleshooting,1
0.906,Banking domain,5,Retail Banking Domain,1
0.906,Debugging,72,Debugging Techniques,1
0.906,Functional Specification,26,Functional Specification Document,1
0.906,Prototyping,11,Software prototyping,2
0.906,GitHub,12,GitHub Project,1
0.906,Aruba Wireless,3,Aruba Wireless LAN,1
0.906,VoIP administration,1,VoIP Management,1
0.906,2nd Level Support,4,Third Level Support,2
0.905,IT Procurement,9,IT Infrastructure Procurement,1
0.905,Adobe Photoshop,6,Photoshop,2
0.905,IPSec VPN Configuration,1,VPN IPSec,1
0.905,Security Audits,7,Security Compliance Audits,1
0.905,Firewall Management,41,Firewall Administration,16
0.905,Stakeholder Workshops,1,Stakeholder Workshop Facilitation,1
0.905,Microservices Design,3,Microservices implementation,1
0.905,Security Access Control,1,Security Access Management,1
0.905,Network Firmware Updates,1,Firmware Updates,1
0.905,Unix/Linux,7,Unix OS,1
0.905,Mentoring Developers,1,Mentoring Junior Developers,1
0.905,HVAC Systems,1,HVAC Control Systems,1
0.905,Shared Services,1,Shared Services Operations,1
0.905,Microservices Architecture,37,Microservices Design,3
0.905,Microservices,42,Microservices Design,3
0.905,Endpoint Security,8,Endpoint Security Management,1
0.905,Azure Cloud,51,Azure Cloud Platform,1
0.905,ES6+,1,ES6,1
0.904,Data Warehouse,11,Data Warehouse Engineering,1
0.904,Stakeholder Collaboration,16,Stakeholder Coordination,11
0.904,RFP Response,3,RFI/RFP Response,1
0.904,Drupal CMS,2,WordPress CMS,1
0.904,Database Schema Design,3,Schema Design,1
0.904,IT Equipment Configuration,1,IT Equipment Setup,1
0.904,Technical Documentation,195,Documentation,23
0.904,Virtualization (VM),1,Virtualization (Hypervisor),1
0.904,NAS Storage Management,1,NAS storage,1
0.904,Sprint Planning,6,Agile sprint planning,1
0.904,Dashboard Development,27,Custom Dashboard Development,1
0.904,Virtualization,8,VM Virtualization,2
0.904,Mobile App Development,12,App Development,1
0.903,ITIL Foundation,15,ITIL 4 Foundation,1
0.903,GitHub Version Control,2,GitHub Versioning,1
0.903,GitLab,8,GitLab CI,6
0.903,WAN/LAN Networking,1,WAN/LAN design,1
0.903,WPF development,2,WPF UI development,1
0.903,Multithreading,8,Multithreaded Programming,4
0.903,LAN/WAN networking,4,LAN/WAN,4
0.903,Service integration,1,Integration Services,1
0.903,Microservices,42,Microservices implementation,1
0.902,Level 2 Support,6,Level 3 support,3
0.902,JSON,19,JSON Data,3
0.902,Web Server Administration,3,Web server management,1
0.902,WAN/LAN Configuration,1,WAN Configuration,1
0.902,UI/UX development,2,UI Development,2
0.902,Cybersecurity Training,1,Cybersecurity awareness training,1
0.902,ESXi Management,1,ESXi Administration,1
0.902,AS400 RPGLE,3,AS400 RPG,1
0.902,Redis Administration,1,Redis Management,1
0.902,MVC,21,C# MVC,1
0.902,Networking,14,Computer Networking,1
0.902,Unix/Linux administration,3,Unix/Linux Admin,1
0.902,User Acceptance Testing,70,User Acceptance Testing Support,1
0.901,Data Integrity,5,Data Integrity Management,1
0.901,AutoCAD,4,AutoCAD design,3
0.901,Mentoring Juniors,6,Junior mentorship,1
0.901,CCTV Management,3,CCTV Administration,1
0.901,Scheduling,2,Advanced Scheduling,1
0.901,Security Patching,5,Security Patch Management,2
0.901,RMA processing,1,RMA Process,1
0.901,Network topology,1,Network topology analysis,1
0.901,IBM WebSphere Application Server,1,WebSphere server,1
0.901,Responsive UI/UX,1,Responsive UI Design,1
0.901,Hive SQL,1,HiveQL,1
0.901,UI implementation,1,UI/UX Implementation,1
0.901,Oracle,15,SQL Oracle,1
0.901,SQL Performance Tuning,5,SQL Tuning,1
0.901,System Troubleshooting,19,Computer Troubleshooting,1
0.901,Appium Mobile Testing,1,Appium Testing,1
0.901,Technical Leadership,19,Technical Team Leadership,1
0.901,Functional Requirements,1,Functional requirements definition,1
0.900,SCADA Systems,5,SCADA system design,1
0.900,CRM Management,12,CRM Administration,1
0.900,Intrusion Detection,4,Intrusion Detection Systems,2
0.900,Relationship Management,1,Partner Relationship Management,1
0.900,Nutanix AHV,3,Nutanix,1
0.900,Vulkan API,1,Vulkan,1
0.900,Mandarin Language,37,English Mandarin,3
0.900,Service Level Agreement,2,Service Level Agreement Management,1
0.900,Lifecycle Manager,1,Lifecycle management,1
0.900,PHP Laravel,5,Laravel 5,1
0.900,Provisioning Services,1,Provisioning Systems,1
0.900,FortiGate,1,Fortinet FortiGate,1
0.900,Software QA processes,1,QA Processes,1
0.900,PC Hardware Repair,1,PC repair,1
0.899,SAP,9,SAP Administration,2
0.899,Spare parts logistics,1,Spare Parts Management,1
0.899,L2 Support,2,L1/L2 Support,1
0.899,Linux Scripting,4,Linux Shell Scripting,2
0.899,SAN Storage,6,SAN Storage Management,4
0.899,Excel VBA,5,VBA,4
0.899,Documentation,23,Software Documentation,8
0.899,Multithreading,8,Java multithreading,1
0.899,L1 Support,4,L1/L2 Support,1
0.899,Incident Escalation,7,Incident Escalation Management,1
0.899,Data Pipelines,11,Data Pipeline Architecture,1
0.899,Debugging,72,Software Debugging,10
0.899,Capacity Planning,39,Capacity Management,3
0.899,OS Installation,4,Windows OS Installation,2
0.899,IDS/IPS Management,4,IDS/IPS Solutions,1
0.899,SAP Configuration,11,SAP Functional Configuration,1
0.899,FinTech Knowledge,9,Banking Fintech Knowledge,1
0.898,Stakeholder Management,241,Stakeholder Analysis,1
0.898,GDPR compliance,4,GDPR Compliance Engineering,1
0.898,Second Level Support,4,Third Level Support,2
0.898,Virtualization,8,Virtualization Operations,1
0.898,Functional Documentation,5,Functional Design Documentation,1
0.898,AWS networking,1,Cloud networking AWS,1
0.898,SCCM,5,Microsoft SCCM,2
0.898,Complaint handling,1,Customer Complaint Handling,1
0.898,Front-end Performance Optimization,2,Front-end Performance,1
0.898,Laravel PHP,3,Laravel 5,1
0.898,Azure,60,Azure Cloud,51
0.898,Design Patterns,31,Design pattern application,1
0.897,LAN/WAN Administration,2,LAN Administration,1
0.897,Bash scripting,39,Shell Scripting,34
0.897,WebSockets,6,WebSockets integration,1
0.897,SDLC Management,8,SDLC Practices,1
0.897,Express.js,15,Express.js framework,1
0.897,Equipment Automation Integration,1,Equipment Automation,1
0.897,ERP Management,3,ERP Administration,1
0.897,IT Management,2,IT Staff Management,1
0.896,Linux Scripting,4,Unix scripting,2
0.896,Data Cleaning,10,Data Cleansing,5
0.896,Software Test Methodologies,1,Testing Methodologies,1
0.896,LAN/WAN networking,4,WAN/LAN design,1
0.896,Server Maintenance,14,Server Software Maintenance,1
0.896,Backup Management,16,Backup Administration,10
0.896,Sales Upselling,1,Customer Upselling,1
0.896,Windows,7,Microsoft Windows,3
0.896,WebLogic Server,4,WebLogic,3
0.896,PowerShell Scripting,71,PowerShell automation,1
0.896,Windows Administration,32,Windows system administration,1
0.896,Microsoft MCP,1,Microsoft MCITP,1
0.896,LAN/WAN,4,WAN/LAN Networking,1
0.896,Product Roadmapping,9,Product Roadmap Planning,1
0.896,Database Management,24,Database Administration,17
0.896,Server hardware,1,Server Hardware Support,1
0.896,Virtualization,8,Virtualization platforms,3
0.896,DevOps Practices,32,DevOps Methodologies,2
0.896,Game optimization,2,Game performance optimization,1
0.896,High-Availability Systems,1,High Availability Architecture,1
0.896,IPS/IDS Management,2,IPS/IDS,1
0.896,Cloud Security,28,Cloud Security Solutions,1
0.895,Incident Problem Management,1,Incident Management Process,1
0.895,Epicor,1,Epicor ERP,1
0.895,Level 3 support,3,Level 1 Support,3
0.895,Firewall,3,Network Firewall,1
0.895,HTML markup,7,HTML5 Markup,5
0.895,Jenkins CI/CD,14,Jenkins CI,12
0.895,Data Pipelines,11,Data Pipeline Design,2
0.895,Google Cloud SQL,1,Cloud SQL,1
0.895,Unix,8,Unix Systems,2
0.895,Windows OS Administration,1,OS Administration,1
0.895,Microsoft Teams Integration,1,Microsoft Teams Collaboration,1
0.895,ISO 9001 Compliance,3,ISO 14001 Compliance,1
0.895,Prototyping,11,Rapid Prototyping,3
0.895,Business Continuity,6,Business Continuity Management,1
0.895,Windows Troubleshooting,10,Windows OS Troubleshooting,1
0.895,Supplier Performance Metrics,1,Supplier Performance,1
0.895,Reporting Automation,3,Automated Reporting,2
0.894,HR Systems,1,HR Management System,1
0.894,Node.js,107,Node.js Development,15
0.894,Problem Diagnosis,3,Issue Diagnosis,1
0.894,ERP Management,3,ERP Service Management,1
0.894,iOS Development,34,iOS native development,1
0.894,Digital Signage,1,Digital signage management,1
0.894,Mobile Development,20,Mobile Application Development,4
0.894,LAN/WAN design,6,LAN/WAN networking,4
0.894,Core Banking,2,Core banking platforms,1
0.894,Wireless LAN,5,LAN/Wireless networking,1
0.894,LAN/WAN Management,5,LAN/WAN Administration,2
0.894,Microservices,42,Microservices Architecture,37
0.894,HPUX,1,HPUX OS,1
0.894,Responsive Design,58,Responsive Web Design,5
0.894,Qlik,3,Qlik BI,1
0.894,AWS Cloud Services,12,AWS Cloud Computing,1
0.894,Cantonese Language,10,Cantonese Mandarin,1
0.893,LAN/WAN design,6,WAN/LAN Networking,1
0.893,Router Configuration,15,Cisco Router Configuration,2
0.893,LAN/WAN Configuration,1,WAN Configuration,1
0.893,Commissioning,2,Commissioning activities,1
0.893,Network Optimization,3,Network performance optimization,2
0.893,Linux,40,Linux (Ubuntu),1
0.893,Campaign Management,3,Marketing Campaign Management,1
0.893,Virtual Desktop,1,Desktop Virtualization,1
0.893,Laptop hardware support,1,Laptop Support,1
0.893,eCommerce catalogue management,1,E-commerce Catalog Management,1
0.893,LAN/WAN networking,4,LAN networking,2
0.893,Data Center Architecture,2,Data Center Infrastructure,1
0.893,SAP HANA,10,SAP HANA DBA,1
0.893,T-SQL,16,T-SQL Queries,1
0.893,IDS/IPS Management,4,IPS/IDS,1
0.893,Network LAN/WAN,1,LAN/WAN Configuration,1
0.892,Elasticsearch Operations,1,Elasticsearch Engine,1
0.892,DevOps Practices,32,DevOps Strategy,1
0.892,Multi-tier Architecture,2,N-tier Architecture,1
0.892,FMEA Methodology,1,FMEA Analysis,1
0.892,Clinical Laboratory Expertise,1,Clinical Laboratory Knowledge,1
0.892,Network Design,23,Network Architecture Design,1
0.892,Bash,4,Bash Shell,1
0.892,Google Cloud Platform,28,Google Cloud,11
0.892,Audit Trail Monitoring,1,Audit Trail Analysis,1
0.892,Struts,2,Struts 2,1
0.892,SAP Integration,12,SAP SD Integration,1
0.892,Data Integrity,5,Data Integrity Constraints,1
0.892,High Pressure Management,1,Pressure Management,1
0.892,Object-Oriented Programming,54,Object-Oriented Design,15
0.892,Service Delivery,6,Service Delivery Management,3
0.892,Microsoft Navision,2,MS Navision,1
0.892,IDoc Processing,1,IDoc Handling,1
0.892,Service Desk Ticketing,1,Service Ticketing,1
0.892,SIEM Management,7,SIEM Administration,6
0.892,SDWAN design,2,SDWAN Configuration,2
0.892,RESTful API Integration,6,RESTful Integration,1
0.891,User Story Development,5,User story creation,1
0.891,E-commerce Platforms,3,E-commerce Platform Support,1
0.891,AWS Services,4,AWS data services,2
0.891,Windows OS Support,11,Windows Support,4
0.891,Unix,8,Linux/Unix,5
0.891,WebLogic,3,WebLogic Portal,1
0.891,SharePoint Administration,8,Salesforce Administration,5
0.891,LabView automation,1,LabVIEW programming,1
0.891,OCR,1,OCR reading,1
0.891,Access Control,10,User Access Control,2
0.891,UiPath,12,UiPath Studio,1
0.891,L3 Support,3,L3 Technical Support,1
0.891,Ticketing System,82,Ticketing System Support,1
0.891,Software Testing Methodologies,1,Testing Methodologies,1
0.891,Intune Management,1,Intune Administration,1
0.891,L2/L3 Support,2,L1/L2 Support,1
0.891,HRMS administration,1,HRMS,1
0.891,Third-Party Risk Assessment,2,Third-Party Risk,1
0.891,Social Network API,1,Social Media API,1
0.891,Oracle WebLogic,4,WebLogic,3
0.891,IDS/IPS Management,4,IDS/IPS,4
0.891,VOIP implementation,1,VoIP protocols,1
0.891,Cloud Development,3,Cloud-first Development,1
0.891,VMware Administration,5,VMware Hypervisor Administration,1
0.890,OS Troubleshooting,2,Windows OS Troubleshooting,1
0.890,IDS/IPS,4,IDS/IPS configuration,2
0.890,SAP,9,SAP CO,3
0.890,Observability Tools,1,Observability engineering,1
0.890,Splunk Analysis,1,Splunk monitoring,1
0.890,Security Management,5,Security Operations Management,1
0.890,PC Hardware,1,Computer Hardware,1
0.890,Database Design,18,Relational Database Design,4
0.890,Linux/Unix,5,Unix OS,1
0.890,Docker containers,43,Docker Containerization,3
0.890,DevOps Methodologies,2,DevOps Strategy,1
0.890,OpenShift,4,OpenShift Platform,3
0.890,CRM Management,12,CRM,5
0.890,WAN/LAN Configuration,1,WAN/LAN design,1
0.890,Cisco Firewall,3,Cisco Firewall Configuration,1
0.890,Unix,8,Unix/Linux,7
0.890,WAN/LAN Networking,1,WAN/LAN Configuration,1
0.890,Storage Management,7,Data Storage Management,1
0.890,SASS,2,SASS/SCSS,2
0.890,Observability engineering,1,Observability Practices,1
0.890,Design for Manufacturing,1,Manufacturing process design,1
0.890,VMware Virtualization,24,VMware,7
0.890,SQL Query Optimization,6,Query Optimization,6
0.890,Site Survey Analysis,1,Site Survey,1
0.890,Project Management,295,Software Project Management,3
0.890,Linux/Unix scripting,2,Linux Shell Scripting,2
0.889,Data Storage,5,Data Storage Management,1
0.889,Procurement Management,7,Procurement Strategy,1
0.889,SAP Project Systems,2,SAP Project Implementation,1
0.889,Mobile App Testing,5,Mobile Software Testing,1
0.889,Process Design,8,Process Flow Design,1
0.889,SCCM,5,SCCM administration,1
0.889,Hardware diagnostics,10,Laptop hardware diagnostics,1
0.889,Digital Media Production,1,Media Production,1
0.889,Functional Specification,26,Functional Specification Writing,1
0.889,Monitoring Automation,1,Automated Monitoring,1
0.889,System Programming,1,system-level programming,1
0.889,Ticket Management,12,Trouble Ticket Management,1
0.889,Software Testing,51,Software testing process,1
0.889,Router Management,1,Router Administration,1
0.889,Power Automate,23,MS Power Automate,1
0.889,Telecommunications,3,Industrial telecommunications,1
0.889,Bahasa Malaysia,11,Bahasa Indonesia,1
0.889,Web Development,35,Web Application Development,15
0.888,Splunk,7,Splunk monitoring,1
0.888,LAN/WAN Administration,2,WAN/LAN Management,2
0.888,macOS Support,6,Mac OS support,1
0.888,Software Debugging,10,System debugging,1
0.888,CMS Management,1,CMS administration,1
0.888,Device driver development,2,Hardware driver development,1
0.888,MSSQL,45,MSSQL database,5
0.888,ISO 22301,1,ISO 37001,1
0.888,Firmware Upgrade Management,1,Firmware upgrade,1
0.888,DNS/DHCP services,1,DNS/DHCP,1
0.888,Unix/Linux Admin,1,Linux System Admin,1
0.888,JAMF Administration,1,JAMF Management,1
0.888,AWS ECS/EKS,1,AWS ECS,1
0.888,Hardware Repair,5,PC Hardware Repair,1
0.888,Supplier Performance Assessment,1,Supplier Performance,1
0.888,High availability design,2,High-Availability Systems,1
0.888,PCI DSS,8,PCI PA-DSS,1
0.888,Data Protection Compliance,1,Data Compliance,1
0.888,Access Control Systems,3,Access Control Management,2
0.888,Subnetting,3,IP Subnetting,1
0.888,IP Network Configuration,1,IP Configuration,1
0.888,Electronic circuit analysis,1,Electrical circuit analysis,1
0.888,IPS/IDS Management,2,IDS/IPS Solutions,1
0.888,Azure services,2,Azure App Service,1
0.888,Docker containers,43,Docker containerisation,1
0.888,WAN/LAN Networking,1,LAN/WAN Configuration,1
0.888,Cloud Platforms,5,Cloud data platforms,2
0.888,Digital Workplace Design,1,Digital Workplace Architecture,1
0.888,SIEM implementation,2,SIEM Analysis,1
0.887,Performance Monitoring,25,System Performance Monitoring,2
0.887,Project Delivery,7,Project Delivery Management,1
0.887,High Availability,14,High availability infrastructure,1
0.887,SAP,9,SAP PS,2
0.887,Supplier Performance Assessment,1,Supplier Performance Metrics,1
0.887,OAuth,5,OAuth authentication,3
0.887,OS Installation,4,Linux OS installation,1
0.887,LAN/WAN Configuration,1,WAN/LAN design,1
0.887,DHCP,4,DHCP services,1
0.887,Digital Workplace Design,1,Digital Workplace,1
0.887,IT Compliance,2,IT Compliance Management,1
0.887,Audits Compliance,2,Security Compliance Audits,1
0.887,GitHub Actions CI,1,CI/CD GitHub Actions,1
0.887,Software Debugging,10,Application debugging,2
0.887,IT team leadership,1,IT Leadership,1
0.887,Cloud Infrastructure,14,Cloud Infrastructure Support,1
0.887,Oracle Cloud,1,Oracle ERP Cloud,1
0.887,Mentoring Developers,1,Junior developer mentoring,1
0.887,SAP Implementation,6,SAP Project Implementation,1
0.887,IDS/IPS,4,IDS/IPS Solutions,1
0.887,Hardware Support,12,PC Hardware Support,1
0.887,Access Control,10,Security Access Control,1
0.887,Payment Gateway Integration,5,Payment Gateway,1
0.887,Software Delivery Management,1,Software Delivery,1
0.886,Configuration Management,27,Software Configuration Management,1
0.886,Software Debugging,10,Debugging Techniques,1
0.886,Network Maintenance,4,Network Equipment Maintenance,1
0.886,Patch Management,25,Security Patch Management,2
0.886,CMDB Management,4,CMDB,1
0.886,Security Risk Assessment,4,Security Risk Analysis,1
0.886,UI/UX Design,43,UI Design,7
0.886,Onsite Support,12,Onsite Technical Support,1
0.886,Cybersecurity Practices,4,Cybersecurity Best Practices,1
0.886,Second Line Support,2,3rd Line Support,1
0.886,Application Management,1,Business Application Management,1
0.886,Safety Compliance,13,Safety Regulations,1
0.886,SDLC,41,Full SDLC,1
0.886,SQL Query Optimization,6,query optimisation,1
0.886,IDS/IPS configuration,2,IPS/IDS,1
0.886,Bahasa Malaysia,11,English Bahasa Malaysia,1
0.886,Software Project Management,3,Project Management Software,2
0.886,LAN/WAN Troubleshooting,4,WAN Troubleshooting,1
0.886,Vulnerability Assessment,26,Data Vulnerability Assessment,1
0.886,DevOps,34,DevOps Engineering,1
0.886,Debugging,72,Issue Debugging,1
0.886,Process Control,1,Process Control Engineering,1
0.886,Network LAN/WAN,1,WAN/LAN Configuration,1
0.886,Huawei Cloud,2,Huawei Cloud Operations,1
0.886,IT Device Deployment,1,IT hardware deployment,1
0.886,AWS Redshift,1,Amazon Redshift,1
0.886,Virtualization,8,Virtualization (Hypervisor),1
0.886,Power Automate,23,Microsoft Power Automate,1
0.885,Data Quality,7,Data quality analysis,1
0.885,Layer 2 Switching,2,Layer 3 Switching,1
0.885,Payment Gateway Integration,5,Payment Integration,2
0.885,Web Performance Optimization,7,Web Performance,2
0.885,Azure Administration,5,Azure Administrator,1
0.885,UI Testing,3,Automated UI Testing,1
0.885,Escalation Management,5,Escalation Handling,4
0.885,Software Patching,2,System Patching,1
0.885,Knowledge Base Management,7,Knowledge Base,6
0.885,Data Archival,1,Database archival,1
0.885,Splunk monitoring,1,Splunk Logging,1
0.885,AWS CloudWatch,1,CloudWatch,1
0.885,Routing,5,IP routing,2
0.885,Asset inventory,2,Asset Inventory Control,1
0.885,Update Set Deployment,1,Change Set Deployment,1
0.885,Distributed Systems,11,Distributed Systems Design,2
0.885,Data Encryption,3,Encryption,1
0.885,Mentorship,2,Junior mentorship,1
0.885,Code Refactoring,5,Software refactoring,1
0.885,License Management,6,Software License Management,4
0.885,Debugging,72,Code Debugging,2
0.885,Caching mechanisms,1,Caching Technologies,1
0.885,Encryption,1,Encryption techniques,1
0.884,ASP.NET,52,ASP.NET C#,1
0.884,Microsoft PowerPoint,18,Advanced PowerPoint,1
0.884,CISM Certification,10,CISA Certification,9
0.884,ERP System Support,3,ERP Application Support,1
0.884,Sketch,2,Sketching,1
0.884,Active Directory,83,Active Directory Management,4
0.884,Windows system administration,1,Windows OS Administration,1
0.884,Procurement,2,Procurement Applications,1
0.884,Database Backup,6,Database Backup Management,1
0.884,WAN/LAN Networking,1,WAN/LAN Engineering,1
0.884,Organizational Change Management,1,Organizational Change,1
0.884,Containerization,4,Containerization platforms,1
0.884,Test Automation,66,Test Automation Architecture,1
0.884,Mentorship,2,Team mentorship,1
0.884,Splunk,7,Splunk SOAR,1
0.884,IDS/IPS Solutions,1,IPS/IDS,1
0.884,AI Model Deployment,3,AI Deployment,1
0.884,Ticket Management,12,Ticketing System Management,2
0.884,Network Routing,7,IP routing,2
0.884,WAN Design,3,WAN/LAN design,1
0.884,First-Level Troubleshooting,1,Level 1 Troubleshooting,1
0.884,Ticketing System,82,Ticketing System Administration,1
0.884,Linux operating system,1,Windows/Linux OS,1
0.884,Salesforce Integration,5,SharePoint Integration,2
0.884,B2B Sales,1,B2B SaaS Sales,1
0.884,FinTech Knowledge,9,FinTech Expertise,2
0.883,Cloud security (AWS),1,AWS security,1
0.883,Apache,5,Apache server,1
0.883,Oracle DB,2,SQL Oracle,1
0.883,ES6 JavaScript,1,JavaScript ES5,1
0.883,SAP IBP implementation,1,SAP IBP,1
0.883,Webpack,10,Webpack configuration,1
0.883,VMware Hypervisor,1,VMware Hypervisor Administration,1
0.883,Test Script Development,9,Test Script Design,1
0.883,Schematic Design,1,Schema Design,1
0.883,RFP Preparation,1,RFQ/RFP Preparation,1
0.883,Web Development,35,Website development,2
0.883,Technical Delivery Management,1,Technical Delivery,1
0.883,AutoCAD design,3,AutoCAD software,1
0.883,JavaScript ES6,8,JavaScript ES5,1
0.883,Mobile Development,20,Mobile-First Development,2
0.883,Progress Monitoring,1,Progress Tracking,1
0.883,AWS Cloud,70,AWS Cloud Services,12
0.883,User Access Management,7,User Access Control,2
0.882,Oscilloscope operation,1,Oscilloscope Use,1
0.882,Incident Management,162,Incident response management,1
0.882,Digitalization Engineering,1,Digitalization Technologies,1
0.882,Backup & Recovery,17,Data backup and recovery,1
0.882,Server hardware,1,Server Hardware Replacement,1
0.882,SAP S/4HANA,26,SAP BW/4HANA,1
0.882,Microsoft Office,52,Microsoft Office Suite,5
0.882,CCTV Surveillance,1,CCTV Security,1
0.882,User Access Management,7,Access Management,2
0.882,SAP HANA,10,SAP HANA Cloud,1
0.882,Infrastructure Design,2,Infrastructure Architecture,1
0.882,Security Compliance,17,Information Security Compliance,2
0.882,LAN/WAN networking,4,LAN/WAN Configuration,1
0.882,Jira Service Management,1,Jira Management,1
0.882,Network Configuration,29,IP Network Configuration,1
0.882,Advanced Process Control,2,Process Control,1
0.882,Project Coordination,60,Global project coordination,1
0.882,Remote Support,37,Remote Technical Support,1
0.882,Data Quality Assurance,16,Data quality analysis,1
0.882,Network Firewall,1,Network Firewall Configuration,1
0.882,Integration Testing,39,Unit integration testing,1
0.882,PC Setup,1,Computer setup,1
0.882,Incident Ticket Management,2,Incident Ticketing,1
0.882,Hardware Support,12,IT hardware support,1
0.882,Stakeholder facilitation,1,Stakeholder Workshop Facilitation,1
0.881,Enterprise Security,1,Enterprise Security Architecture,1
0.881,Linux,40,Linux operating system,1
0.881,CSS3,35,HTML5 CSS3,3
0.881,SAP SD,10,SAP,9
0.881,IT Inventory Management,3,IT inventory control,1
0.881,SAP API,1,SAP API Management,1
0.881,Machine Learning,50,Machine Learning Algorithms,1
0.881,UI Design,7,UX/UI Design,4
0.881,Performance Optimization,69,System Performance Optimization,2
0.881,Cloud cost optimization,2,Cloud Optimization,1
0.881,Data Warehouse Design,4,Data Warehouse Engineering,1
0.881,Change Management,118,Organizational Change Management,1
0.881,Backup and Recovery,20,Data backup and recovery,1
0.881,Design Patterns,31,Software Design Patterns,2
0.881,Responsive Design,58,Responsive UI Design,1
0.881,Printer Administration,2,Printer Management,1
0.881,Sales Support,2,Sales technical support,1
0.881,LAN Administration,1,LAN Management,1
0.881,Knowledge Base,6,Knowledge Base Creation,2
0.881,Automation,12,System automation,1
0.880,Vlookup,1,VLOOKUP Functions,1
0.880,Advanced Scheduling,1,Flexible Scheduling,1
0.880,Business Process Reengineering,1,Process Reengineering,1
0.880,Operating System Installation,2,Windows OS Installation,2
0.880,Troubleshooting,115,Technical Troubleshooting,34
0.880,GitHub Actions,3,GitHub Actions CI,1
0.880,VMware,7,VMware ESXi,3
0.880,Scrum,26,Scrum Master,5
0.880,Vendor Coordination,15,IT Vendor Coordination,1
0.880,Oracle Database,51,SQL Oracle,1
0.880,Data Center Operations,7,Data centre management,1
0.880,Citrix Virtual Apps,3,Citrix Virtualization,1
0.880,Job Scheduling,2,Scheduling,2
0.880,SCADA Systems,5,SCADA,3
0.880,VBScript,2,VB scripting,1
0.880,Access Control,10,Access Control Systems,3
0.880,Splunk Enterprise,1,Splunk administration,1
0.880,Stakeholder Management,241,Stakeholder Collaboration,16
0.880,Schedule Management,15,Schedule control,1
0.880,LAN/WAN design,6,LAN/WAN Configuration,1
0.880,Service reliability,1,Service Reliability Engineering,1
0.880,Functional Specification Design,1,Functional Specification Writing,1
0.880,Electrical Safety,1,Electrical Safety Compliance,1
0.880,SAP Basis,2,SAP Technical Basis,1
0.880,High availability design,2,High availability infrastructure,1
0.879,LAN/WAN networking,4,WAN/LAN Engineering,1
0.879,Roadmap Development,3,Roadmap Planning,2
0.879,Data Warehouse,11,Production Data Warehouse,1
0.879,Debugging and Troubleshooting,1,Issue Debugging,1
0.879,Process Automation,24,Business Process Automation,2
0.879,Service Reporting,4,Service Level Reporting,1
0.879,Functional Design,1,Functional Design Specification,1
0.879,SaaS Solutions,1,SaaS Solution Expertise,1
0.879,Firmware upgrade,1,Firmware Updates,1
0.879,Server Administration,45,Server Management,9
0.879,Kubernetes,69,Kubernetes Administration,2
0.879,Technical Documentation,195,Technical Design Documentation,3
0.879,Test Automation,66,Test Automation Scripting,1
0.879,IoT Solutions,3,IoT,2
0.879,Backup Management,16,Data Backup Management,2
0.879,Global Team Leadership,1,Global Team Management,1
0.878,Microsoft Teams,11,Microsoft Teams Collaboration,1
0.878,Security Monitoring,20,Security Controls Monitoring,1
0.878,Hardware diagnostics,10,IT Hardware Diagnostics,1
0.878,GCP Cloud,9,GCP,8
0.878,Git Version Control,84,GitHub Version Control,2
0.878,SD-WAN,9,SD-WAN Technology,3
0.878,VMware Hypervisor Administration,1,VMware Virtualization Administration,1
0.878,Mobile Device Management,5,Device Management,1
0.878,Authentication,4,authentication implementation,1
0.878,AWS Cloud Architecture,2,AWS Cloud Computing,1
0.878,Blueprint Development,1,Blueprint Workshop,1
0.878,Third-Party Risk,1,Third-Party Risk Management,1
0.878,API Integration,58,Web API Integration,2
0.878,Mentorship,2,Mentorship & Coaching,1
0.878,Security Controls Design,2,Security Controls Implementation,1
0.878,Mobile Development,20,Mobile App Development,12
0.878,Multi-Factor Authentication,3,Two-Factor Authentication,1
0.878,AWS SageMaker,2,Amazon SageMaker,1
0.878,Inventory Management,27,Inventory Control,2
0.878,Process Improvement,75,Business Process Improvement,6
0.878,Event-driven architecture,6,Event-Driven Design,1
0.878,Security Operations,4,Security Operations Management,1
0.878,Bilingual English Mandarin,8,English Mandarin,3
0.877,POS System Management,1,POS system maintenance,1
0.877,AWS,76,AWS ECS,1
0.877,Budget Management,50,Budget Control,4
0.877,Software Documentation,8,SharePoint documentation,1
0.877,Automation,12,Automation Engineering,1
0.877,Linux OS,13,Linux (Ubuntu),1
0.877,Third-Party Risk Assessment,2,Third-Party Risk Management,1
0.877,RESTful API,65,RESTful API Design,3
0.877,IDS/IPS,4,IPS/IDS Management,2
0.877,Escalation Management,5,Escalation Procedures,1
0.877,IBM WebSphere,4,IBM WebSphere Application Server,1
0.877,WAN/LAN Engineering,1,WAN/LAN design,1
0.877,Software Licensing,2,Software Licensing Management,2
0.877,Basic networking,2,Network Basics,2
0.877,Business Process Modeling,21,Process Modeling,15
0.877,CMake build,1,C++ CMake,1
0.876,Android Development,43,Android native development,2
0.876,BPMN Modeling,6,BPM Modeling,1
0.876,Hybrid Cloud Architecture,2,Hybrid Cloud,2
0.876,Impact Analysis,9,Impact Assessment,1
0.876,Routing,5,Routing configuration,2
0.876,ROS1,1,ROS2,1
0.876,ERP Support,12,ERP Application Support,1
0.876,SolarWinds monitoring,3,Network monitoring SolarWinds,1
0.876,Cloud Infrastructure,14,Cloud Infrastructure Design,1
0.876,Procurement Process,4,Procurement,2
0.876,VMware Horizon VDI,1,VMware Horizon,1
0.876,WebSphere,4,WebSphere server,1
0.876,SAP FICO Configuration,1,SAP FICO Integration,1
0.876,B2B SaaS Sales,1,B2B SaaS,1
0.876,Threat Intelligence,11,Threat intelligence analysis,5
0.876,Quality Assurance,68,Quality Assurance Processes,1
0.876,POS Management,1,POS System Administration,1
0.876,LAN/WAN Troubleshooting,4,LAN troubleshooting,1
0.876,ASP.NET MVC,26,MVC,21
0.876,Business Continuity Planning,8,Business Continuity Management,1
0.876,Unix,8,Unix OS,1
0.876,Bitbucket,1,BitBucket Repository,1
0.876,SAP,9,SAP BW,4
0.875,System Center,1,Microsoft System Center,1
0.875,LAN/WAN design,6,WAN Design,3
0.875,Cost Optimization,11,IT Cost Optimization,1
0.875,Confluence,24,Confluence Collaboration,1
0.875,Splunk,7,Splunk SIEM,2
0.875,Security Risk Assessment,4,Security Assessment,3
0.875,Database Tuning,5,SQL Tuning,1
0.875,GitLab CI/CD,10,GitLab CI,6
0.875,Microsoft PowerPoint,18,PowerPoint Presentation,3
0.875,GitHub CI/CD,1,CI/CD GitHub Actions,1
0.875,LAN/WAN networking,4,WAN/LAN Configuration,1
0.875,SharePoint,15,MS SharePoint,1
0.875,Microsoft 365 Administration,11,Microsoft 365 admin,2
0.875,Operations Management,3,Operations Administration,1
0.875,ISO 9001,2,ISO 14001,2
0.875,Swift,26,iOS Swift,1
0.875,Hardware Troubleshooting,94,Server Hardware Troubleshooting,5
0.875,Data Privacy Compliance,6,Data Compliance,1
0.875,Product analytics,2,Analytics Product Development,1
0.875,Ansible,9,Ansible Playbooks,1
0.875,Client Relationship Management,15,Client Relationship,2
0.875,Generative AI prompting,1,Generative AI Prompt Engineering,1
0.874,High Availability,14,High availability design,2
0.874,Data Warehouse Design,4,Data Warehouse Modeling,1
0.874,Unix Shell Scripting,13,Linux/Unix scripting,2
0.874,Logging,2,Logging & Monitoring,1
0.874,Disaster Recovery,54,Disaster Recovery Planning,12
0.874,Data Quality Assurance,16,Data Quality Management,10
0.874,Audit Management,3,Audit & Risk Management,1
0.874,LAN/WAN design,6,WAN/LAN Configuration,1
0.874,Procurement,2,Procurement Strategy,1
0.874,TensorFlow,17,Machine Learning TensorFlow,1
0.874,Scheduling,2,Technical Scheduling,1
0.874,Group Policy Management,4,Group Policy,4
0.874,High Availability,14,High-Availability Systems,1
0.874,SAP PI/PO,5,SAP PI,1
0.874,Application Development,10,App Development,1
0.874,SAP,9,SAP FI,7
0.874,Data Center Operations,7,Data Center Architecture,2
0.874,HRM systems,1,HRMS administration,1
0.874,Data Center Operations,7,Data Center Infrastructure,1
0.874,IT Equipment Setup,1,IT Equipment Installation,1
0.874,Project Coordination,60,IT Project Coordination,2
0.874,Endpoint Protection,10,Endpoint Security,8
0.874,System Troubleshooting,19,Problem Troubleshooting,4
0.874,Shopify Development,1,Shopify Theme Development,1
0.874,POS Systems,6,POS System Management,1
0.874,Data Backup,14,Data Backup Management,2
0.874,Microsoft Dynamics AX,1,MS Dynamics AX,1
0.874,GUI Automation,2,UI Automation,1
0.874,IT Staff Management,1,IT Staff Leadership,1
0.874,Manufacturing processes,2,Manufacturing process design,1
0.874,Functional Specification Document,1,Functional Specification Writing,1
0.874,Database Replication,1,Data Replication,1
0.874,Automation,12,Intelligent Automation,1
0.873,Physical Security Management,2,Physical Security,1
0.873,SECS-GEM integration,1,SECS/GEM interface,1
0.873,Remote Desktop,11,Remote Desktop Support,4
0.873,Scheduling Management,1,Advanced Scheduling,1
0.873,SOC1 Review,1,SOC2 Review,1
0.873,Proposal Development,7,Proposal Management,2
0.873,CCTV Management,3,CCTV Operations,1
0.873,Mentoring junior staff,1,Junior mentorship,1
0.873,SSL Certificates,1,SSL/TLS certificates,1
0.873,SAP MM,14,SAP SD/MM,1
0.873,OS Patch Management,1,OS Patching,1
0.873,Apache Tomcat,11,Tomcat server,2
0.873,UX Research Methods,1,UX research,1
0.873,Agile Development,91,Agile Environment,1
0.873,Patch Management,25,OS Patch Management,1
0.873,Stakeholder Management,241,Stakeholder Coordination,11
0.873,Bilingual English Chinese,3,English Mandarin Bilingual,1
0.873,24x7 Shift Support,1,24x7 Shift,1
0.873,Firewall Configuration,30,Cisco Firewall Configuration,1
0.873,Office 365,23,Office 365 Suite,1
0.873,Component Integration Testing,1,Component testing,1
0.873,KPI Monitoring,6,KPIV Monitoring,1
0.873,Kubernetes,69,Kubernetes Management,1
0.873,PostgreSQL,68,PostgreSQL database,10
0.873,SQL Querying,49,Database Querying,1
0.872,Threat intelligence analysis,5,Threat Analysis,5
0.872,SAP,9,SAP Finance,2
0.872,High availability design,2,High Availability Configuration,1
0.872,CMMI Implementation,1,CMMI Process,1
0.872,Business Process Management,2,process management,1
0.872,Web Security,5,Web Application Security,2
0.872,IT Staff Leadership,1,IT Leadership,1
0.872,DNS/DHCP,1,DNS/DHCP administration,1
0.872,Manufacturing Systems,2,Manufacturing system management,1
0.872,Encryption Technologies,2,Encryption,1
0.872,Model Optimization,1,Optimization Modeling,1
0.872,Dashboard Development,27,Dashboard Creation,1
0.872,Business Requirements Gathering,10,Business Requirements,2
0.872,Hadoop,13,Hadoop Hive,1
0.872,Network Troubleshooting,111,Network Hardware Troubleshooting,1
0.872,VOIP Integration,2,VOIP implementation,1
0.872,SonarQube analysis,1,SonarQube static analysis,1
0.872,Cloud-native development,3,Cloud-native Architecture,2
0.872,Message Queues,4,Message Queuing,2
0.872,Fastlane,2,Fastlane CI,1
0.872,Windows Server Admin,2,Windows Admin,1
0.872,LAN/WAN design,6,WAN/LAN Engineering,1
0.872,AI Coding Assistants,2,AI Assistants,1
0.872,Linux operating system,1,Linux (Ubuntu),1
0.872,Server-Side Rendering,1,Client-Side Rendering,1
0.872,Security Management,5,Security Access Management,1
0.871,SQL Database,42,Database,1
0.871,Marketing Analytics,2,Digital Marketing Analytics,1
0.871,Vendor liaison,7,Supplier Liaison,3
0.871,SQL Relational Databases,1,Relational SQL,1
0.871,Change Transport Management,1,Transport Management,1
0.871,Relational Database Design,4,relational database implementation,1
0.871,Network Monitoring,35,Network Security Monitoring,5
0.871,Storyboard,1,Storyboarding,1
0.871,Database Management,24,Relational Database Management,1
0.871,IT Service Management,40,IT Management,2
0.871,Network Protocols,8,Communication protocols,1
0.871,TCP/IP Networking,23,TCP/IP,18
0.871,Network Management,6,Network Operations Management,1
0.871,Azure Solution Architecture,1,Azure Architecture,1
0.871,SAP Integration,12,SAP ERP Integration,1
0.871,IT Compliance,2,IT Security Compliance,2
0.871,VM Virtualization,2,Virtualization (Hypervisor),1
0.871,Vendor Management,130,Vendor Master Management,1
0.871,Service Desk,5,Service Desk Management,3
0.871,Agile Scrum,96,Scrum,26
0.871,Windows Server Administration,25,Windows Server Admin,2
0.871,Cost Reduction,2,Cost Reduction Initiatives,1
0.871,PostgreSQL,68,PostgreSQL SQL,1
0.871,Cloud Security,28,Cloud Infrastructure Security,1
0.871,Dynamics 365 Business Central,3,Microsoft Dynamics Business Central,2
0.871,Software Architecture,32,Application Architecture,1
0.870,Troubleshooting,115,System Troubleshooting,19
0.870,Stakeholder Collaboration,16,Stakeholder facilitation,1
0.870,Storage systems,1,Storage System Management,1
0.870,VOIP implementation,1,VoIP Management,1
0.870,High Availability Architecture,1,High Availability Configuration,1
0.870,CRM,5,Salesforce CRM,4
0.870,CRM Management,12,CRM systems,2
0.870,Enterprise Architecture,12,enterprise application architecture,1
0.870,Access Management,2,Access Rights Management,1
0.870,SDLC Methodologies,3,SDLC Implementation,1
0.870,ERP Systems,14,ERP System Administration,1
0.870,.NET MVC,2,ASP.NET MVC5,1
0.870,Sales Strategy,2,Strategic Sales Planning,1
0.870,Distributed database design,1,distributed databases,1
0.870,LAN networking,2,LAN/Wireless networking,1
0.870,Client Consulting,3,Consulting Services,2
0.870,Requirements Elicitation,3,Business Requirements Elicitation,1
0.870,Cisco Firewall Configuration,1,Network Firewall Configuration,1
0.870,RFP Management,2,RFP Development,1
0.870,Avaya VoIP,1,AVAYA Telephony,1
0.870,T-SQL Queries,1,SQL T-SQL,1
0.870,SAS,5,SASS,2
0.869,Contract Management,14,Contract Administration,2
0.869,AWS RDS,6,Amazon RDS,1
0.869,Test Automation,66,Automated Testing,32
0.869,MxTest,1,MxTest automation,1
0.869,Printer Setup,2,Printer Driver Setup,1
0.869,Windows Administration,32,Windows OS Administration,1
0.869,WAN Design,3,WAN Implementation,1
0.869,Documentation Writing,10,Documentation Preparation,5
0.869,Ansible Automation,33,Ansible,9
0.869,AIX Unix,1,IBM AIX,1
0.869,PC Troubleshooting,4,Computer Troubleshooting,1
0.869,Job Scheduling,2,Workforce Scheduling,1
0.869,Threat Analysis,5,Threat Modeling,3
0.869,Azure services,2,Azure Data Services,1
0.869,Software Development,27,Software development process,1
0.869,Azure Monitor,2,Azure Monitoring,1
0.869,Bilingual English Mandarin,8,Bilingual English Chinese,3
0.869,Shell Scripting,34,Unix scripting,2
0.869,User Acceptance Testing,70,Testing & Acceptance,1
0.869,Observability Tools,1,Observability Practices,1
0.869,Network LAN/WAN,1,WAN/LAN design,1
0.869,Exchange Server,3,Exchange Server Management,1
0.869,SDWAN Configuration,2,SDWAN Deployment,1
0.869,Software Debugging,10,Code Debugging,2
0.869,Git Versioning,7,GitHub Versioning,1
0.869,Cost Modeling,1,Financial Cost Modeling,1
0.869,Equipment Installation,2,IT Equipment Installation,1
0.869,Parallel programming,1,parallel computing,1
0.869,PCI DSS compliance,5,PCI Compliance,1
0.869,MongoDB,54,MongoDB Administration,3
0.869,SAP BW/4HANA,1,SAP S/4HANA SD,1
0.868,User Account Management,11,User Management,1
0.868,2nd Level Support,4,Level 1 Support,3
0.868,Data Backup and Restoration,1,Data backup and recovery,1
0.868,Quality Assurance,68,Quality Assurance Testing,1
0.868,Router Configuration,15,WiFi Router Configuration,1
0.868,Stakeholder Communication,114,Stakeholder Presentation,3
0.868,Cisco Router Configuration,2,Network Router Configuration,1
0.868,Telephony systems,4,Cisco Telephony Systems,1
0.868,SAP,9,SAP BO,1
0.868,Mentoring,5,Coaching and Mentoring,2
0.868,24/7 Shift Operations,1,24/7 Shift,1
0.868,Team mentorship,1,Mentorship & Coaching,1
0.868,DHCP,4,DHCP Configuration,4
0.868,Design Patterns,31,Architectural Design Patterns,1
0.868,Mobile Development,20,Mobile game development,2
0.868,Network topology analysis,1,Network topology identification,1
0.868,CA1C Certification,1,CA2C Certification,1
0.868,Security Controls Implementation,1,Security Controls,1
0.868,ISO 14001,2,ISO 37001,1
0.868,Audit Coordination,4,IT Audit Coordination,1
0.868,Scheduling,2,Flexible Scheduling,1
0.868,Server Administration,45,Windows Server Administration,25
0.868,HR Payroll Integration,1,Payroll Integration,1
0.867,Construction Management,2,Building Management,1
0.867,Figma Design,2,Figma UI Design,2
0.867,Angular,93,Angular 13,2
0.867,Territory Management,2,Territory Planning,1
0.867,Splunk,7,Splunk Logging,1
0.867,Security Patching,5,Vulnerability Patching,1
0.867,Stakeholder Management,241,Stakeholder facilitation,1
0.867,Windows Server Administration,25,Windows Server Management,1
0.867,Trend Analysis,4,Market trend analysis,2
0.867,Project Management,295,Project Management Methodology,1
0.867,Process Engineering,1,Process Control Engineering,1
0.867,Product Information Management,1,Product Data Management,1
0.867,Dart,9,Flutter Dart,1
0.867,Firewall Administration,16,Firewall,3
0.867,Power Apps,15,Power Apps Integration,1
0.867,Backend Integration,3,Backend Systems Integration,1
0.867,Technical Documentation,195,SharePoint documentation,1
0.867,IDS/IPS Management,4,IDS/IPS configuration,2
0.867,Linux Administration,116,Windows/Linux Administration,1
0.867,Mobile App Architecture,2,Mobile Architecture,1
0.867,Automation Testing,7,Test Automation Scripting,1
0.867,Problem Management,19,Issue Management,3
0.867,Unix scripting,2,Linux Shell Scripting,2
0.867,Design Patterns,31,Design pattern implementation,1
0.867,Trade Finance,3,Trade Finance Systems,1
0.867,Linux OS,13,Ubuntu Linux,1
0.867,System Administration,23,Windows system administration,1
0.867,PC Hardware Support,1,PC Hardware,1
0.867,Team Collaboration,143,Cross-team collaboration,2
0.867,Risk Management,130,Business Risk Management,1
0.866,Web API,17,Web API Development,1
0.866,Deployment Management,5,Deployment Planning,1
0.866,Angular 13,2,Angular 17,1
0.866,LAN/WAN design,6,Network LAN/WAN,1
0.866,JIRA Issue Tracking,1,Jira Bug Tracking,1
0.866,ASP.NET Core,14,ASP.NET Core MVC,2
0.866,IT Audit,11,IT audit compliance,1
0.866,English Mandarin Bilingual,1,Bilingual Chinese English,1
0.866,Go-to-Market Strategy,6,Go-to-Market,1
0.866,Automated Testing,32,Automation Testing,7
0.866,CCTV Operations,1,CCTV Administration,1
0.866,SIEM implementation,2,SIEM Operations,1
0.866,Field Test Execution,1,Field Testing,1
0.866,Relational Databases,10,Relational Database Management,1
0.866,Retail POS,1,Retail POS Solutions,1
0.866,Deployment Management,5,Deployment,1
0.866,Service Management,4,Service Management Processes,1
0.866,Security Auditing,6,Security Compliance Audits,1
0.866,Apache Spark,23,Java Spark,1
0.866,Web API,17,Web API Integration,2
0.866,IDoc Handling,1,IDoc Development,1
0.866,ISO 45001,1,ISO 37001,1
0.866,Cloud Sales,2,Sales Cloud,1
0.865,Video conferencing,6,Polycom Video Conferencing,1
0.865,SQL Database,42,Microsoft SQL,7
0.865,Ticketing System Support,1,Ticketing System Administration,1
0.865,POS System Support,3,POS Device Support,1
0.865,Endpoint Management,1,Linux endpoint management,1
0.865,Azure Administration,5,Azure Management,1
0.865,Scheduling,2,Scheduling Coordination,1
0.865,Waterfall Methodology,17,Waterfall development,1
0.865,SAP SD Integration,1,SAP SD Configuration,1
0.865,API Development,29,Web API Development,1
0.865,Video conferencing support,5,Video conferencing equipment,1
0.865,Identity Access Management,12,Identity Management,5
0.865,User Account Management,11,Account Management,4
0.865,Security Incident Management,3,Security Incident Handling,1
0.865,Fastlane CI,1,Fastlane CI/CD,1
0.865,LAN networking,2,LAN Connectivity,1
0.865,Relational Databases,10,relational database implementation,1
0.864,Access Control,10,Access Management,2
0.864,OWASP Security,2,OWASP Mobile Security,1
0.864,Issue analysis,1,Data Issue Analysis,1
0.864,SAP BW,4,SAP BW/4HANA,1
0.864,Scrum,26,Scrum Agile,2
0.864,XML,13,XML handling,1
0.864,Network Operations,2,Network Operations Management,1
0.864,Microservices,42,Java microservices,1
0.864,Veeam Backup,11,Veeam Backup Recovery,1
0.864,Budget Management,50,Budget Planning,6
0.864,SAP EWM,2,SAP WM,1
0.864,IT Operations Management,3,IT Management,2
0.864,WAN Design,3,WAN backbone design,1
0.864,Firewall Management,41,Firewall,3
0.864,L2 Support,2,L2/L3 Support,2
0.864,Distributed application design,2,Distributed Application Architecture,1
0.864,Warehouse System Integration,1,Warehouse system support,1
0.864,Security Hardening,4,IT Security Hardening,1
0.864,Infrastructure Management,4,Infrastructure Project Management,1
0.864,Linux System Administration,9,Unix/Linux administration,3
0.864,vSphere,3,vSphere Administration,2
0.864,Web Design,3,Web Application Design,1
0.864,Intelligent Automation,1,AI Automation,1
0.864,IT Security Policies,1,IT Policy Enforcement,1
0.863,Quotation Preparation,1,Quotation Management,1
0.863,HR Reporting,3,HR analytics reporting,1
0.863,Business Requirements Documentation,2,Business Requirement Document,1
0.863,Telephony systems,4,Alcatel Telephony Systems,1
0.863,Performance Monitoring,25,Application Performance Monitoring,1
0.863,Linux Administration,116,Linux Server Administration,8
0.863,iOS Support,2,iOS/Android Support,1
0.863,DevOps Methodologies,2,DevOps Engineering,1
0.863,Mentoring Juniors,6,Mentoring junior staff,1
0.863,Azure Cloud Services,8,Azure Cloud Platform,1
0.863,Bilingual English Mandarin,8,Bilingual Chinese English,1
0.863,WiFi setup,1,WiFi router setup,1
0.863,Cloud Security,28,Cloud Security Architecture,3
0.863,Software Deployment,16,Application Deployment,5
0.863,SDLC Compliance,2,SDLC Practices,1
0.863,IIS,6,Microsoft IIS,2
0.863,OpenStack Administration,1,OpenStack,1
0.863,Tooling Development,1,Tooling Design,1
0.863,Software QA,3,Software QA processes,1
0.863,System Testing,21,System Test Strategy,1
0.863,Solution Selling,10,Solution Sales,1
0.863,Incident Response Planning,2,Incident response management,1
0.863,ISO 27001,18,ISO 37001,1
0.863,Backup Procedures,1,Backup Restore Procedures,1
0.862,Stakeholder Collaboration,16,Stakeholder Analysis,1
0.862,Data Center Architecture,2,Data Centre Design,1
0.862,SD-WAN,9,SD-WAN implementation,3
0.862,.NET Core,33,ASP.NET Core,14
0.862,Data Quality Management,10,Data Quality,7
0.862,Linux operating system,1,Ubuntu Linux,1
0.862,PowerPoint Presentation,3,Advanced PowerPoint,1
0.862,Laboratory workflow integration,1,Laboratory workflow analysis,1
0.862,HRMS support,1,HRMS,1
0.862,Roadmap Planning,2,Roadmap Creation,1
0.862,Bug Tracking,15,Bug Detection,1
0.862,Accessibility,2,Accessibility compliance,1
0.862,Data Quality Management,10,Data quality analysis,1
0.862,Service Desk,5,Service Desk Operations,2
0.862,Global Collaboration,2,International Collaboration,1
0.862,Supplier Performance Tracking,1,Supplier Performance Metrics,1
0.862,Help Desk Support,26,Help Desk,3
0.862,Finance module,2,Finance Module Expertise,1
0.862,Service Reporting,4,Service Desk Reporting,2
0.862,Schedule Management,15,Job scheduler management,1
0.862,Mentoring,5,Team Mentoring,5
0.862,Quality Reporting,1,Quality metrics reporting,1
0.862,Network Design,23,Network solution design,1
0.862,LAN Configuration,5,LAN/WLAN Configuration,1
0.862,Microsoft Teams,11,Microsoft Teams Integration,1
0.862,Oracle,15,Oracle DB,2
0.862,CSS,87,HTML/CSS,52
0.862,Email Administration,4,Email Management,1
0.862,VMware,7,VMware Administration,5
0.861,Stakeholder Coordination,11,Stakeholder facilitation,1
0.861,Flutter,37,Flutter Mobile,1
0.861,VMware,7,VMware Hypervisor,1
0.861,Technical Pre-sales,4,Pre-sales,2
0.861,SAP,9,SAP EHS,1
0.861,Camstar MES,3,Camstar,1
0.861,Switch Configuration,13,Network Switch Configuration,5
0.861,LAN/WAN Management,5,LAN Management,1
0.861,LAN networking,2,Network LAN/WAN,1
0.861,Security Management,5,Information Security Management,2
0.861,Backup Management,16,Database Backup Management,1
0.861,PMP Certification,23,PMI Certification,1
0.861,WordPress theme development,1,Custom Theme Development,1
0.861,Network Cabling,2,LAN Cabling,1
0.861,Network Topology Design,1,Network topology,1
0.861,SAP FICO,13,SAP FI,7
0.861,Messaging Queues,2,Message Queuing,2
0.861,Software Configuration,13,Software Configuration Management,1
0.861,Customer Complaint Resolution,1,Customer Complaint Handling,1
0.861,English Mandarin,3,English Mandarin Bilingual,1
0.861,SAP Administration,2,SAP Operations,1
0.861,Service Improvement,2,Service Improvement Roadmap,1
0.861,RMA processing,1,RMA handling,1
0.861,Business Central,3,Microsoft Business Central,1
0.861,Serverless computing,7,Serverless Architecture,3
0.861,Server Administration,45,Microsoft Server Administration,1
0.861,Murex,6,Murex FO,1
0.861,High Availability,14,High Availability Architecture,1
0.860,Scope Management,4,Scope Planning,1
0.860,Automated Reporting,2,Report automation,1
0.860,Solaris,1,Solaris OS,1
0.860,Security Controls Design,2,Security Controls,1
0.860,Server Management,9,Web server management,1
0.860,Hyper-V Virtualization,12,Virtualization (Hypervisor),1
0.860,SDLC Methodologies,3,SDLC Practices,1
0.860,Network device debugging,2,Network Device Troubleshooting,1
0.860,Databricks,3,Databricks Implementation,1
0.860,Project Management,295,Project Management Software,2
0.860,Data Vulnerability Assessment,1,Security Vulnerability Assessment,1
0.860,System Patching,1,OS Patching,1
0.860,SAP BW,4,SAP BO,1
0.860,Data Center Operations,7,Data Center Ops,1
0.860,Web API,17,HTTP API,1
0.860,IT Audit,11,IT Security Audits,1
0.860,Technology Risk Management,1,Technology Risk Assessment,1
0.860,SAP,9,SAP Business One,7
0.860,System Lifecycle Management,1,Lifecycle management,1
0.860,IT team leadership,1,IT Staff Leadership,1
0.860,Server Administration,45,Web Server Administration,3
0.860,Access Control Management,2,Security Access Control,1
0.860,ISO 27001 Compliance,11,ISO 14001 Compliance,1
0.860,Splunk Analysis,1,Splunk Logging,1
0.860,Test Management,7,Test data management,2
0.860,Huawei switching,2,Huawei Switches,1
0.860,Networking,14,Basic networking,2
0.860,SAP Configuration,11,SAP B1 Configuration,1
0.860,Access Point Setup,2,Access point design,1
0.859,Modbus protocol,1,Modbus TCP,1
0.859,SAP ERP,14,SAP ERP Integration,1
0.859,Hardware Maintenance,21,Server Hardware Maintenance,1
0.859,JavaScript ES5,1,JavaScript ES6+,1
0.859,Oracle Financials,1,Oracle Cloud Financials,1
0.859,CloudWatch Monitoring,1,AWS CloudWatch,1
0.859,Patch Management,25,Software Patching,2
0.859,SAP Cloud,2,SAP Cloud ALM,1
0.859,Microsoft Office 365,2,Office 365 Suite,1
0.859,Phone support,2,Smartphone support,1
0.859,PMO Leadership,1,PMO Management,1
0.859,VBA scripting,3,VB scripting,1
0.859,Debugging,72,Game debugging,2
0.859,User Interface design,2,Interface Design,1
0.859,Data Quality,7,Data quality checks,1
0.859,Linux RedHat,2,Red Hat Enterprise Linux,1
0.859,DB2 Database,5,DB2,1
0.859,Network Design,23,Network Topology Design,1
0.859,WebLogic,3,BEA WebLogic,1
0.859,SAP B1 Implementation,1,SAP B1 Configuration,1
0.859,Process Optimization,20,Business Process Optimization,2
0.859,System Development,5,System Development Planning,1
0.859,ITIL Foundation,15,ITIL v4 Foundation,1
0.859,Wireless LAN,5,Wireless LAN Design,1
0.859,Google BigQuery,5,BigQuery,2
0.859,Authentication,4,Authentication Solutions,1
0.859,Cisco CCNA,5,CCNA Networking,2
0.859,SAP Solution Manager,2,SAP Solutions,1
0.859,KPI Monitoring,6,KRI Monitoring,1
0.859,SAP Functional,1,SAP Functional Configuration,1
0.859,Data protection,3,Data Protection Compliance,1
0.859,Security Monitoring,20,Network Security Monitoring,5
0.859,Visual Studio,21,Visual Studio Code,1
0.859,Microsoft .NET,3,C#.NET,1
0.859,C# .NET,34,Microsoft .NET,3
0.859,Relational Database Management,1,relational database implementation,1
0.859,SAP Configuration,11,SAP SD Configuration,1
0.859,IT Infrastructure,12,IT Infrastructure Design,2
0.859,JavaScript,303,JavaScript Scripting,2
0.859,Supply Chain Management,7,Supply Chain Operations,1
0.858,UFT,2,UFT One,1
0.858,Post-sales support,5,Sales Support,2
0.858,HTML/CSS,52,HTML5/CSS,1
0.858,Data Quality Assurance,16,Data Quality,7
0.858,System Migration,2,Legacy System Migration,1
0.858,Risk Analysis,1,Risk System Analysis,1
0.858,SAP WM Module,1,SAP WM,1
0.858,Mentoring,5,Coaching & Mentoring,1
0.858,Wireframe Design,7,Wireframe Creation,1
0.858,HTML/CSS,52,HTML/CSS/JavaScript,4
0.858,UAT Planning,2,UAT Management,1
0.858,Logistics management,2,Logistics Planning,1
0.858,Compliance Auditing,5,Security Compliance Audits,1
0.858,Data Center Operations,7,Data Center Integration,1
0.858,IPS/IDS Management,2,IDS/IPS configuration,2
0.858,SIEM Management,7,SIEM Engineering,1
0.858,MVVM Architecture,5,MVVM,4
0.858,IT Procurement,9,IT Hardware Procurement,1
0.858,Backup Systems,1,System Backup,1
0.858,Stakeholder Management,241,Stakeholder Communication,114
0.858,Cross-functional Collaboration,89,Cross-team collaboration,2
0.858,Database Design,18,Database Schema Design,3
0.858,Test Execution,6,Test case execution,3
0.858,Cross-Browser Compatibility,19,Browser Compatibility,1
0.858,Agile Methodology,223,Agile Development,91
0.858,ERP Support,12,ERP functional support,1
0.858,System Performance Optimization,2,System Optimization,1
0.857,Supply Chain Management,7,Supply Chain Systems,1
0.857,Nginx,8,NGINX server,1
0.857,Scripting,6,Script Development,1
0.857,Product Lifecycle Management,1,Lifecycle management,1
0.857,Multilingual Communication,13,Multi-language Communication,1
0.857,SAP Implementation,6,SAP Operations,1
0.857,Big Data Analytics,5,Big Data analysis,1
0.857,Information Security Compliance,2,IT Security Compliance,2
0.857,Linux OS,13,Linux OS support,2
0.857,Bash scripting,39,Linux Shell Scripting,2
0.857,Make/CMake,1,C++ CMake,1
0.857,Product Development,3,Product idea development,1
0.857,Qlik Sense,3,Qlik,3
0.857,Warehouse Management Systems,4,Warehouse System Integration,1
0.857,Performance analysis,2,Performance evaluation,1
0.857,Bash scripting,39,Unix Shell Scripting,13
0.857,Google Analytics,7,Web Analytics,2
0.857,RESTful API,65,RESTful API Integration,6
0.857,Static Code Analysis,1,Static analysis,1
0.857,CCTV Operations,1,CCTV Surveillance,1
0.857,Metrics Reporting,2,Quality metrics reporting,1
0.857,Stakeholder Negotiation,1,Stakeholder Analysis,1
0.857,Troubleshooting,115,Computer Troubleshooting,1
0.857,MVC Architecture,22,MVC,21
0.857,Splunk,7,Splunk administration,1
0.857,Hadoop,13,Hadoop Administration,1
0.857,Browser Debugging,1,Cross-browser debugging,1
0.857,Ticketing System,82,Service Ticketing,1
0.857,Security Awareness Training,11,Cybersecurity awareness training,1
0.857,Documentation Management,16,Documentation Control,1
0.857,Blockchain,7,Blockchain Technology,2
0.857,WebLogic Server,4,WebLogic Portal,1
0.857,Networking protocols,1,Communication protocols,1
0.857,2nd Level Support,4,Level 3 support,3
0.857,Schedule Monitoring,1,Schedule Tracking,1
0.856,Automation Scripting,31,Test Automation Scripting,1
0.856,AWS CloudFormation,7,CloudFormation,3
0.856,ServiceNow,23,ServiceNow Platform,6
0.856,Warehouse Management Systems,4,Warehouse Operations,1
0.856,Backup & Recovery,17,Backup and Restore,2
0.856,Engineering Inspection,1,Mechanical Inspection,1
0.856,Wi-Fi Administration,2,Wi‑Fi management,1
0.856,WAN/LAN Management,2,LAN Management,1
0.856,Code Review,56,Source Code Review,4
0.856,Big Data,6,Big Data analysis,1
0.856,Container Orchestration,4,Docker Orchestration,1
0.856,Unix/Linux,7,Unix/Linux administration,3
0.856,ISO 9001,2,ISO 45001,1
0.856,Logging,2,Monitoring and Logging,1
0.856,NoSQL,12,NoSQL databases,10
0.856,Second Level Support,4,Level 1 Support,3
0.856,Figma,9,Figma AI,1
0.856,Programming,2,Programming Development,1
0.856,Ticketing System Management,2,Ticketing System Support,1
0.856,Marketing Strategy,3,Market Strategy,1
0.856,Logging,2,Logging implementation,1
0.855,Network Security Architecture,2,Network Security Design,1
0.855,Mobile Device Support,2,Smartphone support,1
0.855,Supply Chain Systems,1,Supply Chain Operations,1
0.855,Confidential data handling,1,Data Confidentiality,1
0.855,LAN networking,2,WAN/LAN Networking,1
0.855,Escalation Management,5,Incident Escalation Management,1
0.855,Warehouse Management Systems,4,Warehouse system support,1
0.855,Legal Technology,1,Legal Tech,1
0.855,Portfolio Planning,1,Portfolio Management,1
0.855,Prototyping,11,Hardware Prototyping,1
0.855,AWS Cloud Services,12,AWS data services,2
0.855,Oracle Database,51,Oracle Database Administration,3
0.855,Procurement Management,7,Procurement Process,4
0.855,VPN,6,VPN support,1
0.855,Procurement Coordination,3,Procurement,2
0.855,Information Security,9,Information Security Management,2
0.855,Appium,8,Appium Mobile,1
0.855,Spring Boot,44,Java Spring Boot,1
0.855,Data centre management,1,Data Centre Design,1
0.855,Consulting Services,2,Consulting Experience,2
0.855,Incident response management,1,Incident Problem Management,1
0.855,Automation Engineering,1,Automation software development,1
0.855,Storage solutions,3,Storage systems,1
0.855,Procurement,2,Procurement Processing,2
0.855,Technical Reporting,9,Technical Report Writing,1
0.855,PABX Systems,1,PABX Support,1
0.855,KPIV Monitoring,1,KPOV Monitoring,1
0.855,Mobile Application Development,4,App Development,1
0.855,ASP.NET MVC,26,ASP.NET Core MVC,2
0.855,Client Communication,19,Client Interaction,2
0.855,Program Evaluation,1,software evaluation,1
0.855,Auction setup,1,Auction Management,1
0.855,Upselling Techniques,1,Upselling,1
0.855,Technical Support,118,Technical Support Engineering,1
0.855,Production Data Warehouse,1,Data Warehouse Engineering,1
0.855,Mentoring Junior Developers,1,Mentoring Junior Engineers,1
0.855,Backup Restore,4,Backup Restore Procedures,1
0.855,SAP,9,SAP PI,1
0.854,LAN/WAN,4,WAN/LAN Engineering,1
0.854,Service Delivery Management,3,Delivery Management,1
0.854,Test Case Design,31,Test Case Development,11
0.854,Data Quality Management,10,Data quality initiatives,1
0.854,API Integration,58,Third-party API Integration,2
0.854,SAP,9,SAP Solutions,1
0.854,Wireless Network Setup,1,Wireless Configuration,1
0.854,Automation Projects,2,Automation Engineering,1
0.854,Cloud Solutions,5,Cloud Solutions Implementation,1
0.854,Code Debugging,2,Debugging Techniques,1
0.854,Java Spring,1,Java Spring Boot,1
0.854,Java,222,Java EE,19
0.854,CloudWatch Monitoring,1,CloudWatch,1
0.854,Linux,40,Unix/Linux,7
0.854,MongoDB,54,MongoDB NoSQL,1
0.854,SAP Implementation,6,SAP architecture,1
0.854,LAN/WAN design,6,LAN design,2
0.854,Network Security,65,Network Security Design,1
0.854,Access Management,2,Security Access Management,1
0.854,Splunk Analysis,1,Splunk Queries,1
0.854,ASP.NET MVC5,1,C# MVC,1
0.854,SAP Administration,2,SAP Access Administration,1
0.854,Backup Solutions,5,Backup Strategies,2
0.854,Backup and Recovery,20,Backup and Restore,2
0.854,Product Management,11,Product Information Management,1
0.854,SAP Cloud Platform,1,SAP Business Technology Platform,1
0.854,WAN/LAN Management,2,WAN/LAN Networking,1
0.854,OAuth authentication,3,OAuth2 Security,1
0.854,WebSocket API,1,WebSockets integration,1
0.854,Security Audits,7,IT Security Audits,1
0.853,Data Quality,7,Data quality initiatives,1
0.853,AWS,76,Amazon AWS,2
0.853,Computer Vision,12,Machine Vision,2
0.853,Process Design,8,Business Process Design,5
0.853,Networking,14,IT Networking,2
0.853,POS Systems,6,POS System Support,3
0.853,AWS,76,AWS IAM,2
0.853,HRMS administration,1,HR Management System,1
0.853,Fortinet,1,Fortinet FortiGate,1
0.853,BGP MPLS,1,MP BGP,1
0.853,Stakeholder Management,241,Stakeholder Negotiation,1
0.853,Debugging Techniques,1,System debugging,1
0.853,Test Case Development,11,Test case analysis,1
0.853,Office 365,23,Office 365 administration,4
0.853,ISO 27001,18,ISO 27001 Implementation,1
0.853,Service Call Management,1,Call Management System,1
0.853,Azure Cloud Services,8,Azure Data Services,1
0.853,Dashboard Development,27,Dashboard Design,6
0.853,Appium Mobile Testing,1,Appium Mobile,1
0.853,SAP SD,10,SAP SD Integration,1
0.853,Operating Systems,5,Windows Operating System,1
0.853,Inventory Control,2,IT inventory control,1
0.853,Testing Debugging,2,Digital test debugging,1
0.853,Debugging and Troubleshooting,1,System debugging,1
0.853,Scrum Master,5,Scrum Coaching,1
0.853,Unix/Linux,7,Unix Systems,2
0.853,CSS,87,CSS Styling,7
0.853,Spring Java,1,Java Spring Boot,1
0.853,5G RAN,1,4G RAN,1
0.853,Procurement Process,4,Procurement Applications,1
0.853,IBM WebSphere,4,WebSphere server,1
0.853,RFP Management,2,RFP creation,1
0.853,Content Moderation,5,Content Curation,1
0.853,Linux,40,Ubuntu Linux,1
0.853,AWS ECS,1,ECS,1
0.852,Basic Programming,2,Programming,2
0.852,PowerShell,13,PowerShell automation,1
0.852,Process Documentation,19,Business Process Documentation,3
0.852,Murex 3.1,1,Murex MX3.1,1
0.852,RFP Processing,1,RFP Development,1
0.852,Help Desk Ticketing,3,Service Desk Ticketing,1
0.852,Mobile Development,20,Mobile Product Development,1
0.852,Buildkite CI,1,Buildkite,1
0.852,AWS EKS,2,EKS,1
0.852,Azure Cloud,51,Azure Cloud Management,1
0.852,Scrum,26,Scrum Coaching,1
0.852,SQL,246,SQL Queries,19
0.852,BGP,4,MP BGP,1
0.852,Vietnamese Language Proficiency,1,English Vietnamese Fluency,1
0.852,VOIP implementation,1,VoIP provisioning,1
0.852,Network Security,65,Network security management,1
0.852,Parallel Processing,1,parallel computing,1
0.852,Earned Value Management,1,earned value analysis,1
0.852,SAP PP,6,SAP PS,2
0.852,Encryption Technologies,2,Encryption techniques,1
0.852,GSM Protocol,1,GSM Technologies,1
0.852,LDAP,3,LDAP Integration,2
0.852,User Story Writing,6,User Story Development,5
0.852,Service Level Management,15,Service Management,4
0.852,SAP PP,6,SAP PP Configuration,1
0.852,HR Payroll Integration,1,HR Integration,1
0.852,IT Audit,11,IT Audit Planning,1
0.852,Linux/Unix,5,Unix/Linux administration,3
0.852,Client Relationship Management,15,Client Management,1
0.852,Process Control Systems,1,Process Control Engineering,1
0.852,Transactional Data Replication,1,Data Replication,1
0.851,SDLC Management,8,SDLC Implementation,1
0.851,Relational Databases,10,Relational SQL,1
0.851,Scripting,6,Scripting Automation,2
0.851,Cloud Platforms,5,Cloud platform design,1
0.851,Salesforce CPQ,1,CPQ configuration,1
0.851,Release Management,16,Release Planning,1
0.851,Docker,86,Docker containers,43
0.851,Virtualization (VM),1,Virtualization Operations,1
0.851,Splunk app development,1,Splunk administration,1
0.851,Linux System Administration,9,Linux System Admin,1
0.851,Junior developer mentoring,1,Mentoring Junior Engineers,1
0.851,Server Virtualization,9,Virtualization,8
0.851,DHCP,4,DHCP Management,3
0.851,Digital Platform Management,2,Platform Management,1
0.851,Data Warehouse Engineering,1,Data Warehouse Modeling,1
0.851,Network LAN/WAN,1,LAN/WAN/VPN,1
0.851,Issue Diagnosis,1,Technical Issue Diagnosis,1
0.851,REST API Integration,13,RESTful Integration,1
0.851,Backup & Recovery,17,Database Backup & Recovery,1
0.851,Mandarin Language,37,Mandarin translation,1
0.851,VoIP provisioning,1,VoIP Management,1
0.851,DNS/DHCP,1,DNS DHCP configuration,1
0.851,ISO 27001 Auditing,1,ISO Auditing,1
0.851,Requirements Management,3,Requirements Engineering,2
0.851,CCNA Networking,2,CCNA Routing,1
0.851,System Maintenance,7,Service Maintenance,1
0.851,.NET,92,Microsoft .NET,3
0.851,Reporting Troubleshooting,1,Issue Reporting,1
0.851,Storage Management,7,Automatic Storage Management,1
0.851,RMA handling,1,RMA Process,1
0.851,CSS3,35,CSS3 Styling,5
0.851,ERP Management,3,ERP System Administration,1
0.851,DevSecOps,6,DevSecOps Practices,1
0.850,User Access Control,2,Security Access Control,1
0.850,Internal Audit,3,Internal Audit Standards,1
0.850,SQL Scripting,10,PL/SQL scripting,1
0.850,MS Office,10,MS Office Suite,3
0.850,Threat Intelligence,11,Threat intelligence integration,1
0.850,NFV Infrastructure,2,NFV architecture,1
0.850,POS Systems,6,POS System Administration,1
0.850,User Administration,1,User Management,1
0.850,Security Assessment,3,Security Controls Assessment,1
0.850,Project Costing,1,Project Cost Control,1
0.850,Search relevance evaluation,3,Search Evaluation,1
0.850,Data Storage,5,big data storage,1
0.850,Data Warehouse,11,Data Warehouse Design,4
0.850,CRM,5,CRM Administration,1
0.850,System Deployment,9,Operating System Deployment,1
0.850,Windows OS,38,Windows/Linux OS,1
0.850,IP Addressing,2,IP Address Management,2
0.850,AS/400,7,AS/400 CL,1
0.850,Commissioning activities,1,Equipment commissioning,1
0.850,Cloud Sales,2,Cloud Pre-sales,1
0.850,Documentation Writing,10,Documentation Practices,1
0.850,Production Deployment,2,Deployment,1
0.850,Next.js,18,Next.js framework,6
0.850,Network LAN/WAN,1,WAN/LAN Engineering,1
0.850,Machine Troubleshooting,1,Computer Troubleshooting,1
0.850,Stakeholder Communication,114,Stakeholder Analysis,1
0.850,Virtual Private Cloud,1,Private Cloud,1
0.850,Network Testing,2,Network performance testing,1
0.850,SAP MDG,3,SAP MDM,1
0.849,UI Design,7,User Interface design,2
0.849,Front-end Architecture,4,Backend Architecture,1
0.849,SAP Customization,2,SAP B1 Customization,2
0.849,Backup Solutions,5,Backup Systems,1
0.849,Threat Intelligence,11,Cyber threat intelligence,1
0.849,Mentoring Engineers,6,Mentoring Developers,1
0.849,Copier maintenance,1,Copier repair,1
0.849,HRM systems,1,HRMS,1
0.849,Schedule Management,15,Scheduling,2
0.849,Microsoft Hyper-V,5,Microsoft Hyper-V Administration,1
0.849,Banking Solutions,3,Banking Applications,2
0.849,Microsoft Dynamics,3,Microsoft Dynamics AX,1
0.849,Automation,12,Industrial Automation,4
0.849,ISO 13485 Compliance,1,ISO 14001 Compliance,1
0.849,SQL Queries,19,Database Querying,1
0.849,Printer Maintenance,4,Multifunction printer maintenance,1
0.849,Shopify administration,1,Shopify Development,1
0.849,VMware Virtualization,24,VM Virtualization,2
0.849,SAP Analytics Cloud,3,SAP Cloud,2
0.849,LAN/WAN,4,LAN/WAN Configuration,1
0.849,Java microservices,1,Microservices implementation,1
0.849,Server Management,9,Windows Server Management,1
0.849,PL/SQL,27,Oracle PL/SQL,9
0.849,Power Platform,7,Microsoft Power Platform,2
0.848,Data Storage Management,1,Storage System Management,1
0.848,Technical Scheduling,1,Advanced Scheduling,1
0.848,Angular,93,Angular 17,1
0.848,Reliability Engineering,4,Service Reliability Engineering,1
0.848,Functional Specification Document,1,Functional Specification Design,1
0.848,Stakeholder Communication,114,Stakeholder Negotiation,1
0.848,IBM App Connect,1,IBM API Connect,1
0.848,Hardware Deployment,3,IT hardware deployment,1
0.848,Software Testing,51,Application Testing,4
0.848,Business Requirements Gathering,10,Business Requirements Analysis,6
0.848,Cooling System Management,1,Cooling Systems,1
0.848,Linux OS,13,Unix OS,1
0.848,Web API,17,Web Services API,1
0.848,Cloud Networking,7,Cloud networking AWS,1
0.848,Scheduling Management,1,Flexible Scheduling,1
0.848,LAN/WAN networking,4,LAN/WAN/VPN,1
0.848,System Auditing,4,Software Auditing,1
0.848,SAP WMS,1,SAP WM Module,1
0.848,Problem Troubleshooting,4,Computer Troubleshooting,1
0.848,System Commissioning,3,Commissioning,2
0.848,Data Backup Management,2,Database Backup Management,1
0.848,EDR,1,EDR Management,1
0.848,SDLC Implementation,1,SDLC Practices,1
0.848,Team Mentoring,5,Coaching and Mentoring,2
0.848,CRM Management,12,Salesforce CRM,4
0.848,Procurement,2,Procurement Software,1
0.848,Digital Workplace,1,Digital Workplace Architecture,1
0.848,Windows Administration,32,Windows Server Administration,25
0.848,Application Configuration,1,Application Setup,1
0.848,Mobile QA automation,2,QA Automation,1
0.848,Process Design,8,Process Engineering,1
0.848,CMS Management,1,CMMS Management,1
0.848,Policy Enforcement,5,Security policy enforcement,2
0.848,Oracle Database,51,Oracle,15
0.848,SAP Implementation,6,SAP B1 Implementation,1
0.848,Stakeholder Analysis,1,Stakeholder facilitation,1
0.848,Stakeholder Collaboration,16,Stakeholder Negotiation,1
0.848,Technical Proposal,3,Technical Proposal Review,1
0.848,SaaS Development,3,SaaS Solutions,1
0.848,Remote Support,37,Remote IT support,1
0.848,Unix Administration,10,Unix/Linux Admin,1
0.848,SDLC,41,SDLC Management,8
0.848,Test Planning,28,Test Plan Development,7
0.848,Oracle Database,51,Oracle SQL,11
0.847,Documentation Writing,10,Documentation creation,3
0.847,Audit Management,3,Audit reporting,2
0.847,MongoDB database,4,MongoDB Administration,3
0.847,Power & Cooling Management,1,Cooling System Management,1
0.847,SQL Optimization,4,Database Optimization,4
0.847,Cybersecurity,23,Cybersecurity Operations,1
0.847,Blueprint Documentation,1,Blueprint Development,1
0.847,Public Cloud,2,Private Cloud,1
0.847,BOM Management,2,BOM Development,1
0.847,Software Testing,51,Software Test Methodologies,1
0.847,Procurement Software,1,Procurement Applications,1
0.847,Technical Support,118,IT Technical Support,2
0.847,Infrastructure Design,2,Infrastructure engineering,1
0.847,SAP ERP,14,SAP,9
0.847,VMware vSphere,7,VMware,7
0.847,Business Process Improvement,6,Business Process Redesign,1
0.847,Data Quality Assurance,16,Data quality checks,1
0.847,Data Security,13,Data protection,3
0.847,Strategic Analysis,1,Strategic Insights,1
0.847,High Availability,14,High Availability Configuration,1
0.847,DHCP DNS Configuration,1,DNS/DHCP,1
0.847,Business Case Development,3,Use Case Development,2
0.847,Jira Project Management,2,Jira Management,1
0.847,Business Process Design,5,Business Process Redesign,1
0.847,Security Incident Response,8,Cybersecurity Incident Response,1
0.847,Network Security,65,Network security solutions,1
0.847,MPLS networking,5,MPLS Protocol,1
0.847,KPI Management,7,KPI Development,4
0.847,Adobe Photoshop,6,Photoshop Editing,1
0.847,Server Administration,45,Linux Server Administration,8
0.847,Software Development,27,Programming Development,1
0.847,System Commissioning,3,Equipment commissioning,1
0.847,Linux/Unix,5,Unix Systems,2
0.847,ERP Application Support,1,Enterprise Application Support,1
0.847,Payments Knowledge,1,Payment Product Knowledge,1
0.846,DHCP Management,3,DHCP services,1
0.846,RFP Preparation,1,RFP Development,1
0.846,ITIL v3 Foundation,1,ITIL 4 Foundation,1
0.846,Job Scheduling,2,Scheduling Management,1
0.846,Access Control Management,2,Access Rights Management,1
0.846,Commissioning,2,Testing and Commissioning,1
0.846,SOC Operations,4,SOC Management,2
0.846,Modbus TCP,1,Modbus communication,1
0.846,Security Policy Development,20,Security Policy Implementation,1
0.846,Agile Scrum,96,Agile Development,91
0.846,Pressure handling,2,Pressure Management,1
0.846,Schematic Design,1,Schematic analysis,1
0.846,Data Centre Operations,3,Data Center Ops,1
0.846,IT Project Management,14,IT Management,2
0.846,User Lifecycle Management,1,Lifecycle management,1
0.846,Pre-sales Engineering,13,Technical Pre-sales,4
0.846,ERP Development,8,ERP Management,3
0.846,HRIS,4,HRIS Support,1
0.846,.NET C#,7,ASP.NET C#,1
0.846,Process Mapping,22,Business Process Mapping,4
0.846,Routing,5,Routings Management,1
0.846,MySQL,134,MySQL Database,24
0.846,Automation Testing,7,Test Automation Architecture,1
0.846,Asset Management,23,Asset Planning,1
0.846,Hyper-V Virtualization,12,Hyper-V,2
0.846,CRM,5,CRM systems,2
0.846,Azure Cloud Services,8,Azure Cloud Management,1
0.846,SAP Configuration,11,SAP Concur Configuration,1
0.846,Functional Testing,23,Non-functional Testing,2
0.846,HRIS Support,1,HRIS Implementation,1
0.846,SSRS Reporting,7,MS SSRS,1
0.846,Automation,12,Business Automation,2
0.846,UI/UX Collaboration,6,Mobile UI/UX Collaboration,1
0.846,Server Administration,45,Network & Server Administration,1
0.846,Automation,12,Automation Projects,2
0.845,Software Design Patterns,2,System design patterns,1
0.845,Mentoring,5,Mentoring Developers,1
0.845,Remote Troubleshooting,7,Remote Desktop Troubleshooting,2
0.845,Remote Access Support,2,Remote Network Support,1
0.845,Risk Management,130,Risk limit management,1
0.845,Documentation Preparation,5,Documentation creation,3
0.845,SolidWorks,1,SolidWorks CAD,1
0.845,Virtualization,8,Virtual Machines,2
0.845,Terraform,26,Terraform IaC,21
0.845,MPLS Network,1,MPLS Protocol,1
0.845,Incident response management,1,Incident Management Process,1
0.845,SOAR playbook development,2,Playbook Development,1
0.845,Wireless LAN Design,1,LAN/Wireless networking,1
0.845,OneDrive Management,2,OneDrive,2
0.845,MM Integration,1,SD-MM Integration,1
0.845,IoT,2,IoT Platform,1
0.845,ITIL Foundation,15,ITIL v3 Foundation,1
0.845,Splunk administration,1,Splunk monitoring,1
0.845,Stakeholder Coordination,11,Stakeholder Analysis,1
0.845,IT Asset Management,26,IT Asset Analysis,1
0.845,Pricing analytics,3,Pricing Analysis,1
0.845,Puppeteer,1,Puppet,1
0.845,Digital analytics,1,Digital Marketing Analytics,1
0.845,Sales Upselling,1,Upselling,1
0.845,Marketing Analytics,2,Business analytics,1
0.845,Storage Architecture,1,Storage systems,1
0.845,Performance Tuning,54,BI Performance Tuning,1
0.845,Cloud Infrastructure Support,1,Cloud technical support,1
0.845,Security Architecture,11,Network Security Architecture,2
0.845,Wireless Access Points,2,Wireless Access Point Setup,1
0.845,LAN/WAN networking,4,WAN/LAN Management,2
0.845,Network Troubleshooting,111,Network Device Troubleshooting,1
0.845,Functional Specification Document,1,Functional Design Specification,1
0.845,PMI Framework,1,PMI Methodology,1
0.845,Windows OS Administration,1,Windows/Linux Administration,1
0.845,Azure Networking,3,Azure Virtual Networks,1
0.845,Lean Practices,1,Lean Methodology,1
0.845,Webpack,10,Webpack Bundler,2
0.844,Big Data,6,Big Data Solutions,1
0.844,CCTV Systems,5,CCTV Surveillance,1
0.844,IT Sales,1,IT Services Sales,1
0.844,PC Imaging,2,Desktop Imaging,1
0.844,Integration design,2,Integration Architecture Design,1
0.844,LAN design,2,WAN/LAN design,1
0.844,Oracle SQL,11,Oracle DB,2
0.844,Shell Scripting,34,Scripting,6
0.844,Schematic analysis,1,EE Schematic Analysis,1
0.844,IT Infrastructure,12,IT infrastructure support,2
0.844,Nutanix,1,Nutanix AOS,1
0.844,Product Knowledge,4,Software product knowledge,1
0.844,Test Script Development,9,Test Script Review,1
0.844,Network Security,65,Network Security Architecture,2
0.844,Mandarin Language,37,Cantonese Mandarin,1
0.844,Agile Development,91,Scrum Agile,2
0.844,Report Customization,2,Custom Reporting,1
0.844,Functional Documentation,5,Functional Specification Document,1
0.844,ERP Management,3,ERP Financial Management,1
0.844,POS System Support,3,POS System Management,1
0.844,RFP Preparation,1,RFP creation,1
0.844,Microsoft Office 365,2,Office 365 Support,2
0.844,IPsec,1,VPN IPSec,1
0.844,Cloud applications,1,Cloud application development,1
0.844,Prototyping,11,High Fidelity Prototyping,1
0.844,WAN/LAN Networking,1,LAN/WAN/VPN,1
0.844,Wi-Fi Administration,2,LAN/Wi‑Fi Administration,1
0.844,VPN Setup,4,IP-VPN configuration,1
0.844,Databricks Implementation,1,Databricks Workflows,1
0.844,UI/UX Design,43,Game UI/UX design,1
0.844,LAN/WAN Management,5,WAN/LAN Networking,1
0.844,Design Patterns,31,System design patterns,1
0.844,XML processing,3,XML handling,1
0.844,Component Encapsulation,1,encapsulation,1
0.844,Mobile-First Design,2,Mobile-First Development,2
0.844,Requirements Documentation,2,Business Requirements Documentation,2
0.844,Pre-sales support,7,Pre-sales,2
0.844,Service Delivery,6,Service Delivery Coordination,2
0.844,SAP FICO,13,SAP FICO Configuration,1
0.844,Oracle Database Administration,3,Oracle DB,2
0.844,SonarQube,1,SonarQube analysis,1
0.844,Virtualization,8,Desktop Virtualization,1
0.844,File NAS,1,NAS storage,1
0.843,Postman API Testing,2,Postman API,2
0.843,Business Continuity Planning,8,Business Continuity,6
0.843,Database Backup,6,Database Backup & Recovery,1
0.843,Splunk,7,Splunk Cloud,1
0.843,Software Updates,2,Software Upgrades,2
0.843,LAN/WAN,4,WAN/LAN Configuration,1
0.843,Trade Lifecycle Design,2,Trade Lifecycle Management,1
0.843,Vulnerability Assessment,26,Vulnerability Testing,1
0.843,CSS Styling,7,CSS3 Styling,5
0.843,Bootstrap,46,CSS Bootstrap,1
0.843,DevOps Engineering,1,DevOps Strategy,1
0.843,SAP,9,SAP Operations,1
0.843,Murex Market Risk,1,Murex Credit Risk,1
0.843,Commissioning,2,Electrical Commissioning,1
0.843,SAP,9,SAP Technical Basis,1
0.843,Solaris Administration,2,Solaris,1
0.843,On-page SEO,2,Off-page SEO,1
0.843,Competitive Analysis,7,Competitor Analysis,3
0.843,Engineering Mentorship,1,Technical mentorship,1
0.843,Security Incident Management,3,Security Incident Analysis,1
0.843,Security Incident Analysis,1,Security Incident Handling,1
0.843,WAN/LAN Management,2,WAN/LAN Engineering,1
0.843,Data Quality Assurance,16,Data quality initiatives,1
0.843,Vendor Technical Support,1,Vendor Support Liaison,1
0.843,Oracle,15,Oracle SQL,11
0.843,Programming Skills,1,Coding Skills,1
0.843,IT Risk Management,4,IT Risk Assessment,2
0.843,CCTV Operations,1,CCTV Security,1
0.843,Azure Virtual Machines,3,Azure Virtual Networks,1
0.842,UML Modeling,9,UML system design,1
0.842,Knowledge Base Management,7,Knowledge Base Creation,2
0.842,Security Best Practices,10,Web Security Best Practices,1
0.842,Technical Troubleshooting,34,Computer Troubleshooting,1
0.842,Procurement Processing,2,Procurement Applications,1
0.842,L1 Support,4,L2 Support,2
0.842,IT Security Compliance,2,IT Compliance Management,1
0.842,Telerik,1,Telerik UI,1
0.842,ArcGIS,1,ArcGIS Desktop,1
0.842,Network Device Troubleshooting,1,Network Hardware Troubleshooting,1
0.842,Manufacturing technologies,1,Manufacturing engineering,1
0.842,SDN,3,SDN Implementation,1
0.842,Scrum,26,Scrum Methodology,7
0.842,Data Architecture,4,Database Architecture,2
0.842,Nginx,8,Apache Nginx,1
0.842,DNS/DHCP services,1,DNS/DHCP administration,1
0.842,Automation Projects,2,Automation software development,1
0.842,VOIP implementation,1,VOIP Support,1
0.842,Equipment Calibration,2,Machine calibration,1
0.842,Equipment Calibration,2,Calibration Management,1
0.842,Documentation Preparation,5,Documentation Practices,1
0.842,LAN networking,2,LAN design,2
0.842,SAP FICO,13,SAP FICO Integration,1
0.842,IT Security,17,IT security controls,2
0.842,Splunk Enterprise,1,Splunk Cloud,1
0.842,Backup Operations,1,Backup Procedures,1
0.842,Network Hardware Troubleshooting,1,IP hardware troubleshooting,1
0.842,Firewall Configuration,30,Firewall,3
0.842,IT Audit,11,IT Audit Coordination,1
0.842,Job Scheduling,2,Job scheduler management,1
0.842,Compliance Management,13,IT Compliance Management,1
0.842,Security Access Control,1,Security Controls,1
0.842,Reliability Engineering,4,Site Reliability Engineering,3
0.842,LAN Configuration,5,LAN networking,2
0.842,Wireless Access Point Setup,1,Wireless AP setup,1
0.842,Electronics Prototyping,1,Hardware Prototyping,1
0.842,LAN/WAN Management,5,LAN/WAN networking,4
0.842,PMO Experience,1,PMO Management,1
0.842,ISO 27001,18,ISO 27001 Compliance,11
0.842,Mandarin Language,37,Chinese Language,1
0.841,Custom Dashboard Development,1,Dashboard Creation,1
0.841,SAP BW/4HANA,1,SAP BW/BO,1
0.841,Quantitative Analysis,7,Quantitative research,2
0.841,WAN Design,3,WAN Configuration,1
0.841,JSON,19,JSON handling,5
0.841,Microsoft SCCM,2,SCCM administration,1
0.841,Cloud Networking,7,Cloud Connectivity,1
0.841,IT security controls,2,Security Controls,1
0.841,Level 2 Support,6,Third Level Support,2
0.841,Kafka,29,Kafka Administration,1
0.841,Hardware debugging,3,System debugging,1
0.841,Debugging,72,Testing Debugging,2
0.841,Scheduling Coordination,1,Scheduling Management,1
0.841,Cybersecurity,23,Cybersecurity Management,2
0.841,Oracle PL/SQL,9,SQL Oracle,1
0.841,Alarm Handling,1,Alarm systems,1
0.841,SSL Certificate Management,3,Certificate Management,2
0.841,Non‑SAP Platforms,1,SAP Business Technology Platform,1
0.841,Partner Management,1,Production Partner Management,1
0.841,Issue Debugging,1,System debugging,1
0.841,Testing Debugging,2,Debugging Techniques,1
0.841,Shift Scheduling,3,Shift Management,1
0.841,Shift Scheduling,3,Rotational Shift Scheduling,1
0.841,Engineering Inspection,1,Construction Inspection,1
0.841,Financial Modeling,9,Financial Risk Modeling,1
0.841,Fortigate Firewall,10,Fortinet firewall,6
0.841,IT Security Compliance,2,IT Security Policies,1
0.841,Payroll Software,2,Payroll Software Sales,1
0.841,Procurement Management,7,Procurement Software,1
0.841,LAN/WAN,4,WAN/LAN design,1
0.841,Commissioning,2,Equipment commissioning,1
0.841,System Installation,2,Operating System Installation,2
0.841,SaaS Development,3,SaaS Implementation,1
0.841,Supplier Performance Tracking,1,Supplier Performance,1
0.841,Quality Assurance,68,Software Quality Assurance,2
0.841,AI Project Delivery,1,AI Project Support,1
0.841,Training Delivery,16,IT Training Delivery,2
0.841,Continuous Deployment,5,Deployment,1
0.841,GraphQL,8,GraphQL API,6
0.841,Infrastructure Architecture,1,Infrastructure engineering,1
0.841,Troubleshooting,115,IT Troubleshooting,8
0.841,Data Migration,34,Database Migration,7
0.841,Embedded OS,2,Embedded Linux,1
0.840,Remote Support,37,Remote Access Support,2
0.840,Query Optimization,6,SQL Optimization,4
0.840,Virtual Desktop Infrastructure,1,Desktop Virtualization,1
0.840,Technical Documentation,195,Software Documentation,8
0.840,Counterparty Credit Risk,1,Counterparty Credit,1
0.840,CCTV maintenance,2,CCTV Operations,1
0.840,Network Monitoring,35,Network performance monitoring,4
0.840,Network Cabling,2,Cabling infrastructure,1
0.840,SQL Relational Databases,1,Relational Database Management,1
0.840,HTML,73,HTML Coding,3
0.840,Second Level Support,4,Level 3 support,3
0.840,SQL Performance Tuning,5,Database Tuning,5
0.840,Software Project Management,3,software project planning,1
0.840,Database Backup & Recovery,1,Data backup and recovery,1
0.840,.NET C#,7,Microsoft .NET,3
0.840,PLC Programming,12,PLC communication,1
0.840,ISO 9001 Compliance,3,ISO Compliance,2
0.840,Cloud Architecture,22,AWS Cloud Architecture,2
0.840,Mentoring,5,Junior mentorship,1
0.840,Test Case Development,11,Test Case Management,4
0.840,Maven,17,Maven Build,5
0.840,Stakeholder Communication,114,Stakeholder Collaboration,16
0.840,Delivery Management,1,Technical Delivery Management,1
0.840,Cantonese Language,10,Cantonese Communication,2
0.840,Splunk SIEM,2,Splunk Analysis,1
0.840,Middleware Integration,6,Middleware Configuration,1
0.840,SDN,3,SDN design,1
0.840,MongoDB database,4,MongoDB NoSQL,1
0.840,UI Design,7,iOS UI Design,1
0.840,Linux,40,Linux/Unix,5
0.840,Stakeholder Presentation,3,Stakeholder Analysis,1
0.840,B2C Product,2,B2B Product,1
0.840,Incident Troubleshooting,9,Incident Debugging,1
0.840,CCTV Systems,5,CCTV Operations,1
0.840,SAP,9,SAP Infrastructure,1
0.840,Automation,12,AI Automation,1
0.839,Microsoft 365 Administration,11,MS365 Administration,1
0.839,Windows OS,38,Windows OS Support,11
0.839,Backup and Recovery,20,Database Backup & Recovery,1
0.839,Caching,2,Caching Technologies,1
0.839,Active Directory Management,4,Windows Active Directory,2
0.839,Web Accessibility,5,Accessibility,2
0.839,Documentation Management,16,Documentation Practices,1
0.839,High availability infrastructure,1,High Availability Configuration,1
0.839,Azure Virtual Machines,3,Azure Virtual Desktop,2
0.839,Performance Tuning,54,System Tuning,1
0.839,Process Change Management,1,process management,1
0.839,Scripting Automation,2,Test Automation Scripting,1
0.839,App Store Publishing,2,Mobile app publishing,1
0.839,Java,222,Java SE,1
0.839,Agile Scrum,96,Scrum Methodology,7
0.839,macOS,6,Mac OS,5
0.839,Electronics Testing,1,Electrical testing,1
0.839,Compliance Frameworks,3,Compliance Architecture,1
0.839,Risk Assessment,45,Risk Analysis,1
0.839,Technical Troubleshooting,34,Issue Troubleshooting,15
0.839,ERP Systems,14,ERP Management,3
0.839,Application Testing,4,Web Application Testing,4
0.839,Project Planning,31,software project planning,1
0.839,VMware Virtualization,24,VMware Hypervisor,1
0.839,User Access Management,7,Access Control Management,2
0.839,Manufacturing processes,2,Manufacturing operations,1
0.839,UML modelling,1,UML system design,1
0.839,Team Mentoring,5,Coaching & Mentoring,1
0.839,Web API,17,ASP.NET Web API,1
0.839,C#.NET,1,ASP.NET C#,1
0.839,C# .NET,34,ASP.NET C#,1
0.839,Compliance Management,13,Compliance Assurance,1
0.839,Node.js,107,Node.js Backend,2
0.839,24/7 Shift Support,1,24/7 Shift,1
0.839,REST API,169,RestAssured API,1
0.839,Technical Troubleshooting,34,Problem Troubleshooting,4
0.839,Database Programming,2,Database development,2
0.839,CRM Software,10,CRM systems,2
0.839,SQL Server,117,Microsoft SQL,7
0.839,Splunk monitoring,1,Splunk Queries,1
0.839,Risk Reporting,3,Market risk reporting,1
0.839,Finance module,2,Finance module configuration,1
0.839,Mentoring,5,Team mentorship,1
0.839,Software Deployment,16,Deployment,1
0.838,Testing Debugging,2,Debugging Test Failures,1
0.838,IDoc Processing,1,IDoc Monitoring,1
0.838,Timeline Management,4,Timeline Development,1
0.838,Data Analytics,31,Business analytics,1
0.838,Software Testing,51,Software Testing Methodologies,1
0.838,Consulting Services,2,Solution Consulting,1
0.838,IBM DB2,2,DB2,1
0.838,Backup Management,16,Backup Operations,1
0.838,Manufacturing system management,1,Production System Management,1
0.838,Office 365,23,Office 365 Support,2
0.838,Cross-browser Testing,7,Browser testing,1
0.838,Database troubleshooting,2,SQL Troubleshooting,1
0.838,Microsoft 365 Exchange,2,O365 Exchange,1
0.838,SAP HANA DBA,1,SAP HANA Cloud,1
0.838,IT Administration,2,IT systems administration,1
0.838,SaaS Implementation,1,SaaS integration,1
0.838,DevOps,34,DevOps Culture,2
0.838,Linux Server Administration,8,Linux Server,2
0.838,JSON handling,5,JSON Manipulation,1
0.838,SAP SD,10,SAP SD/MM,1
0.838,ISO 27001 Compliance,11,ISO 13485 Compliance,1
0.838,ISO 27001,18,ISO 22301,1
0.838,ERP System Administration,1,ERP Service Management,1
0.838,Microsoft Dynamics 365,9,Microsoft Dynamics,3
0.838,Configuration,1,Salesforce Configuration,1
0.838,Procurement,2,Equipment Procurement,1
0.838,Ticketing System Management,2,Ticketing System Maintenance,1
0.838,Middleware Integration,6,Middleware Development,1
0.838,Soil Investigation,1,Soil Testing,1
0.838,Microsoft Dynamics ERP,1,Dynamics 365 ERP,1
0.838,Data Cleansing,5,Data cleanup,1
0.838,Test Case Development,11,Test case execution,3
0.838,Security policy enforcement,2,Security Policy Implementation,1
0.838,Network Design,23,IP network design,1
0.838,Incident Investigation,2,Incident Analysis,1
0.837,Mentoring,5,Mentorship & Coaching,1
0.837,Wireless LAN,5,Cisco Wireless LAN,1
0.837,Microsoft 365 Exchange,2,Outlook 365,1
0.837,Product Knowledge,4,IT Product Knowledge,1
0.837,VxLAN Networking,1,VXLAN,1
0.837,Requirements Documentation,2,Requirements Specification,2
0.837,Network Administration,52,Network Equipment Administration,1
0.837,Software Project Management,3,Software Management,1
0.837,Analytical Troubleshooting,1,Troubleshooting Analysis,1
0.837,Industrial Automation,4,Equipment Automation,1
0.837,Pricing Procedure Configuration,1,Pricing Procedures,1
0.837,Journey Mapping,2,Customer Journey Mapping,1
0.837,Software Deployment,16,System Deployment,9
0.837,Scripting,6,Windows scripting,1
0.837,CloudWatch Monitoring,1,CloudWatch Alerts,1
0.837,Unreal Engine,3,Unreal Engine build,1
0.837,Splunk SIEM,2,Splunk SOAR,1
0.837,Aruba Networking,2,Aruba Wireless LAN,1
0.837,Business Process Analysis,39,Process analysis,6
0.837,System Monitoring,35,System Health Monitoring,1
0.837,Data Backup,14,Data Backup and Restoration,1
0.837,Marketing Strategy,3,Strategic Marketing Planning,1
0.837,Test data management,2,Testing Management,1
0.837,Digital Banking,4,Electronic Banking,2
0.837,Mobile Web Apps,1,Mobile Web,1
0.837,HTML,73,HTML markup,7
0.837,Bug Tracking,15,Bug tracking (JIRA),1
0.837,Test Script Review,1,Test Script Design,1
0.837,Microsoft Teams Administration,1,Microsoft Teams Integration,1
0.837,Troubleshooting,115,Debugging and Troubleshooting,1
0.837,Business Documentation,2,Business Requirements Documentation,2
0.837,SAP EWM,2,SAP WMS,1
0.837,Technical Workshops,2,Technical Workshop Facilitation,1
0.837,Schedule Management,15,Schedule Planning,1
0.837,SAP PM,3,SAP PS,2
0.837,Network topology,1,Network topology identification,1
0.837,Kubernetes,69,Kubernetes AKS,2
0.837,SQL,246,SQL Querying,49
0.837,Program Management,7,Programme Management,1
0.837,Cloud networking AWS,1,AWS Cloud Computing,1
0.837,Network Security,65,Network Security Policies,1
0.837,CCTV Systems,5,CCTV System Integration,2
0.837,Firewall Configuration,30,Network Firewall,1
0.837,System Troubleshooting,19,Issue Troubleshooting,15
0.836,IT Security Compliance,2,IT audit compliance,1
0.836,VMware vSphere,7,VMware ESXi,3
0.836,GraphQL API,6,Graph API,1
0.836,24/7 Support,1,24/7 technical support,1
0.836,Web Testing,6,Site testing,1
0.836,Incident Ticket Management,2,Trouble Ticket Management,1
0.836,Manufacturing Systems,2,Manufacturing technologies,1
0.836,Firewall,3,Firewall policy,1
0.836,Caching,2,Caching mechanisms,1
0.836,SAP Data Services,2,SAP Infrastructure,1
0.836,Penetration Testing,24,Network Penetration Testing,1
0.836,Web Application Architecture,2,Web Application Design,1
0.836,Cisco Firewall,3,Network Firewall,1
0.836,User Access Control,2,Access Control Management,2
0.836,Hyper-V Virtualization,12,Microsoft Hyper-V,5
0.836,Splunk Analysis,1,Splunk administration,1
0.836,LAN/WAN Management,5,WAN/LAN Engineering,1
0.836,Mentoring Juniors,6,Mentoring,5
0.836,LAN/WAN design,6,LAN/WAN,4
0.836,Financial Reconciliation,2,Bank Reconciliation,1
0.836,Desktop Support,34,Desktop Application Support,1
0.836,Service Delivery Management,3,Service Delivery Coordination,2
0.836,CCTV Systems,5,CCTV Security,1
0.836,Real-time systems,4,Real-time embedded systems,1
0.836,DevOps Practices,32,DevOps Engineering,1
0.836,Database Administration,17,SQL Database Management,2
0.836,Monitoring and Observability,1,Observability Practices,1
0.836,Debugging,72,Application debugging,2
0.836,Enterprise Architecture,12,Enterprise Architecture Collaboration,1
0.836,IT Infrastructure,12,IT Infrastructure Management,9
0.836,Data quality initiatives,1,Data quality analysis,1
0.836,Microsoft Dynamics,3,Microsoft Dynamics ERP,1
0.836,SASS/SCSS,2,SCSS,1
0.836,Data Center Operations,7,Data Center Design,1
0.835,IoT Integration,5,IoT,2
0.835,Engineering Mentorship,1,Mentoring Junior Engineers,1
0.835,SaaS Application Support,1,SaaS Implementation,1
0.835,Security Assessment,3,System Security Assessment,1
0.835,Robotic Process Automation,9,Robotics Automation,1
0.835,Test Case Design,31,Test Scenario Design,2
0.835,Data Privacy Compliance,6,Data Privacy,1
0.835,DevOps,34,DevOps Strategy,1
0.835,RFC Connectivity,1,RFC Communication,1
0.835,Wireless Networking,6,LAN/Wireless networking,1
0.835,System Maintenance,7,Software Maintenance,4
0.835,RFP Preparation,1,RFP Processing,1
0.835,Redis,20,Redis Administration,1
0.835,Backup Management,16,Backup Strategies,2
0.835,SAP,9,SAP Support,2
0.835,Scrum Methodology,7,Scrum Agile,2
0.835,Compliance Management,13,Compliance Architecture,1
0.835,SAP Configuration,11,SAP Implementation,6
0.835,WebLogic Server,4,Oracle WebLogic,4
0.835,Domain Management,2,Domain Services Management,1
0.835,Network Topology Design,1,Network topology analysis,1
0.835,Business Requirements Analysis,6,Business Requirements,2
0.835,Data Privacy Compliance,6,Data Protection Compliance,1
0.835,FMEA Methodology,1,Process FMEA,1
0.835,Telecommunications,3,Telecom Systems,1
0.835,CCNA,5,CCNA Certified,1
0.835,System Health Check,1,System health assessment,1
0.835,Microsoft Exchange,2,Microsoft 365 Exchange,2
0.835,Software security,2,Security Software,1
0.835,Mentorship,2,Coaching and Mentoring,2
0.835,UI/UX Design,43,UI/UX development,2
0.835,Scheduling Coordination,1,Advanced Scheduling,1
0.835,Asset Management,23,Fixed Asset Management,1
0.835,Microsoft Dynamics 365 CE,1,Dynamics 365 CE,1
0.835,Debugging,72,Testing and debugging,1
0.835,Requirements Analysis,59,Requirements Specification,2
0.835,NetSuite ERP,1,NetSuite,1
0.835,CAPEX Planning,1,CAPEX Management,1
0.835,Warranty Claims,1,Warranty Claims Processing,1
0.835,Experimentation Design,1,Experiment design,1
0.835,System Deployment,9,Deployment,1
0.835,Business Modeling,1,Business model development,1
0.835,Security Controls Assessment,1,Security Controls,1
0.835,System Troubleshooting,19,OS Troubleshooting,2
0.835,Lean Methodology,1,Lean Process,1
0.835,SAP HANA,10,SAP HANA security,1
0.835,Stakeholder Engagement,15,Stakeholder Negotiation,1
0.835,Internal Audit Standards,1,Internal Auditing,1
0.835,Application Monitoring,3,Application Performance Monitoring,1
0.834,Java EE,19,Java SE,1
0.834,VPN,6,VPN Services,1
0.834,WebSockets,6,WebSocket API,1
0.834,IT Service Management,40,IT Operations Management,3
0.834,Metrics Development,2,Technical metrics,1
0.834,Scripting,6,Unix scripting,2
0.834,LLM integration,3,AI LLM integration,1
0.834,iOS Device Support,1,iOS/Android Support,1
0.834,Microsoft Dynamics NAV,3,Dynamics NAV,1
0.834,HR Payroll Integration,1,Payroll System Integration,1
0.834,Ticketing System Management,2,Service Ticketing,1
0.834,Lean Construction,1,Lean Development,1
0.834,SECS/GEM,1,SECS/GEM interface,1
0.834,POS System Support,3,POS System Integration,1
0.834,LED Screen Configuration,1,LED screen installation,1
0.834,CPE Installation,1,CPE Configuration,1
0.834,O365 Administration,1,MS365 Administration,1
0.834,Cost Analysis,4,Cost Estimation,4
0.834,Information Security Management,2,IT Security Management,2
0.834,SAP HANA Cloud Platform,1,SAP Cloud Platform,1
0.834,Work Order Management,1,Order Management,1
0.834,Payroll Systems,2,Payroll System Integration,1
0.834,IT Security Audits,1,IT audit compliance,1
0.834,Cloud Networking,7,AWS Cloud Networking,1
0.834,Malay Language,3,Malay Communication,1
0.834,Routing,5,Routing & Switching,2
0.834,IDoc Integration,2,IDoc Handling,1
0.834,Lean Manufacturing,3,Lean Process,1
0.834,Performance Monitoring,25,Performance Profiling,2
0.834,REST API,169,REST API Integration,13
0.834,System Performance Optimization,2,System Performance Tuning,1
0.834,Telephony systems,4,Telephony Support,1
0.834,Test Management,7,Test Case Management,4
0.834,Data Integrity Management,1,Data Integrity Constraints,1
0.834,CISSP Certification,18,CISA Certification,9
0.834,Bash scripting,39,Scripting,6
0.833,POS System Administration,1,POS System Integration,1
0.833,Electronics troubleshooting,3,Electrical troubleshooting,2
0.833,Network Packet Analysis,3,Network traffic analysis,1
0.833,RFP Management,2,RFP Processing,1
0.833,Knowledge Base Management,7,Knowledge Base Maintenance,1
0.833,Project Coordination,60,Project collaboration,1
0.833,ServiceNow Integration,3,Service integration,1
0.833,HVAC Design,2,HVAC engineering,1
0.833,IT Budget Management,2,IT Budget Forecasting,1
0.833,Hyper-V Virtualization,12,VM Virtualization,2
0.833,Network Administration,52,Network & Server Administration,1
0.833,Access Control Management,2,Security Access Management,1
0.833,IPsec VPN,2,IPsec,1
0.833,Windows OS,38,Windows,7
0.833,Forecasting,1,Business Forecasting,1
0.833,Documentation Management,16,Documentation creation,3
0.833,Linux OS support,2,Linux operating system,1
0.833,Audits Compliance,2,IT audit compliance,1
0.833,ERP Implementation,44,ERP Development,8
0.833,DevOps,34,DevOps Practices,32
0.833,LAN/WAN,4,LAN,1
0.833,Technology Research,2,Technical Research,1
0.833,CRM implementation,2,CRM systems,2
0.833,ERP Systems,14,ERP System Support,3
0.833,Customer Service,96,Customer Support,43
0.833,High-Availability Systems,1,High Availability Configuration,1
0.833,General ledger setup,1,General Ledger Management,1
0.833,Cloud Infrastructure Design,1,Cloud platform design,1
0.833,UX/UI Collaboration,1,Mobile UI/UX Collaboration,1
0.833,Security Best Practices,10,Security guidelines,1
0.833,SAP SD,10,SAP SDK,1
0.833,Functional Specification Document,1,Functional Design Documentation,1
0.833,Requirements Analysis,59,Requirements Engineering,2
0.833,Business Process Design,5,Business Process Management,2
0.833,Data Center Infrastructure,1,Data centre management,1
0.833,gRPC API,2,gRPC protocol,1
0.833,RFP Processing,1,RFP creation,1
0.833,VBA,4,VBA scripting,3
0.833,Impact Assessment,1,Change Impact Assessment,1
0.833,Database Performance Tuning,5,SQL Server Performance Tuning,1
0.833,Network Router Configuration,1,WiFi Router Configuration,1
0.833,Ticketing System Management,2,Trouble Ticket Management,1
0.832,Web/Mobile Application Support,1,Mobile Web Apps,1
0.832,Cloud Solutions Implementation,1,Cloud Implementation,1
0.832,SQL Scripting,10,Database Scripting,1
0.832,CCTV Management,3,CCTV Security,1
0.832,Business Reporting,2,Business Intelligence Reporting,2
0.832,XML processing,3,XML Parsing,1
0.832,Microsoft 365,22,Microsoft 365 Administration,11
0.832,Vendor Management,130,Vendor Coordination,15
0.832,Coaching and Mentoring,2,Team mentorship,1
0.832,Application Portfolio Management,2,Portfolio Management,1
0.832,Smart Hands,1,Smart Hands Support,1
0.832,Data Lake,4,Data Lake Design,1
0.832,VMware,7,VMware HA,1
0.832,IT Project Management,14,ICT Project Management,1
0.832,Microsoft Dynamics 365,9,Dynamics 365,3
0.832,Linux Server Administration,8,Unix/Linux administration,3
0.832,Process Control,1,process management,1
0.832,Software Design Patterns,2,Architectural Design Patterns,1
0.832,Compliance Management,13,Compliance Monitoring,4
0.832,Data Platform Integration,1,Platform integration,1
0.832,Audit Planning,1,IT Audit Planning,1
0.832,SPC setup,1,SPC Implementation,1
0.832,Security Incident Response,8,Security Incident Handling,1
0.832,License Management,6,Software Licensing Management,2
0.832,Application Security,9,Web Application Security,2
0.832,Intelligent Document Processing,1,Document Processing,1
0.832,Software Troubleshooting,43,System Troubleshooting,19
0.832,SDLC Management,8,SDLC Processes,1
0.832,CCTV Systems,5,CCTV Management,3
0.832,User Access Management,7,Security Access Management,1
0.832,MariaDB,7,MariaDB Administration,1
0.831,ERP Systems,14,Enterprise Systems,2
0.831,Windows Clustering,2,Windows Server Cluster,1
0.831,IDoc Processing,1,IDoc Development,1
0.831,VoIP protocols,1,VoIP Management,1
0.831,Software Maintenance,4,Server Software Maintenance,1
0.831,Microsoft Endpoint Manager,2,Endpoint Management,1
0.831,Security Auditing,6,System Auditing,4
0.831,Cloud Security,28,Cloud security (AWS),1
0.831,LAN networking,2,LAN,1
0.831,Lean Practices,1,Lean Development,1
0.831,Microsoft Office,52,MS Office Suite,3
0.831,Programming,2,Programming Skills,1
0.831,Mobile Testing,14,Mobile Performance Testing,1
0.831,SDLC,41,SDLC Implementation,1
0.831,CAD Modeling,2,3D CAD,1
0.831,API Development,29,Backend API Development,1
0.831,Network security management,1,Network security solutions,1
0.831,MES Access Administration,1,MES Administration,1
0.831,Splunk,7,Splunk Enterprise,1
0.831,Data Centre Operations,3,Data Centre Design,1
0.831,Privileged Access Management,5,Privileged account management,1
0.831,AWS Cloud Services,12,AWS Cloud Architecture,2
0.831,MPLS Network,1,IP-MPLS,1
0.831,Oracle SQL,11,Oracle PL/SQL,9
0.831,Search algorithms,2,Searching techniques,1
0.831,Nutanix AHV,3,Nutanix AOS,1
0.831,System Health Monitoring,1,Health Monitoring,1
0.831,SAP Integration,12,SAP Implementation,6
0.831,Data Warehousing,26,Cloud Data Warehousing,1
0.831,Splunk Queries,1,Splunk Logging,1
0.831,Team Collaboration,143,Collaboration Management,1
0.831,Backup & Recovery,17,Backup Restore,4
0.831,Documentation Management,16,Documentation Preparation,5
0.831,WAN/LAN Management,2,Network LAN/WAN,1
0.831,LAN Configuration,5,LAN/WAN Configuration,1
0.831,Supply Chain Coordination,3,Supply Chain Operations,1
0.831,SAP Implementation,6,SAP Technical Basis,1
0.830,Web Services,16,Web Services Integration,3
0.830,Crystal Reports,8,Crystal Reports Designer,1
0.830,Network Basics,2,Network Concepts,1
0.830,IT infrastructure planning,1,ICT infrastructure planning,1
0.830,Data Validation,18,Database validation,1
0.830,Cloud Computing,32,Cloud services,8
0.830,Technical Support,118,Technical Product Support,1
0.830,Security Compliance,17,IT Security Compliance,2
0.830,Requirements Analysis,59,Business Requirements Analysis,6
0.830,Linux Administration,116,Unix Administration,10
0.830,IT Operations,6,IT Operations Management,3
0.830,SAP,9,SAP Sales,1
0.830,Business Process Modeling,21,Business Process Design,5
0.830,Network Routing,7,Routing configuration,2
0.830,24/7 Operations,1,24/7 Global Operations,1
0.830,Perl scripting,8,Perl,3
0.830,Alarm systems,1,Fire Alarm Systems,1
0.830,Security Testing,5,Vulnerability Testing,1
0.830,Wireless LAN,5,Wireless LAN Controller,1
0.830,Spring Framework,34,Spring MVC,5
0.830,DNS,7,DNS Configuration,7
0.830,VPN,6,VPN Setup,4
0.830,Network performance monitoring,4,Network Performance Analysis,2
0.830,SEO,7,SEO Analysis,1
0.830,Azure,60,Azure IaaS,2
0.830,Cisco CCNA,5,CCNA,5
0.830,Operating System Installation,2,Linux OS installation,1
0.830,Infrastructure Operations,1,Infrastructure engineering,1
0.830,Browser testing,1,BrowserStack Testing,1
0.830,SSRS Reporting,7,SSRS,4
0.830,Real-time Processing,2,Real-time performance,1
0.830,Data Center Infrastructure,1,Data Center Design,1
0.830,Commission Management,1,Commission Processing,1
0.830,POS Systems,6,POS Management,1
0.830,Backup and Restore,2,Backup Restore Procedures,1
0.830,Hardware Troubleshooting,94,Computer Troubleshooting,1
0.830,VM Virtualization,2,Virtualization Operations,1
0.830,Security Audits,7,System Audits,2
0.830,Device Deployment,2,IT Device Deployment,1
0.830,Security Patching,5,Software Patching,2
0.830,Network Troubleshooting,111,Connectivity Troubleshooting,1
0.830,SIEM implementation,2,SIEM Engineering,1
0.830,Hyper-V Virtualization,12,Virtualization (VM),1
0.830,Migration Planning,2,System Migration Planning,1
0.829,Google Analytics,7,Business analytics,1
0.829,Decision Management,1,Decision Making,1
0.829,Software Troubleshooting,43,Application Troubleshooting,3
0.829,SAP Technical Basis,1,SAP Infrastructure,1
0.829,Stakeholder Communication,114,Stakeholder Coordination,11
0.829,POS System Support,3,POS System Configuration,1
0.829,System Troubleshooting,19,Machine Troubleshooting,1
0.829,IoT,2,IoT Architecture,2
0.829,Network Performance Analysis,2,Network performance optimization,2
0.829,Security Access Control,1,User Access Security,1
0.829,Routing,5,Routing and Switching,3
0.829,WAN/LAN Management,2,WAN/LAN design,1
0.829,Network Fundamentals,11,Network Concepts,1
0.829,Data Lake,4,Data Lake Architecture,1
0.829,Industrial engineering,1,Manufacturing engineering,1
0.829,Exchange Server,3,Microsoft Exchange,2
0.829,SAP Finance,2,SAP Administration,2
0.829,Cloud services,8,Cloud Solutions,5
0.829,CDN Architecture,1,CDN Management,1
0.829,Cloud Infrastructure,14,Cloud services,8
0.829,Technical Scheduling,1,Scheduling Management,1
0.829,LAN design,2,Wireless LAN Design,1
0.829,UI Component Development,4,UI Development,2
0.829,Retail Operations,2,Retail Sales,1
0.829,Technical Risk Management,1,Technology Risk Management,1
0.829,Splunk Analysis,1,Splunk SOAR,1
0.829,gRPC,4,gRPC protocol,1
0.829,Vendor Negotiation,8,Supplier negotiation,2
0.829,Software customization,2,System Customization,1
0.829,OAuth 2.0,3,OAuth authentication,3
0.829,Routing protocols,3,Routing Technologies,1
0.829,Splunk Cloud,1,Splunk administration,1
0.829,Procurement,2,Technology Procurement,1
0.829,AI solutions,2,AI problem solving,1
0.829,VMware vSphere,7,vSphere,3
0.829,ERP Systems,14,ERP Development,8
0.829,Excel VBA,5,VBA scripting,3
0.829,CocoaPods,2,Cocoapods dependency,1
0.829,POS Systems,6,POS System Integration,1
0.829,SaaS Solutions,1,SaaS Implementation,1
0.829,Microsoft Dynamics Business Central,2,Microsoft Business Central,1
0.829,SAP SD,10,SAP SD Configuration,1
0.829,Procurement Management,7,Procurement Coordination,3
0.829,POS System Configuration,1,POS System Integration,1
0.829,Procurement Management,7,Procurement Processing,2
0.829,Unix Systems,2,Unix OS,1
0.829,Information Security,9,Information Security Policies,2
0.829,SSIS,13,SSIS Integration,1
0.828,System Maintenance,7,Technical Maintenance,1
0.828,ISO Compliance,2,ISO 14001 Compliance,1
0.828,PCI DSS,8,PCI DSS compliance,5
0.828,Web Application Architecture,2,Application Architecture,1
0.828,Telecommunications,3,Telecommunication Systems,1
0.828,Aruba Wireless,3,Aruba Networking,2
0.828,English Mandarin,3,Mandarin translation,1
0.828,Account Management,4,Strategic Account Management,1
0.828,VMware,7,VMware ESX,1
0.828,Prototyping,11,UI/UX Prototyping,1
0.828,Redis,20,Redis Management,1
0.828,Program Management,7,Software Management,1
0.828,API Integration,58,REST API Integration,13
0.828,Software Deployment,16,Deployment Management,5
0.828,TCP/IP Protocols,9,Networking protocols,1
0.828,Responsive Design,58,Responsive UI,1
0.828,REST API Automation,1,API Automation,1
0.828,Cloud Sales,2,Cloud Software Selling,1
0.828,SAP,9,SAP Cloud,2
0.828,Mandarin Communication,38,Mandarin Language,37
0.828,Dynamics 365,3,Dynamics 365 ERP,1
0.828,Ruby on Rails,4,Rails 7,1
0.828,IT Management,2,IT Security Management,2
0.828,GitHub Project,1,GitHub collaboration,1
0.828,Lean Process,1,Lean Development,1
0.828,OAuth 2.0,3,OAuth2 Security,1
0.828,SAP,9,SAP Training,2
0.828,SIEM Management,7,SIEM implementation,2
0.828,Threat intelligence analysis,5,Threat intelligence integration,1
0.828,WAN connectivity,1,WAN Configuration,1
0.828,Mobile Testing,14,Mobile Test Automation,1
0.828,English Mandarin Bilingual,1,Mandarin translation,1
0.828,Debugging Techniques,1,Debugging and Troubleshooting,1
0.828,LAN/WAN,4,LAN/WAN/VPN,1
0.828,Salesforce Administration,5,User Administration,1
0.828,SIEM Analysis,1,SIEM Operations,1
0.828,Pipeline Management,5,Pipeline Review,1
0.828,Salesforce CRM,4,CRM Administration,1
0.828,Motion Design,2,UI Motion Design,1
0.828,Front-end Development,30,Backend Development,29
0.828,IT Infrastructure,12,IT infrastructure integration,2
0.828,Service Desk,5,Service Desk Support,4
0.828,Software Troubleshooting,43,Computer Troubleshooting,1
0.828,Data Governance,42,Master Data Governance,1
0.828,Design Patterns,31,OOP Design Patterns,1
0.828,Project Deployment,2,Deployment,1
0.828,Privileged Access Management,5,Access Rights Management,1
0.827,Automation Scripting,31,Automation,12
0.827,VRRP HSRP,1,HSRP,1
0.827,SSL Certificate Management,3,SSL Certificates,1
0.827,Remote Support,37,Remote Network Support,1
0.827,PHP,103,PHP 5,1
0.827,NOC Operations,3,NOC Management,1
0.827,Middleware Administration,1,Middleware Development,1
0.827,CISA,4,CISM,3
0.827,SAP,9,SAP SRM,1
0.827,DevOps Culture,2,DevOps Engineering,1
0.827,SAP PM,3,SAP PM Module,1
0.827,Cucumber,6,Cucumber BDD,1
0.827,Routing protocols,3,Networking protocols,1
0.827,Cost Management,3,Operational Cost Management,1
0.827,Financial Accounting,7,Accounting Fundamentals,6
0.827,POS System Management,1,POS System Integration,1
0.827,System Security,7,System Security Assessment,1
0.827,SAP Finance,2,SAP Technical Basis,1
0.827,Software Design,22,Application Design,2
0.827,LAN/WAN Management,5,Network LAN/WAN,1
0.827,IT infrastructure maintenance,2,Infrastructure Maintenance,1
0.827,Hyper-V Virtualization,12,Virtualization,8
0.827,DHCP Configuration,4,DHCP Management,3
0.827,System Architecture,10,computer architecture,3
0.827,JUnit,7,JUnit Testing,1
0.827,SDLC Management,8,SDLC Methodologies,3
0.827,Testing Strategies,1,Testing Methodologies,1
0.827,Insurance Industry Knowledge,1,Insurance Application Knowledge,1
0.827,VPN implementation,4,VPN Setup,4
0.827,VMware vCenter,1,vCenter Server,1
0.827,CCNP,3,Cisco CCNP,2
0.827,Bug Fixing,8,Bug Reporting,6
0.827,Data Center Architecture,2,Data Center Integration,1
0.827,Functional Specification,26,Functional Requirements,1
0.827,BizTalk,1,BizTalk Server,1
0.827,XML,13,XML API,1
0.827,HP ProLiant Servers,1,HPE servers,1
0.827,Security Auditing,6,IT Security Audits,1
0.827,Azure Security Center,4,Azure Security,1
0.827,LAN Configuration,5,LAN design,2
0.827,ICT Project Delivery,1,ICT Project Management,1
0.827,Robotics Development,2,Robotics Engineering,2
0.827,Storage Management,7,Storage systems,1
0.827,SAP Operations,1,SAP Infrastructure,1
0.827,Team Leadership,126,Leadership,24
0.826,Mentoring Juniors,6,Mentoring Junior Developers,1
0.826,Magento CMS,1,CMS Management,1
0.826,Shift Work,13,Shift Management,1
0.826,MS Excel,9,Google Sheets,2
0.826,SAP PS,2,SAP PI,1
0.826,Scheduling,2,Workforce Scheduling,1
0.826,MPLS networking,5,IP-MPLS,1
0.826,Observability Tools,1,Monitoring and Observability,1
0.826,SCADA Systems,5,SCADA Monitoring,1
0.826,Web Development,35,Web Programming,1
0.826,Wireless Networking,6,Wireless Network Setup,1
0.826,Risk Mitigation,9,Financial risk mitigation,1
0.826,Audit Management,3,Audit Planning,1
0.826,LAN/WAN,4,LAN/WAN support,2
0.826,PL/SQL,27,SQL/PLSQL,1
0.826,Procurement Management,7,Procurement Applications,1
0.826,Digital Marketing,5,Online Marketing,1
0.826,VOIP Support,1,VoIP Management,1
0.826,SCADA Systems,5,SCADA Integration,2
0.826,SIEM Integration,2,SIEM Analysis,1
0.826,Confluence,24,Confluence documentation,1
0.826,Data Backup,14,Data backup and recovery,1
0.826,SAP APO SNP,1,SAP APO,1
0.826,CRM Management,12,CRM implementation,2
0.826,Apache HTTPD,1,Apache HTTP Server,1
0.826,Industrial Automation,4,Automation Engineering,1
0.826,Authorization,3,Authorization Design,1
0.826,JMS,3,JVM,1
0.826,Azure,60,Azure Solutions,1
0.826,Mandarin Communication,38,Chinese Communication,2
0.826,Veeam Backup,11,Veeam Backup O365,1
0.826,Data Center Architecture,2,Data Center Networking,1
0.826,SAP SD Integration,1,SAP Integration Suite,1
0.826,IDoc Handling,1,IDoc Monitoring,1
0.826,Electronic Banking,2,Online Banking,1
0.826,Resource Allocation,12,Resource Utilization,1
0.826,Security Management,5,Security Administration,3
0.826,Mandarin Language,37,Bilingual English Mandarin,8
0.826,Configuration Management,27,Configuration Management Database,1
0.826,Microsoft 365,22,Microsoft O365,4
0.826,Azure,60,Azure services,2
0.826,PLC Infrastructure,1,PLC communication,1
0.826,E‑commerce management,2,E-commerce implementation,1
0.826,SAP SD,10,SAP BW,4
0.826,Code Debugging,2,System debugging,1
0.826,Monitoring systems,1,Monitoring solutions,1
0.826,VPN Services,1,IPVPN Services,1
0.826,RESTful API,65,RestAssured API,1
0.826,Shipping Logistics,1,Distribution logistics,1
0.826,CRM,5,CRM Support,1
0.826,Microsoft Visio,7,MS Visio,1
0.826,MS SQL Server,31,Microsoft SQL,7
0.826,IBM MQ,3,IBM WebSphere MQ,1
0.826,Data Center Infrastructure,1,Data Center Integration,1
0.826,Marketing Campaign Management,1,Marketing Campaigns,1
0.826,IT Security,17,IT Security Solutions,2
0.826,SIEM Management,7,SIEM Operations,1
0.826,Azure Solution Architecture,1,Azure Solutions,1
0.826,API Testing,17,REST API Testing,1
0.826,Junior developer mentoring,1,Junior mentorship,1
0.826,Presentation Skills,42,Client Presentation Skills,2
0.826,Cybersecurity Risk Assessment,2,Cyber Security Assessment,1
0.825,Payment Integration,2,Payment Terminal Integration,1
0.825,Ticket Management,12,Incident Ticket Management,2
0.825,VOIP implementation,1,VoIP administration,1
0.825,Kubernetes Security,1,Kubernetes Management,1
0.825,Kubernetes Administration,2,Kubernetes Security,1
0.825,SAP Infrastructure,1,SAP architecture,1
0.825,IT Infrastructure Design,2,IT infrastructure planning,1
0.825,Data Pipeline Architecture,1,Data Pipeline Orchestration,1
0.825,Automation,12,Automation Anywhere,10
0.825,WebLogic,3,Oracle WebLogic Server,1
0.825,Network Security,65,Network Security Configuration,1
0.825,OMP Software,1,OMP Platform,1
0.825,Patch Management,25,Middleware Patch Management,1
0.825,Hardware Support,12,Laptop hardware support,1
0.825,Mandarin Language,37,English Mandarin Bilingual,1
0.825,Agile Development,91,Agile Project Management,14
0.825,Testing,10,User Testing,2
0.825,Cybersecurity Management,2,Cybersecurity Operations,1
0.825,WAN/LAN Management,2,WAN/LAN Configuration,1
0.825,Supplier Performance Assessment,1,Supplier Performance Tracking,1
0.825,SOC 2 Compliance,1,ISO SOC2 compliance,1
0.825,Requirements Gathering,134,Business Requirements Gathering,10
0.825,Security Architecture,11,Enterprise Security Architecture,1
0.825,SAP Implementation,6,SAP API,1
0.825,AWS Cloud,70,AWS Cloud Architecture,2
0.825,Cloud Security Architecture,3,Cloud Security Solutions,1
0.825,Office 365 administration,4,Microsoft 365 admin,2
0.825,Cloud Computing,32,Cloud Technologies,4
0.825,e-Commerce development,4,E-commerce implementation,1
0.825,Azure Storage,2,Azure Storage Explorer,1
0.825,Azure services,2,Azure Solutions,1
0.825,Account Management,4,Account Planning,3
0.825,SCADA,3,SCADA Integration,2
0.825,Compliance Management,13,Compliance Frameworks,3
0.825,Firewall Management,41,Firewall Configuration,30
0.825,Information Security Policies,2,IT Security Policies,1
0.825,Team mentorship,1,Coaching & Mentoring,1
0.825,Cisco Routing,20,Routing,5
0.825,Stakeholder Engagement,15,Stakeholder facilitation,1
0.825,Swift,26,SWIFT Systems,1
0.825,IT Project Management,14,IT Project Planning,1
0.825,Windows Administration,32,Windows Admin,1
0.825,Cybersecurity Awareness,4,Cybersecurity awareness training,1
0.825,Resource Planning,9,Resource Management,3
0.825,Data Centre Operations,3,Data Center Infrastructure,1
0.824,Network Switching,4,Network Switches,2
0.824,Software Development,27,Software Engineering,10
0.824,Business Process Automation,2,Business Automation,2
0.824,Application Deployment,5,Deployment,1
0.824,Documentation Management,16,Documentation Writing,10
0.824,Microsoft Exchange,2,Exchange 2010,1
0.824,Cloud Networking,7,Azure Cloud Networking,1
0.824,Microsoft Teams Administration,1,Microsoft Teams Collaboration,1
0.824,IT Infrastructure Management,9,IT Infrastructure Design,2
0.824,Security Management,5,Network security management,1
0.824,VMware,7,VMware Virtualization Administration,1
0.824,AWS EKS,2,AWS ECS,1
0.824,VPN,6,VPN technologies,1
0.824,OpenAPI Specification,2,OpenAPI,2
0.824,UAT Support,10,UAT Management,1
0.824,Windows 10,7,Windows 10/11,3
0.824,User Story Writing,6,User story creation,1
0.824,LAN/WAN Administration,2,WAN administration,1
0.824,LAN/WAN Management,5,WAN/LAN design,1
0.824,Firmware Upgrade Management,1,Firmware Updates,1
0.824,Mentorship,2,Technical mentorship,1
0.824,MS Office,10,Microsoft Office Suite,5
0.824,ERP Development,8,ERP analysis,1
0.824,CCTV Management,3,CCTV maintenance,2
0.824,Compliance Monitoring,4,Compliance Inspection,1
0.824,Data Center Infrastructure,1,Data Center Networking,1
0.824,B2B Sales,1,B2B Marketing,1
0.824,FinTech Expertise,2,Fintech Solutions,1
0.824,Windows Troubleshooting,10,Computer Troubleshooting,1
0.824,Wireless Network Setup,1,WiFi setup,1
0.824,Server Hardware Replacement,1,Server Hardware Support,1
0.824,Active Directory,83,Active Directory Integration,1
0.824,Project Management,295,Project Planning,31
0.824,GUI development,2,UI Development,2
0.824,Azure infrastructure,1,Azure Architecture,1
0.824,Application Development,10,Application Development Framework,1
0.824,Networking,14,IP Networking,8
0.824,Monitoring and Observability,1,Observability engineering,1
0.824,Wireless Network Setup,1,Wireless Access Point Setup,1
0.824,Linux,40,Windows/Linux OS,1
0.824,SAP Infrastructure,1,SAP Business Technology Platform,1
0.824,ISO 27001 Compliance,11,ISO 27001 Implementation,1
0.824,KPI Management,7,Network KPI Management,1
0.824,LAN/WAN,4,WAN/LAN Management,2
0.824,ESXi Administration,1,ESXi,1
0.824,Salesforce,3,Salesforce.com,2
0.823,Billing Processing,1,Billing Systems,1
0.823,SQL,246,SQL Database,42
0.823,JSON Data,3,JSON Data Modeling,1
0.823,Asset inventory,2,IT Asset Inventory,1
0.823,Testing and debugging,1,Debugging Techniques,1
0.823,SD Integration,1,SD-MM Integration,1
0.823,Issue Resolution,12,Problem Resolution,2
0.823,Access Control,10,IAM access control,1
0.823,Salesforce CRM,4,CRM systems,2
0.823,ISO Standards,3,ISO Compliance,2
0.823,SAP Administration,2,SAP Technical Basis,1
0.823,Backup and Recovery,20,Backup Restore,4
0.823,AIX Administration,4,IBM AIX,1
0.823,Functional Specification Design,1,Functional Design,1
0.823,English Mandarin,3,Cantonese Mandarin,1
0.823,Photoshop,2,Photoshop Editing,1
0.823,Budget Planning,6,Budget Control,4
0.823,Hardware Support,12,Server Hardware Support,1
0.823,Microsoft Excel,61,Google Sheets,2
0.823,z/OS Administration,1,OS Administration,1
0.823,Server Virtualization,9,VM Virtualization,2
0.823,Software Development,27,Software Development Basics,2
0.823,Process Automation,24,Robotic Process Automation,9
0.823,TypeScript,68,Angular TypeScript,1
0.823,CCTV Administration,1,CCTV Security,1
0.823,IT Procurement,9,Technology Procurement,1
0.823,SAP FI,7,SAP BO,1
0.823,Issue Troubleshooting,15,Computer Troubleshooting,1
0.823,Mentoring Juniors,6,Junior developer mentoring,1
0.823,SOAP API,4,SOAP Services,2
0.823,LTE Technology,1,LTE Specifications,1
0.823,WAN/LAN Management,2,LAN/WAN Configuration,1
0.823,SDLC Management,8,SDLC Compliance,2
0.823,Network Security Architecture,2,Network security management,1
0.823,Stakeholder Communication,114,Stakeholder Engagement,15
0.823,.NET MVC,2,ASP.NET Core MVC,2
0.823,Cloud Solutions,5,Cloud applications,1
0.823,Bootstrap,46,Bootstrap CSS,3
0.823,Wireless Networking,6,Wi-Fi networking,1
0.823,PC Assembly,3,Hardware Assembly,1
0.823,Application debugging,2,System debugging,1
0.823,Access Control,10,Access Rights Management,1
0.823,IT Budgeting,11,IT Budget Management,2
0.822,Router Configuration,15,Modem Router Configuration,1
0.822,PAM Security,1,PAM,1
0.822,Compatibility Testing,3,Device compatibility testing,1
0.822,J2EE,9,Java J2EE,7
0.822,Supplier Quality,1,Supplier Performance,1
0.822,LAN/WAN Management,5,LAN/WAN,4
0.822,Digital Banking,4,Online Banking,1
0.822,SAP Technical Basis,1,SAP architecture,1
0.822,Security Assessment,3,Application Security Assessment,1
0.822,Web Performance Optimization,7,Website Optimization,1
0.822,Team Mentoring,5,Mentorship & Coaching,1
0.822,SAP,9,SAP PM,3
0.822,Infrastructure Management,4,Infrastructure Operations,1
0.822,vCenter Administration,1,vCenter Server,1
0.822,Vision-Language Reasoning,1,Vision-language AI,1
0.822,Spring Framework,34,Spring Java,1
0.822,Level 2 Troubleshooting,1,First-Level Troubleshooting,1
0.822,Junior developer mentoring,1,Mentoring junior staff,1
0.822,ITIL V4,3,ITIL v4 Foundation,1
0.822,Hadoop ecosystem,3,Hadoop Administration,1
0.822,Docker,86,Docker Containerization,3
0.822,Acceptance Testing,3,User Acceptance Testing Support,1
0.822,POS system maintenance,1,POS System Administration,1
0.822,Telecommunications,3,Telecommunications Integration,1
0.822,MVC Architecture,22,C# MVC,1
0.822,Network Protocols,8,Routing protocols,3
0.822,User-Centered Design,3,User-Centric Design,1
0.822,Distributed teams,3,Distributed Team Leadership,1
0.822,Level 1 Support,3,Third Level Support,2
0.822,Routing,5,Physical routing,1
0.822,TCP/IP Protocols,9,Network Protocols,8
0.822,JSON,19,JSON Manipulation,1
0.822,IT Infrastructure Management,9,IT infrastructure planning,1
0.822,SQL Database Management,2,Relational Database Management,1
0.822,Automation,12,Monitoring Automation,1
0.822,Financial Systems,2,Financial Systems Implementation,1
0.822,Warehouse Management,2,Warehouse System Integration,1
0.822,Storage System Management,1,Automatic Storage Management,1
0.822,SAP Implementation,6,SAP Workflow,2
0.822,Procurement Process,4,Procurement Strategy,1
0.822,International Collaboration,1,Multi-country collaboration,1
0.822,Integration Testing,39,System Integration Testing,13
0.822,Image Deployment,2,Imaging deployment,1
0.822,SAP FI,7,SAP PI,1
0.822,SD-WAN implementation,3,WAN Implementation,1
0.822,CCNA Networking,2,CCNA Wireless,1
0.822,Bash scripting,39,Unix scripting,2
0.822,Service Provisioning,1,Provisioning Systems,1
0.822,Metrics Tracking,1,Metric monitoring,1
0.822,ERP Systems,14,ERP Administration,1
0.822,Stakeholder Collaboration,16,Stakeholder Engagement,15
0.822,Software prototyping,2,Hardware Prototyping,1
0.822,Commissioning,2,Commissioning testing,1
0.821,SEO,7,Technical SEO,2
0.821,MGCP protocol,1,MGCP Signaling,1
0.821,Oracle Database,51,Oracle Database Architecture,1
0.821,ISO 9001 Compliance,3,ISO 9001,2
0.821,Security Incident Troubleshooting,1,Security Incident Analysis,1
0.821,Backup Restore,4,SQL backup restore,1
0.821,ServiceNow Ticketing,5,Service Desk Ticketing,1
0.821,IT Operations Support,2,Operational IT Support,1
0.821,CISSP Certification,18,CISM Certification,10
0.821,Windows Support,4,Windows 10 Support,1
0.821,Windows Administration,32,SharePoint Administration,8
0.821,Microsoft 365,22,Office 365 Suite,1
0.821,Fault Diagnosis,1,Electrical Fault Diagnosis,1
0.821,Relational Database Design,4,Database Schema Design,3
0.821,Security Compliance,17,Cybersecurity Compliance,1
0.821,Printer Support,14,Printer/Scanner Support,1
0.821,System Upgrades,4,Software Upgrades,2
0.821,Issue Escalation,8,Escalation Handling,4
0.821,SQL Server,117,SQL Database,42
0.821,Server Virtualization,9,Virtualization (VM),1
0.821,Java,222,Java 8,7
0.821,Game debugging,2,System debugging,1
0.821,ISO 14001,2,ISO 45001,1
0.821,Network Configuration,29,Network Device Configuration,2
0.821,Ticketing System Administration,1,Ticketing System Maintenance,1
0.821,PMO Management,1,PMO Setup,1
0.821,Identity Management,5,Privileged Identity Management,1
0.821,Linux System Administration,9,Linux Server Administration,8
0.821,Test Plan Development,7,Test Strategy Development,2
0.821,Web Applications,3,Web Application Architecture,2
0.821,Linux Administration,116,Unix/Linux Admin,1
0.821,Network LAN/WAN,1,Enterprise LAN/WAN,1
0.821,HVAC Systems,1,HVAC engineering,1
0.821,Dimensional Modeling,3,Multidimensional Modeling,1
0.821,Yield improvement,2,Yield Analysis,1
0.821,Microsoft Outlook,2,Outlook 365,1
0.821,NGINX server,1,Apache Nginx,1
0.821,IT Operations,6,IT Operations Support,2
0.821,User Flow Design,1,User Flows,1
0.821,ERP Implementation,44,ERP analysis,1
0.821,IT Operations Support,2,Operations Support,1
0.821,Network Testing,2,Network Penetration Testing,1
0.821,MVC Architecture,22,MVC Web Applications,1
0.821,GCP Cloud,9,GCP Cloud Database,1
0.821,Deployment,1,Deployment Planning,1
0.821,Scripting,6,Linux Scripting,4
0.821,Security Operations,4,Cybersecurity Operations,1
0.821,IDS/IPS configuration,2,IDS/IPS Solutions,1
0.821,Customization,1,Product customization,1
0.821,SAP BW/4HANA,1,SAP BI/BW,1
0.821,Test Strategy Development,2,Testing Strategies,1
0.821,User Access Management,7,User Management,1
0.821,DLP solutions,1,DLP,1
0.821,Stakeholder Management,241,Stakeholder Engagement,15
0.820,SAP Operations,1,SAP Technical Basis,1
0.820,Telecommunications,3,Telecommunications Sales,1
0.820,Report Development,10,Report design,1
0.820,Risk Assessment,45,Risk Identification,1
0.820,Cisco Switching,6,Cisco Switches,1
0.820,CAD software,1,3D CAD,1
0.820,Splunk Cloud,1,Splunk monitoring,1
0.820,Business Intelligence,48,Business Intelligence Reporting,2
0.820,SAP BI/BW,1,SAP BO,1
0.820,SQL Relational Databases,1,relational database implementation,1
0.820,Jira,55,Jira Administration,2
0.820,SAP Cloud,2,SAP HANA Cloud,1
0.820,Mentorship,2,Coaching & Mentoring,1
0.820,CRM Software,10,Salesforce CRM,4
0.820,Apache,5,Apache Web Server,2
0.820,Operational IT Support,1,Operational Support,1
0.820,EMV standards,2,EMV certification,1
0.820,Warehouse System Integration,1,Warehouse Operations,1
0.820,Performance Reporting,9,Report Performance Tuning,1
0.820,User Story Definition,1,User story creation,1
0.820,SAP,9,SAP BW/BO,1
0.820,VOIP Integration,2,VoIP protocols,1
0.820,Microsoft 365 Administration,11,Microsoft Office 365,2
0.820,SAP MM,14,SAP,9
0.820,Web Services Integration,3,Web Server Integration,1
0.820,Technical Troubleshooting,34,System Troubleshooting,19
0.820,Ticketing System Support,1,Service Ticketing,1
0.820,Policy Enforcement,5,IT Policy Enforcement,1
0.820,Technical networking,1,Computer Networking,1
0.820,SAP APO DP,1,SAP APO SNP,1
0.820,Functional Specification Writing,1,Functional Design Specification,1
0.820,Data Center Operations,7,Data Centre Design,1
0.820,AWS Cloud Services,12,Cloud services,8
0.820,Genesys Cloud,1,Genesys Cloud Architect,1
0.820,Unix Shell Scripting,13,Linux Scripting,4
0.820,Software Debugging,10,Game debugging,2
0.820,Antivirus Management,12,Anti-Virus Administration,1
0.820,Bahasa Malaysia,11,Bahasa Malaysia Communication,1
0.820,Parallel programming,1,Parallel Processing,1
0.820,Mainframe Systems,2,Mainframe,2
0.820,Video conferencing support,5,Polycom Video Conferencing,1
0.820,Endpoint Management,1,Endpoint Security Management,1
0.820,Firmware Development,2,Embedded Firmware,1
0.820,Performance Testing,26,.NET Performance Testing,1
0.820,Stakeholder Engagement,15,Stakeholder Analysis,1
0.820,Account Management,4,Enterprise Account Management,1
0.819,Calibration Management,1,Machine calibration,1
0.819,Stakeholder Collaboration,16,Stakeholder Liaison,2
0.819,Multitasking,12,Fast‑paced Multitasking,1
0.819,MCP,1,Microsoft MCP,1
0.819,Azure Virtual Networks,1,Azure Cloud Networking,1
0.819,POS System Support,3,POS System Administration,1
0.819,CAMSTAR System,1,Camstar,1
0.819,Application Support,31,Enterprise Application Support,1
0.819,Production Support,14,Manufacturing support,1
0.819,SQL Server,117,SQL Server Administration,4
0.819,Database Tuning,5,Database Optimization,4
0.819,Firewall Management,41,Network Firewall,1
0.819,Theme Customization,2,Customization,1
0.819,Waterfall Project Management,3,Waterfall development,1
0.819,KPI Monitoring,6,KPI Tracking,4
0.819,SAP Technical Basis,1,SAP Solutions,1
0.819,Active Directory,83,Active Directory authentication,1
0.819,SAP Training,2,SAP Administration,2
0.819,Stakeholder Management,241,Stakeholder Presentation,3
0.819,Batch Processing,3,Batch scripting,1
0.819,Multithreaded Programming,4,Java multithreading,1
0.819,Advanced Process Control,2,Process Control Engineering,1
0.819,MCSA,1,Microsoft MCSA,1
0.819,Customer Service,96,Customer Service Communication,3
0.819,Web Security,5,Web Security Best Practices,1
0.819,B2B E-commerce,1,B2B Marketplace,1
0.819,Change Order Management,1,Order Management,1
0.819,Schematic reading,1,Schematics Interpretation,1
0.819,Server Hardware Troubleshooting,5,PC hardware troubleshooting,3
0.819,Team Leadership,126,IT team leadership,1
0.819,SOC Operations,4,SOC Procedures,1
0.819,VoIP provisioning,1,VOIP Deployment,1
0.819,Advanced Process Control,2,Process Control Systems,1
0.819,WAN Design,3,WAN Technologies,1
0.819,Test Documentation,7,Test Case Documentation,1
0.819,Git workflow,1,Git Management,1
0.819,Stakeholder Collaboration,16,Stakeholder Workshop Facilitation,1
0.819,AWS,76,AWS EC2,14
0.819,Strategic Sales Planning,1,Strategic Marketing Planning,1
0.819,Security Governance,9,Information Security Governance,2
0.818,Security Monitoring,20,Cybersecurity Monitoring,1
0.818,Mobile Device Support,2,Android Device Support,1
0.818,SAP,9,SAP WM,1
0.818,Customer liaison,1,Client Liaison,1
0.818,cPanel,1,cPanel administration,1
0.818,SAP Configuration,11,SAP PO Configuration,1
0.818,XML,13,XML Parsing,1
0.818,Well data analysis,2,Well Data Interpretation,1
0.818,Stored Procedures,16,T-SQL Stored Procedures,1
0.818,Telephony Support,1,Telephony Integration,1
0.818,REST API,169,REST API Design,4
0.818,Procurement,2,Procurement and Deployment,1
0.818,Functional Design Documentation,1,Functional Design Specification,1
0.818,Mac OS,5,Mac OS support,1
0.818,Microsoft O365,4,Microsoft Office 365,2
0.818,Automation Testing,7,Automation Engineering,1
0.818,Ticketing System Administration,1,Service Ticketing,1
0.818,SAP Finance,2,SAP Operations,1
0.818,Logging,2,Log Monitoring,1
0.818,SECS-GEM integration,1,SECS/GEM,1
0.818,Data Replication,1,Replication technologies,1
0.818,Microsoft SQL,7,Advanced SQL,4
0.818,HTML5,78,HTML5 Markup,5
0.818,IT Service Management,40,IT Staff Management,1
0.818,XCTest testing,1,XCTest,1
0.818,Data quality checks,1,Data quality analysis,1
0.818,SAP SD,10,SAP PS,2
0.818,System Security,7,Software security,2
0.818,SQL Optimization,4,query optimisation,1
0.818,Cloud Infrastructure,14,Cloud Technologies,4
0.818,Virtualization (Hypervisor),1,Virtualization Operations,1
0.818,Git Management,1,Git Workflows,1
0.818,Technical Sales,4,Technical Pre-sales,4
0.818,User Access Control,2,User Access Security,1
0.818,Ticketing System Support,1,Ticketing System Maintenance,1
0.818,Security Assessment,3,Security Self-Assessment,1
0.818,Security Management,5,Security Systems Administration,1
0.818,Routings Management,1,Routing Device Management,1
0.818,VMware Virtualization,24,Virtualization (VM),1
0.818,Algorithms,14,algorithmic analysis,1
0.818,Customization,1,System Customization,1
0.818,ASP.NET Core MVC,2,C# MVC,1
0.818,Database Management,24,Database,1
0.818,Integration Development,4,Integration Management,1
0.818,User Story Development,5,User Story Definition,1
0.818,Hardware Troubleshooting,94,PC Troubleshooting,4
0.818,Server Deployment,2,Deployment,1
0.818,SEO Optimization,9,SEO,7
0.817,Customer Upselling,1,Upselling,1
0.817,Stakeholder Coordination,11,Stakeholder Negotiation,1
0.817,Desktop hardware troubleshooting,1,Desktop troubleshooting,1
0.817,SQL Database,42,SQL Database Management,2
0.817,Compliance Auditing,5,IT audit compliance,1
0.817,LAN/WAN design,6,LAN/WAN Management,5
0.817,IT project support,1,Project support,1
0.817,Deployment Management,5,Continuous Deployment,5
0.817,Design of Experiments,3,Experimentation Design,1
0.817,Oracle WebLogic,4,WebLogic Portal,1
0.817,Mobile UI/UX,2,Mobile UI Design,2
0.817,IT infrastructure integration,2,IT infrastructure support,2
0.817,SAP Workflow,2,SAP Operations,1
0.817,System Administration,23,IT systems administration,1
0.817,POS System Configuration,1,POS System Management,1
0.817,SAP ERP,14,SAP ERP 6.0,2
0.817,Test data management,2,Test Data Design,1
0.817,Incident Management,162,Incident Ticket Management,2
0.817,Technical Proposal,3,Technical proposal writing,2
0.817,System Commissioning,3,Electrical Commissioning,1
0.817,OpenShift,4,Red Hat OpenShift,2
0.817,LAN/WAN Management,5,LAN/WAN Configuration,1
0.817,IT Management,2,IT Performance Management,1
0.817,Metadata Management,3,Metadata Design,1
0.817,Cloud Architecture,22,Cloud Implementation,1
0.817,Virtual Desktop Infrastructure,1,Virtual Desktop,1
0.817,DevOps collaboration,1,DevOps Engineering,1
0.817,SAP Technical Basis,1,SAP Business Technology Platform,1
0.817,ServiceNow Integration,3,ServiceNow Architecture,1
0.817,Cisco CCNA,5,CCNA Wireless,1
0.817,DevOps,34,DevOps collaboration,1
0.817,Cost Analysis,4,Cost Modeling,1
0.817,Angular,93,Angular Frontend,1
0.817,Quality Assurance,68,Quality assurance auditing,1
0.817,Citrix Administration,1,Citrix Director,1
0.817,Code Debugging,2,Issue Debugging,1
0.817,Software Troubleshooting,43,Debugging and Troubleshooting,1
0.817,XML,13,XML processing,3
0.817,PHP,103,PHP 7,1
0.817,Routing configuration,2,IP routing,2
0.817,AWS Cloud,70,Cloud networking AWS,1
0.817,IT Policy Enforcement,1,IT Policy Management,1
0.817,Mobile Application Development,4,Mobile Product Development,1
0.817,Cloud-first Development,1,Cloud application development,1
0.817,CCTV Systems,5,CCTV Administration,1
0.817,VPN,6,VPN Management,5
0.817,Payment Gateway APIs,1,Payment Gateway,1
0.817,VOIP Integration,2,VoIP provisioning,1
0.817,AR/VR development,1,VR development,1
0.817,Requirements Gathering,134,Requirements Analysis,59
0.817,Database Programming,2,Database,1
0.816,Data Storage,5,Storage systems,1
0.816,Oracle ERP,5,Oracle ERP Cloud,1
0.816,SQL Database,42,SQL Relational Databases,1
0.816,Cross-team collaboration,2,Cross Cultural Collaboration,1
0.816,UAT Support,10,UAT Documentation,1
0.816,IT Technical Support,2,IT Service Support,1
0.816,Stakeholder Negotiation,1,Stakeholder facilitation,1
0.816,Azure Cloud,51,Azure services,2
0.816,Industrial engineering,1,Industrial Design,1
0.816,Security Management,5,IT Security Management,2
0.816,ERP Financial Management,1,ERP Accounting,1
0.816,Splunk app development,1,Splunk monitoring,1
0.816,Call Center Operations,2,Call Center Experience,1
0.816,Requirements Gathering,134,Requirements Management,3
0.816,Microservices Design,3,Java microservices,1
0.816,Office 365 administration,4,Microsoft Office 365,2
0.816,POS System Support,3,POS system maintenance,1
0.816,MS SQL Server,31,SQL Server Administration,4
0.816,Big Data,6,Big Data Analytics,5
0.816,AWS SQS/SNS,1,AWS SQS,1
0.816,OAuth,5,OAuth 2.0,3
0.816,Spring Framework,34,Java Spring,1
0.816,SIEM Management,7,SIEM Monitoring,3
0.816,Linux,40,Linux environment,3
0.816,Network Fundamentals,11,Network Basics,2
0.816,VOIP Integration,2,VoIP administration,1
0.816,Prototyping,11,Electronics Prototyping,1
0.816,User Story Writing,6,User Story Definition,1
0.816,BPM,1,BPM Modeling,1
0.816,Testing,10,Testing Strategies,1
0.816,System Performance Monitoring,2,Application Performance Monitoring,1
0.816,Windows Imaging,2,Desktop Imaging,1
0.816,Jenkins,40,CI/CD Jenkins,3
0.816,Product Development,3,Product Development Collaboration,1
0.816,Cloud services,8,Cloud applications,1
0.816,IDS/IPS Management,4,IDS/IPS monitoring,2
0.816,Remote Technical Support,1,Remote Network Support,1
0.816,Azure Cloud Services,8,Azure infrastructure,1
0.816,VBA scripting,3,VBA Macro Development,2
0.816,Backend Development,29,Backend Architecture,1
0.816,PyTorch,18,Machine Learning PyTorch,1
0.816,Cable Patch Wiring,1,Cable patching,1
0.816,Firewall Management,41,Firewall Implementation,1
0.816,HVAC Design,2,HVAC Systems,1
0.816,VOIP Integration,2,VoIP Management,1
0.816,Regulatory analysis,1,Regulatory Research,1
0.816,Commissioning activities,1,Site commissioning,1
0.816,Mainframe,2,Mainframe Administration,1
0.816,Asset Tracking,2,IT Asset Tracking,1
0.816,SIEM,7,SIEM Administration,6
0.815,LAN/WAN design,6,WAN/LAN Management,2
0.815,Storage Management,7,Storage solutions,3
0.815,WAN Technologies,1,WAN/LAN Engineering,1
0.815,DevOps,34,DevOps Methodologies,2
0.815,UAT Coordination,6,UAT Management,1
0.815,Financial Modeling,9,Financial Cost Modeling,1
0.815,Facilitation Skills,7,Training Facilitation,5
0.815,Knowledge Base,6,Knowledge Base Maintenance,1
0.815,Workflow Design,5,Workflow Management,1
0.815,SAP API,1,SAP SDK,1
0.815,Test Data Design,1,Test Data Preparation,1
0.815,Software Development Lifecycle,32,System development lifecycle,1
0.815,TCP/IP Networking,23,IP Networking,8
0.815,IT Infrastructure Procurement,1,IT Hardware Procurement,1
0.815,System Administration,23,Linux System Administration,9
0.815,Application Design,2,Web Application Design,1
0.815,WAN Design,3,WAN optimization,1
0.815,Telecommunications,3,Telecom Engineering,3
0.815,VPN Configuration,27,VPN,6
0.815,Linux Shell,1,Bash Shell,1
0.815,PC Troubleshooting,4,Desktop hardware troubleshooting,1
0.815,Software Licensing,2,Licensing Systems,1
0.815,DevOps Practices,32,DevOps collaboration,1
0.815,Cloud Security Architecture,3,Cloud Infrastructure Security,1
0.815,SAP Support,2,SAP Solutions,1
0.815,REST API Integration,13,Web API Integration,2
0.815,Architectural Design Patterns,1,System design patterns,1
0.815,DevOps Methodologies,2,DevOps collaboration,1
0.815,ERP Integration,13,SAP ERP Integration,1
0.815,Supplier Management,1,Supplier Selection,1
0.815,Microsoft Certified Systems Engineer,1,Microsoft Certified Professional,1
0.815,Security Policy Development,20,Security Strategy Development,3
0.815,SAP SD,10,SAP Administration,2
0.815,Software Architecture,32,System Architecture,10
0.815,Web Services,16,Web Services API,1
0.815,SAP CO,3,SAP PS,2
0.815,Asset Management,23,Asset Inventory Management,2
0.815,Backup Strategies,2,Backup Operations,1
0.814,Splunk,7,Splunk Queries,1
0.814,Report Writing,9,Technical Report Writing,1
0.814,Cucumber,6,BDD Cucumber,1
0.814,SAP SD/MM,1,SAP MM Integration,1
0.814,Software Design Patterns,2,Design pattern application,1
0.814,MPLS Protocol,1,IP-MPLS,1
0.814,Testing and debugging,1,Digital test debugging,1
0.814,Bilingual English Chinese,3,Fluent Chinese,1
0.814,Knowledge Base Management,7,Knowledge Management,2
0.814,TCP/IP Networking,23,TCP/IP Protocols,9
0.814,SAP,9,SAP PP,6
0.814,Solution Design,28,Technical Solution Design,2
0.814,Software Delivery,1,Program Delivery,1
0.814,Inventory Management,27,IT Inventory Management,3
0.814,Logging & Monitoring,1,Logging implementation,1
0.814,AI Agent Development,1,AI Agent Configuration,1
0.814,Data Automation,2,Data Collection Automation,1
0.814,SAP Business One,7,SAP Finance,2
0.814,Responsive Design,58,Responsive UI/UX,1
0.814,Performance Optimization,69,Game performance optimization,1
0.814,Cloud Security,28,AWS cloud security,2
0.814,Azure Synapse,2,Azure Synapse Pipelines,1
0.814,Mainframe Systems,2,Mainframe Administration,1
0.814,Apache Camel,2,Camel,1
0.814,User Access Review,2,Access Control Review,1
0.814,Network installation,2,LAN Installation,1
0.814,Live Chat Support,3,Live Chat,1
0.814,AIX Administration,4,AIX Unix,1
0.814,Bash scripting,39,Linux Scripting,4
0.814,Problem Solving,262,Technical Problem Solving,1
0.814,Software Documentation,8,Code documentation,6
0.814,Documentation,23,System Documentation,8
0.814,GitHub,12,GitHub collaboration,1
0.814,Unit Testing,104,Testing,10
0.814,Microsoft Dynamics,3,Microsoft Dynamics 365FO,2
0.814,Game debugging,2,Debugging Techniques,1
0.814,SDLC,41,SDLC Practices,1
0.814,IT audit compliance,1,IT Audit Coordination,1
0.814,LAN/Wi‑Fi Administration,1,LAN Administration,1
0.814,Network Security,65,Network Security Engineering,1
0.814,ISO 9001,2,ISO 37001,1
0.814,Business Process Analysis,39,Business Process Design,5
0.814,Vision Systems,1,Vision processing,1
0.814,Incident Management,162,Incident Escalation Management,1
0.814,Product Knowledge,4,Product knowledge transfer,1
0.814,Multi-Vendor Integration,1,Multi-vendor Coordination,1
0.814,Workstation Setup,2,Computer setup,1
0.813,Software customization,2,Customization,1
0.813,Dashboard Design,6,Custom Dashboard Development,1
0.813,Cyber threat research,1,Cyber threat intelligence,1
0.813,Cloud Solutions,5,Service Cloud,1
0.813,Solution architecture design,1,Software architecture design,1
0.813,Telecom Liaison,1,TELCO Liaison,1
0.813,Banking Applications,2,Banking Processes,1
0.813,Nginx,8,NGINX Configuration,2
0.813,Valid driver's license,2,Driver License,1
0.813,E-commerce Order Processing,1,Purchase Order Processing,1
0.813,Network performance monitoring,4,Network performance testing,1
0.813,Docker,86,Docker containerisation,1
0.813,Mentoring Engineers,6,Mentoring,5
0.813,Docker,86,Dockerfile,1
0.813,Software Troubleshooting,43,Issue Troubleshooting,15
0.813,Purchase Order Preparation,1,Purchase Order Processing,1
0.813,HTML5/CSS,1,HTML and CSS,1
0.813,AI model fine-tuning,1,Model fine-tuning,1
0.813,Redshift,2,Amazon Redshift,1
0.813,SASS,2,CSS/Sass,1
0.813,Office 365 administration,4,O365 Administration,1
0.813,Linux Administration,116,Linux System Admin,1
0.813,Murex,6,Murex Front Office,1
0.813,HTML front-end,1,Web Front-End,1
0.813,Test Strategy Planning,1,Testing Strategies,1
0.813,Test case execution,3,Test case analysis,1
0.813,MS Office,10,MS Office advanced,1
0.813,Financial Risk Modeling,1,Credit Risk Modeling,1
0.813,Business Process Management,2,Sales Process Management,1
0.813,CRM Management,12,CRM Software,10
0.813,LAN/WAN networking,4,LAN/Wireless networking,1
0.813,Web Application Development,15,Web Applications,3
0.813,Telephony systems,4,Telephony Administration,1
0.813,Hardware driver development,1,Windows driver development,1
0.813,Adobe Creative Suite,3,Adobe Creative Cloud,2
0.813,Documentation Standards,4,Documentation Practices,1
0.813,Test Case Management,4,Testing Management,1
0.813,Compliance Testing,3,Compliance Inspection,1
0.813,Server Maintenance,14,Server Hardware Maintenance,1
0.813,Database Programming,2,Database Scripting,1
0.813,Windows Server Admin,2,Microsoft Server Administration,1
0.813,Mandarin Language,37,Mandarin Reading,1
0.813,Insurance Industry Knowledge,1,General Insurance Knowledge,1
0.813,Mentoring Juniors,6,Mentoring Junior Engineers,1
0.813,Troubleshooting,115,Machine Troubleshooting,1
0.813,SAP ERP Integration,1,SAP Integration Suite,1
0.813,VPN,6,VPN implementation,4
0.813,IT Audit Coordination,1,IT Audit Planning,1
0.813,Data Management,4,Data Storage Management,1
0.813,RESTful API,65,RESTful Services,4
0.813,Data Storage,5,Storage solutions,3
0.813,Test Case Design,31,Test Case Management,4
0.813,Application debugging,2,Debugging Techniques,1
0.813,SNMP monitoring,2,SNMP Configuration,1
0.813,Software Deployment,16,Project Deployment,2
0.813,Test Script Development,9,Script Development,1
0.813,SIEM Analysis,1,SIEM Engineering,1
0.813,API Development,29,API Design,11
0.813,Virtualization platforms,3,Virtual Machines,2
0.813,PKI Implementation,2,PKI,1
0.812,REST API,169,RESTful API Integration,6
0.812,SEO Optimization,9,Search Engine Optimization,4
0.812,Firewall Administration,16,Firewall policy,1
0.812,NGINX Configuration,2,NGINX server,1
0.812,System Configuration,24,IT System Configuration,1
0.812,Embedded Systems,6,embedded computing,1
0.812,Payroll Systems,2,Payroll Software,2
0.812,Integration design,2,Technical Integration Design,1
0.812,Informatica,2,Informatica ETL,1
0.812,Automation,12,Equipment Automation,1
0.812,Team Leadership,126,Global Team Leadership,1
0.812,Software Documentation,8,System Documentation,8
0.812,License Management,6,IT license management,1
0.812,Concurrency programming,2,Concurrency patterns,1
0.812,DevOps Practices,32,DevOps Culture,2
0.812,VOIP Integration,2,VOIP Support,1
0.812,Vendor Management,130,Vendor Risk Management,1
0.812,Banking Applications,2,Banking Implementation,1
0.812,LAN networking,2,LAN Management,1
0.812,Procurement Process,4,Procurement Software,1
0.812,Magento CMS,1,Web CMS,1
0.812,Agile Coaching,3,Scrum Coaching,1
0.812,AutoCAD,4,AutoCAD Drafting,2
0.812,Facility Maintenance,1,Facility Operations,1
0.812,Cloud Architecture,22,Hybrid Cloud Architecture,2
0.812,Security Risk Assessment,4,Security Vulnerability Assessment,1
0.812,Code reviews,9,Source Code Review,4
0.812,IT security controls,2,IT Security Policies,1
0.812,Data Lake,4,Data Lakehouse,3
0.812,High Transaction Processing,2,Transaction Processing,1
0.812,Site Deployment,1,Deployment,1
0.812,Interface Development,3,Interface Design,1
0.812,Inventory Management,27,Asset Inventory Management,2
0.812,OSPF,5,OSPF Protocol,2
0.812,SAP,9,SAP Business Technology Platform,1
0.812,Linux operating system,1,Unix OS,1
0.812,ASP.NET Core MVC,2,ASP.NET MVC5,1
0.812,Service Desk Support,4,Service Desk Operations,2
0.812,System Monitoring,35,System Performance Monitoring,2
0.812,Azure,60,Azure infrastructure,1
0.812,Team Mentoring,5,Mentorship,2
0.812,Threat intelligence analysis,5,Cyber threat intelligence,1
0.812,Pricing Analysis,1,Pricing Procedures,1
0.812,UI Design,7,Web UI Design,1
0.812,IT Audit,11,IT SOP Audits,1
0.812,Hardware Installation,36,Server Hardware Installation,1
0.812,Oracle RDBMS,3,RDBMS,3
0.812,Access Control,10,Access Control Review,1
0.812,Audio Visual Systems,1,Audio-Visual Setup,1
0.812,VOIP Support,1,VoIP provisioning,1
0.812,Full Stack Development,26,Full Stack Architecture,1
0.812,Bug Detection,1,Bug testing,1
0.812,Site Visit Coordination,1,Site Coordination,1
0.811,Shopify Development,1,Shopify API,1
0.811,IoT,2,IoT Security,1
0.811,Mobile Development,20,Hybrid Mobile Development,3
0.811,Programming Fundamentals,3,Programming Basics,1
0.811,JSON,19,JSON Parsing,3
0.811,Metrics Development,2,Metrics Analysis,1
0.811,CI/CD,72,CI/CD Integration,1
0.811,High Availability,14,Database High Availability,1
0.811,Lean Six Sigma,7,Six Sigma,4
0.811,Application Architecture,1,Software architecture design,1
0.811,Front-end Architecture,4,Front-end Technologies,1
0.811,Application Security,9,Software security,2
0.811,Issue Escalation,8,Escalation Procedures,1
0.811,Incident Response,66,Incident response management,1
0.811,Material Management,1,Material Handling,1
0.811,ERP System Support,3,ERP functional support,1
0.811,UI/UX Design,43,UI/UX Implementation,1
0.811,Networking,14,Technical networking,1
0.811,Real-time systems,4,Real-time Processing,2
0.811,Azure,60,Azure ML,2
0.811,Server Hardware Administration,1,Server hardware,1
0.811,LAN/WAN Management,5,WAN/LAN Configuration,1
0.811,FinTech Knowledge,9,Fintech Solutions,1
0.811,LAN Configuration,5,WAN/LAN Configuration,1
0.811,Functional requirements definition,1,Non-functional requirements definition,1
0.811,Mentoring junior staff,1,Mentoring Junior Developers,1
0.811,CCTV Surveillance,1,IP CCTV,1
0.811,Network Performance Analysis,2,Network performance testing,1
0.811,Ticketing System Administration,1,Ticketing system documentation,1
0.811,Data Center Infrastructure,1,Data Center Ops,1
0.811,Telecommunications,3,Telecommunications law,1
0.811,Windows/Linux OS,1,Linux (Ubuntu),1
0.811,IT Infrastructure,12,IT infrastructure planning,1
0.811,Data Normalization,2,database normalisation,1
0.811,SAP Solutions,1,SAP Infrastructure,1
0.811,AWS Services,4,AWS IoT Services,1
0.811,PC installation,2,PC Setup,1
0.811,HTML5 CSS3,3,HTML5/CSS,1
0.811,NAS,2,File NAS,1
0.811,Drupal CMS,2,Web CMS,1
0.811,Linux OS,13,Linux OS installation,1
0.811,Compliance Monitoring,4,Compliance Testing,3
0.811,Backend Development,29,Backend API Development,1
0.811,Process Design,8,Manufacturing process design,1
0.811,Jenkins,40,Jenkins CI/CD,14
0.811,Windows 10,7,Windows 10 Support,1
0.811,Infrastructure Management,4,Infrastructure engineering,1
0.811,Microsoft IIS,2,IIS web server,1
0.811,Ticketing System Support,1,Ticketing system documentation,1
0.811,SAP,9,SAP Implementation,6
0.811,Vue 3,3,Vuex,1
0.811,SOAP Web Services,17,SOAP API,4
0.811,Nginx,8,Nginx web server,1
0.811,Team Management,1,Global Team Management,1
0.811,Data Encryption,3,Encryption techniques,1
0.811,SQL,246,Relational SQL,1
0.811,IDS/IPS,4,IDS/IPS monitoring,2
0.811,Profinet protocol,1,Profinet networking,1
0.810,Databricks Platform,3,Databricks Workflows,1
0.810,Cloud Monitoring,1,CloudWatch Monitoring,1
0.810,IDoc Integration,2,IDoc Processing,1
0.810,Cloud applications,1,Cloud Administration,1
0.810,CKAD certification,1,CKA certification,1
0.810,AWS Cloud Architecture,2,AWS Solution Architecture,1
0.810,Full Development Lifecycle,1,System development lifecycle,1
0.810,Mentorship,2,Engineering Mentorship,1
0.810,Stakeholder Communication,114,Stakeholder facilitation,1
0.810,Lean Methodology,1,Lean Development,1
0.810,Product Launch,1,Product Launch Management,1
0.810,ISO 27001,18,ISO 14001,2
0.810,GCP,8,GCP Cloud Services,1
0.810,Project Implementation,8,IT Project Implementation,1
0.810,Splunk Enterprise,1,Splunk monitoring,1
0.810,Telephony systems,4,Telecommunication Systems,1
0.810,SAP Configuration,11,SAP HR Configuration,1
0.810,AWS Cloud Services,12,Cloud networking AWS,1
0.810,QoS Configuration,2,QoS management,1
0.810,Version Control,35,Revision control,1
0.810,Audio Visual Systems,1,Audio Visual Tech,1
0.810,Data Center Ops,1,Data centre management,1
0.810,Relational Databases,10,Relational Database Design,4
0.810,Automation,12,Automation Testing,7
0.810,Payment Systems,5,Payment Processing,2
0.810,Security Controls Monitoring,1,Security Controls,1
0.810,Mobile Application Testing,3,Mobile Test Automation,1
0.810,Server hardware,1,Server Hardware Installation,1
0.810,DevOps collaboration,1,DevOps Strategy,1
0.810,B2B Marketplace,1,B2B Marketing,1
0.810,Microsoft Teams,11,MS Teams,1
0.810,WAN Configuration,1,WAN Implementation,1
0.810,High Availability Architecture,1,Database High Availability,1
0.810,Business Central,3,Business Central Administration,1
0.810,CISA Certification,9,CISA,4
0.810,HP Aruba Switching,1,Aruba Switching,1
0.810,ISO 27002,1,ISO 27001 Implementation,1
0.810,ERP Development,8,Manufacturing ERP,2
0.810,SAP Access Administration,1,SAP Authorization,1
0.810,Camstar PLM,1,Camstar,1
0.810,Six Sigma,4,Six Sigma Methodology,1
0.810,Software Debugging,10,Debugging and Troubleshooting,1
0.810,Router Configuration,15,WiFi router setup,1
0.810,Network Security Architecture,2,Network Security Engineering,1
0.810,Splunk Analysis,1,Splunk app development,1
0.810,SAP Analytics Cloud,3,SAP Cloud Platform,1
0.810,Firewall Configuration,30,Firewall policy,1
0.810,Transaction Processing,1,transaction management,1
0.810,SAP Support,2,SAP Infrastructure,1
0.810,Oracle RDBMS,3,Oracle DB,2
0.809,Production Support,14,Production Release Support,1
0.809,Cisco Unified Communications,3,Unified Communications,2
0.809,Risk Analysis,1,Risk Identification,1
0.809,IDoc Integration,2,IDoc Development,1
0.809,VMware vSAN,2,vSAN,1
0.809,SQL,246,Advanced SQL,4
0.809,SAP Integration,12,SAP MM Integration,1
0.809,Security Policy Development,20,Security policy enforcement,2
0.809,Test Plan Development,7,Test Strategy Planning,1
0.809,Building Codes,2,Building Codes Compliance,1
0.809,VBA scripting,3,VBScript scripting,1
0.809,Message Queues,4,Message queue integration,1
0.809,CCTV System Integration,2,CCTV installation,1
0.809,Team Leadership,126,Team Management,1
0.809,Azure,60,Azure Administration,5
0.809,Deployment Management,5,Deployment Automation,3
0.809,IP Networking,8,IP Network Configuration,1
0.809,SAP,9,SAP BI/BW,1
0.809,ISO 14001,2,ISO 14001 Compliance,1
0.809,JIRA Issue Tracking,1,Bug tracking (JIRA),1
0.809,Scheduling Coordination,1,Flexible Scheduling,1
0.809,Payroll Processing,3,Payroll Systems,2
0.809,Cloud Computing,32,Cloud Administration,1
0.809,Firewall Configuration,30,Firewall Administration,16
0.809,GCP Cloud Services,1,GCP Cloud Database,1
0.809,Azure services,2,Azure infrastructure,1
0.809,CCNP,3,CCNP Enterprise,1
0.809,HRIS,4,HRIS Implementation,1
0.809,Azure Cloud Services,8,Azure App Service,1
0.809,IT Technical Support,2,IT infrastructure support,2
0.809,Oracle PL/SQL,9,SQL/PLSQL,1
0.809,Security Patch Management,2,OS Patch Management,1
0.809,Mandarin Language,37,Mandarin Fluency,14
0.809,Policy Development,7,Policy analysis,1
0.809,Industrial Automation,4,Factory Automation Engineering,1
0.809,Splunk,7,Splunk app development,1
0.809,Backup Administration,10,Backup Operations,1
0.809,XML,13,XML Editing,1
0.809,Incident response management,1,Incident Escalation Management,1
0.809,Telephony systems,4,Telephony Integration,1
0.809,Security Protocols,3,Cybersecurity Protocols,1
0.809,System Configuration,24,Operating system configuration,1
0.809,Web Security,5,Site Security,1
0.809,Network Packet Analysis,3,Wireshark packet analysis,2
0.809,Routing Technologies,1,Routing Equipment,1
0.809,GraphQL,8,GraphQL Apollo,1
0.809,Automation Engineering,1,System automation,1
0.809,Hybrid Mobile Development,3,Hybrid App Development,1
0.809,Procurement Coordination,3,Procurement Strategy,1
0.809,Procurement Software,1,Procurement System Support,1
0.809,Cost tracking,1,Expense Tracking,1
0.809,Cloud server management,1,Cloud Administration,1
0.809,User Account Management,11,User Access Management,7
0.809,IT Security Solutions,2,Security Solutions,1
0.809,Telecommunication Support,1,Telecommunication Systems,1
0.809,SAP Administration,2,SAP Consulting,1
0.809,Clean Code,7,Clean Code Practices,1
0.809,Jira,55,Jira Management,1
0.809,Training Development,4,Training Management,1
0.808,System Commissioning,3,Commissioning activities,1
0.808,Commissioning,2,Site commissioning,1
0.808,Change Request Management,3,Change Request Support,1
0.808,Google Cloud Platform,28,Cloud Platforms,5
0.808,System automation,1,Monitoring Automation,1
0.808,Elasticsearch,9,Elasticsearch clustering,1
0.808,ServiceNow,23,ServiceNow Administration,2
0.808,Networking,14,Packet Networking,1
0.808,High Availability Architecture,1,Availability Management,1
0.808,Project Management,295,Digital Project Management,2
0.808,SaaS Application Support,1,SaaS Solutions,1
0.808,DB2,1,DB2/400,1
0.808,Audit Coordination,4,Audit facilitation,1
0.808,Network Infrastructure,9,Network Systems,1
0.808,SSL/TLS Encryption,3,SSL/TLS certificates,1
0.808,Financial Services,18,Financial Systems,2
0.808,Documentation Management,16,Documentation maintenance,1
0.808,Risk Analysis,1,Risk sensitivity analysis,1
0.808,Software Troubleshooting,43,Problem Troubleshooting,4
0.808,Telecom Protocols,2,Communication protocols,1
0.808,CCTV Security,1,IP CCTV,1
0.808,Vulnerability Assessment,26,Vulnerability Scanning,9
0.808,VMware vSphere,7,vSphere Administration,2
0.808,Cisco Routing,20,Network Routing,7
0.808,Git,146,Git Management,1
0.808,Purchase Order Management,3,Order Management,1
0.808,SIEM implementation,2,SIEM rule development,1
0.808,IT security controls,2,IT Security Management,2
0.808,Mobile Application Development,4,Mobile-First Development,2
0.808,Engineering Inspection,1,Quality inspection,1
0.808,Web Development,35,Web Game Development,1
0.808,PKI Administration,1,PKI,1
0.808,Failure Analysis,3,Failure investigation,1
0.808,Proposal Writing,4,Technical proposal writing,2
0.808,IT Security,17,IT Security Hardening,1
0.808,Agile Methodology,223,Agile Environment,1
0.808,Requirements Engineering,2,Requirements Specification,2
0.808,SAP PS,2,SAP Administration,2
0.808,Pre-sales Engineering,13,Pre-sales,2
0.808,Shift Support,3,24/7 Shift Support,1
0.808,Software Testing,51,System Testing,21
0.808,Role-Based Access Control,2,Access Control Management,2
0.808,Security Tool Configuration,2,Security Configuration Management,1
0.808,LAN Configuration,5,LAN Connectivity,1
0.808,Business Application Support,2,Enterprise Application Support,1
0.808,Bootstrap,46,Bootstrap UI,1
0.808,Use Case Modeling,5,Use Case Development,2
0.808,Microsoft Office 365,2,Outlook 365,1
0.808,Data Modeling,78,Database modeling,1
0.808,Audit Management,3,Audit Rule Management,1
0.808,SAP FI,7,SAP Fiori,4
0.808,e-Commerce development,4,E‑commerce management,2
0.808,Stakeholder Presentation,3,Stakeholder Negotiation,1
0.808,CRM Software,10,CRM implementation,2
0.807,Hardware Repair,5,Hardware Replacement,2
0.807,Inventory Control,2,Asset Inventory Control,1
0.807,CCTV System Integration,2,CCTV system maintenance,2
0.807,Application Architecture,1,enterprise application architecture,1
0.807,Data Monitoring,1,Database Monitoring,1
0.807,Windows system administration,1,OS Administration,1
0.807,SAS,5,Base SAS,1
0.807,WAN/LAN Networking,1,Enterprise LAN/WAN,1
0.807,Computer Vision,12,Vision processing,1
0.807,Server-side development,2,Client-Server Development,1
0.807,VPN Configuration,27,VPN implementation,4
0.807,Firewall Administration,16,Network Firewall,1
0.807,Intrusion Detection Systems,2,Intrusion Prevention System,1
0.807,Software Integration,4,Application Integration,2
0.807,LAN/WAN networking,4,Enterprise LAN/WAN,1
0.807,Database Management,24,Data Management,4
0.807,Interface Development,3,Interface Management,1
0.807,XML handling,1,XML Parsing,1
0.807,Node.js Development,15,Node.js Backend,2
0.807,SDLC Implementation,1,SDLC Processes,1
0.807,SAP HANA,10,SAP HANA Cloud Platform,1
0.807,Documentation,23,Documentation Writing,10
0.807,Solaris,1,Oracle Solaris,1
0.807,SAP CO,3,SAP Administration,2
0.807,Stakeholder Collaboration,16,Stakeholder Presentation,3
0.807,Solution Design,28,Solution architecture design,1
0.807,Project Management,295,IT Project Management,14
0.807,ERP Systems,14,ERP Service Management,1
0.807,Client Consulting,3,Consulting Experience,2
0.807,Service Management,4,Service Delivery Management,3
0.807,Scheduling Management,1,Job scheduler management,1
0.807,SOAP,6,SOAP Services,2
0.807,SAP FI,7,SAP CO,3
0.807,Cybersecurity Management,2,Cybersecurity Strategy,2
0.807,UI Design,7,Mobile UI Design,2
0.807,iOS/Android Support,1,Android support,1
0.807,FICO integration,1,SD-FICO Integration,1
0.807,Rapid Prototyping,3,High Fidelity Prototyping,1
0.807,Unix/Linux administration,3,Windows/Linux Administration,1
0.807,Access Rights Management,1,Security Access Management,1
0.807,ETL Development,41,ETL Support,1
0.807,Asset Management,23,Asset Accounting,1
0.807,Big Data Handling,1,Big Data Solutions,1
0.807,Microsoft Teams Collaboration,1,MS Teams integration,1
0.807,SAP Operations,1,SAP Solutions,1
0.807,SAS,5,SAS Access,1
0.807,CCTV Systems,5,IP CCTV,1
0.807,LAN/WAN Management,5,Enterprise LAN/WAN,1
0.807,SAP Business One,7,SAP Business Technology Platform,1
0.807,Scripting Automation,2,Windows scripting,1
0.807,Business Process Analysis,39,Business Process Management,2
0.807,Microsoft Exchange,2,Exchange Online,1
0.807,Network Systems,1,Business network systems,1
0.807,Network security management,1,Network Security Design,1
0.807,Project Planning,31,IT Project Planning,1
0.807,Security Vulnerability Assessment,1,Vulnerability Testing,1
0.806,Data Warehouse,11,Data Warehouse Modeling,1
0.806,Mac OS,5,Apple macOS,1
0.806,Web Design,3,Web UI Design,1
0.806,CISSP Certification,18,CISSP,3
0.806,Database Performance Tuning,5,SQL Tuning,1
0.806,SAP CO,3,SAP BO,1
0.806,SAP MM,14,SAP MM Integration,1
0.806,Business Process Documentation,3,Business Documentation,2
0.806,SAP Cloud,2,SAP Cloud Connector,1
0.806,VPN Management,5,VPN implementation,4
0.806,BNM RMiT Compliance,1,RMIT compliance,1
0.806,Database Administration,17,Database,1
0.806,Telecom Engineering,3,Telecom Systems,1
0.806,Reporting,10,User Reporting,1
0.806,Audit Management,3,Audit facilitation,1
0.806,Supply Chain IT,2,Supply Chain Systems,1
0.806,IDS/IPS monitoring,2,IPS/IDS,1
0.806,User Story Writing,6,User Story Elaboration,1
0.806,Debugging,72,Hardware debugging,3
0.806,LAN,1,LAN Connectivity,1
0.806,Privileged account management,1,Privileged Identity Management,1
0.806,IT Security Management,2,IT Security Solutions,2
0.806,Data Analytics,31,Google Analytics,7
0.806,System Audits,2,Software Auditing,1
0.806,Business Process Analysis,39,Business Process Modeling,21
0.806,Network connectivity,1,LAN Connectivity,1
0.806,System Audits,2,System Health Auditing,1
0.806,Business Process Mapping,4,ERP Process Mapping,1
0.806,Troubleshooting,115,Software Troubleshooting,43
0.806,Client Interaction,2,Client Coordination,1
0.806,Software Patching,2,Vulnerability Patching,1
0.806,UAT Management,1,UAT Documentation,1
0.806,SOC Operations,4,SOC coordination,1
0.806,Technical Evaluation,2,Technical Assessment,1
0.806,Database fundamentals,3,Database,1
0.806,Email Management,1,Email Handling,1
0.806,Commission Management,1,Commission Modeling,1
0.806,Vendor liaison,7,Customer liaison,1
0.806,Incident Escalation,7,Escalation Procedures,1
0.806,Patch Management,25,System Patching,1
0.806,Risk Management,130,Technical Risk Management,1
0.806,Security Certifications,2,Salesforce Certifications,1
0.806,Team Collaboration,143,Project collaboration,1
0.806,ERP functional support,1,ERP software support,1
0.806,Windows OS,38,Microsoft Windows,3
0.806,Cisco Firewall,3,Firewall,3
0.806,Requirements Analysis,59,Requirements Management,3
0.806,Use Case Development,2,use case modelling,1
0.806,Supply Chain Management,7,Supply Chain Coordination,3
0.806,Documentation,23,Business Documentation,2
0.806,ServiceNow Platform,6,ServiceNow Architecture,1
0.806,SAP HANA high availability,1,SAP HANA Cloud,1
0.806,Linux system programming,1,System Programming,1
0.806,Packet Networking,1,Networking protocols,1
0.806,Report Generation,17,Report Development,10
0.806,Product Management,11,Product Data Management,1
0.806,Windows Administration,32,Salesforce Administration,5
0.806,IT Technical Support,2,IT Support Management,1
0.806,GPU Computing,1,GPU inference,1
0.806,Data Center Infrastructure,1,Data Centre Design,1
0.806,Performance Metrics,2,Performance analysis,2
0.806,Telecommunications Integration,1,Telephony Integration,1
0.805,PostgreSQL database,10,PostgreSQL SQL,1
0.805,IT Service Management,40,Service Management,4
0.805,Finance Integration,1,Financial Services Integration,1
0.805,Ticketing System,82,Ticketing system documentation,1
0.805,SAP B1 Customization,2,SAP B1 Configuration,1
0.805,Application Development,10,Application Engineering,1
0.805,SaaS Solutions,1,SaaS integration,1
0.805,AV system configuration,1,AV System Design,1
0.805,Project Management,295,Project Delivery Management,1
0.805,Bilingual English Mandarin,8,Mandarin translation,1
0.805,Data Center Architecture,2,Data centre management,1
0.805,Azure AD,2,Azure AD Sync,1
0.805,IT Risk Management,4,Technology Risk Management,1
0.805,Device driver development,2,Windows driver development,1
0.805,Rapid Prototyping,3,Software prototyping,2
0.805,WAN/LAN Management,2,Enterprise LAN/WAN,1
0.805,CCTV Management,3,CCTV Surveillance,1
0.805,SAP HANA,10,SAP HANA upgrade,1
0.805,Drupal CMS,2,CMS Management,1
0.805,ESXi Management,1,ESXi,1
0.805,Oracle Database,51,Oracle RDBMS,3
0.805,Nginx web server,1,Apache Nginx,1
0.805,AJAX,13,AJAX Requests,1
0.805,ERP Implementation,44,ERP Systems,14
0.805,Windows scripting,1,Windows batch scripting,1
0.805,CRM,5,CRM implementation,2
0.805,Web Performance Optimization,7,Website Performance,1
0.805,Ticketing System,82,Ticket Management,12
0.805,Design Patterns,31,Design Pattern Documentation,1
0.805,Agile Methodology,223,Agile Scrum,96
0.805,User Training,59,End-User Training,17
0.805,Workday Configuration,2,Workday Integration,1
0.805,Oracle,15,Oracle ERP,5
0.805,PC hardware troubleshooting,3,Computer Troubleshooting,1
0.805,IoT Architecture,2,IoT Platform,1
0.805,Microservices Architecture,37,Java microservices,1
0.805,Business Process Modeling,21,Business Process Management,2
0.805,SIEM Management,7,SIEM,7
0.805,Welding Process Knowledge,1,Welding,1
0.805,Factory Automation Engineering,1,Automation Engineering,1
0.805,SAP HANA DBA,1,SAP HANA security,1
0.805,Security Auditing,6,System Audits,2
0.805,PMO Coordination,1,PMO Management,1
0.805,Bitbucket,1,Bitbucket SCM,1
0.805,Vue.js,51,Vue 3,3
0.805,Network Troubleshooting,111,LAN troubleshooting,1
0.805,Cisco Telephony Systems,1,Alcatel Telephony Systems,1
0.805,Patch Management,25,Patch Deployment,3
0.805,Automation,12,Automation software development,1
0.805,ETL Development,41,ETL Tooling,1
0.805,System Configuration,24,Configuration,1
0.805,Process Modeling,15,Process Design,8
0.805,MPLS Network,1,MPLS VPN,1
0.805,Event Management,2,Event Planning,1
0.804,API Integration,58,RESTful API Integration,6
0.804,KYC procedures,1,KYC Compliance,1
0.804,Web Services Integration,3,Web Services API,1
0.804,Embedded Systems,6,Embedded applications,1
0.804,Video conferencing equipment,1,Polycom Video Conferencing,1
0.804,Network Design,23,Network Architecture,7
0.804,Access Control Systems,3,Access Management,2
0.804,SAP Operations,1,SAP architecture,1
0.804,LAN/WAN support,2,WAN/LAN Networking,1
0.804,Application Pen Testing,1,Infrastructure Pen Testing,1
0.804,Data Analytics,31,Marketing Analytics,2
0.804,Cisco Nexus,3,Cisco Nexus Switches,2
0.804,Front-end Development,30,Front-end Technologies,1
0.804,Cisco Router Configuration,2,Cisco Network Configuration,1
0.804,Microsoft Certified Systems Engineer,1,Microsoft Certified IT Professional,1
0.804,Gap Analysis,9,Fit-Gap Analysis,4
0.804,Project Management,295,Project Engineering,1
0.804,LAN/WAN,4,Enterprise LAN/WAN,1
0.804,Access Control,10,Role-Based Access Control,2
0.804,Ticketing System Management,2,Ticketing system documentation,1
0.804,File Management,1,file handling,1
0.804,Credit Risk,1,Credit Risk Modeling,1
0.804,Routing Technologies,1,Physical routing,1
0.804,Requirements Analysis,59,User Requirement Analysis,1
0.804,Procurement Process,4,Procurement Coordination,3
0.804,AutoCAD design,3,AutoCAD Drafting,2
0.804,IT infrastructure support,2,IT Service Support,1
0.804,Scheduling Management,1,Schedule control,1
0.804,Microsoft Excel,61,Advanced Excel,19
0.804,SAP SD,10,SAP S/4HANA SD,1
0.804,ActiveMQ Messaging,1,ActiveMQ,1
0.804,Application Lifecycle Management,2,System Lifecycle Management,1
0.804,Software Debugging,10,Testing Debugging,2
0.804,Continuous Improvement,13,Continuous quality improvement,1
0.804,IDoc Integration,2,IDocs/BAPIs Integration,1
0.804,Microsoft Defender,4,Microsoft Defender XDR,1
0.804,IT Security,17,IT Security Policies,1
0.804,Network Security Design,1,Network Security Engineering,1
0.804,IDoc Development,1,IDoc Monitoring,1
0.804,VPN Services,1,VPN support,1
0.804,Cybersecurity Practices,4,Cybersecurity Strategy,2
0.804,MS SQL Server,31,MS SQL Administration,2
0.804,Cloud Infrastructure Security,1,Cloud Security Solutions,1
0.804,Bilingual Communication,22,Multilingual Communication,13
0.804,SAP Business One,7,SAP Administration,2
0.804,Object-Oriented Design,15,basic object-oriented programming,1
0.804,Web Applications,3,Web Application Design,1
0.804,SLA Management,38,SLA/KPI Management,1
0.804,Testing and debugging,1,Debugging and Troubleshooting,1
0.804,Data Recovery,2,Data backup and recovery,1
0.804,Process Engineering,1,process management,1
0.804,Business Forecasting,1,Financial Forecasting,1
0.804,Agile Methodology,223,Agile Activate Methodology,1
0.804,IT Operations Management,3,IT Operations Support,2
0.804,Ticketing System,82,Ticketing System Maintenance,1
0.804,CCTV Surveillance,1,CCTV Administration,1
0.804,Logistics Coordination,4,Logistics Planning,1
0.804,Project Deployment,2,IT Project Deployment,1
0.804,Technical Consulting,4,Consulting Services,2
0.804,Phishing Simulation,1,Phishing Analysis,1
0.804,SAP PS,2,SAP EHS,1
0.804,SIEM rule development,1,SIEM Analysis,1
0.804,API debugging,1,API Troubleshooting,1
0.804,Project Implementation,8,Project Design,1
0.804,RMA Coordination,3,RMA handling,1
0.804,Network security management,1,Network Security Configuration,1
0.804,Network Administration,52,Network Management,6
0.804,UAT Coordination,6,UAT Planning,2
0.804,User Access Management,7,Access Rights Management,1
0.804,Integration design,2,Integration Architecture,2
0.804,Supply Chain Coordination,3,Supply Chain Systems,1
0.804,Requirements Gathering,134,Requirements Engineering,2
0.804,Documentation Writing,10,Word Documentation,1
0.804,Telephony Administration,1,VoIP administration,1
0.804,Junior mentorship,1,Team mentorship,1
0.804,WAN connectivity,1,WAN Technologies,1
0.804,Ticket Management,12,Ticketing System Administration,1
0.804,SAP Operations,1,SAP Sales,1
0.804,SD-WAN,9,SD-WAN Velocloud,2
0.803,Azure Security,1,Azure Information Protection,1
0.803,IT Configuration Management,1,IT System Configuration,1
0.803,Training Development,4,Training material development,1
0.803,IT Audit,11,IT asset audit,1
0.803,Deployment,1,File Deployment,1
0.803,Database development,2,Database,1
0.803,Nutanix virtualization,1,Nutanix Hypervisor,1
0.803,IT Vendor Coordination,1,Multi-vendor Coordination,1
0.803,SAP,9,SAP SDK,1
0.803,Splunk administration,1,Splunk Logging,1
0.803,Microsoft Dynamics NAV,3,Microsoft NAV,1
0.803,Server Maintenance,14,Service Maintenance,1
0.803,Risk Management,130,Operational Risk Management,1
0.803,Huawei Delivery Processes,1,Huawei Cloud Operations,1
0.803,SAP FICO,13,SAP Fiori,4
0.803,Data Storage,5,Storage Architecture,1
0.803,Oracle WebLogic Server,1,WebLogic Portal,1
0.803,Azure Cloud,51,Azure infrastructure,1
0.803,Pre-sales Engineering,13,Sales Engineering,1
0.803,Data Confidentiality,1,Data Privacy,1
0.803,CCTV Systems,5,CCTV system maintenance,2
0.803,Warranty Claims,1,Warranty Analysis,1
0.803,Inventory Management,27,Inventory Tracking,1
0.803,Financial Accounting,7,Asset Accounting,1
0.803,CRM Software,10,CRM,5
0.803,Cloud services,8,Cloud Administration,1
0.803,VPN Configuration,27,VPN Management,5
0.803,Project Design,1,Project Engineering,1
0.803,Process Design,8,process management,1
0.803,IT Networking,2,Computer Networking,1
0.803,Software Patching,2,OS Patching,1
0.803,Real-time Processing,2,Real-time Data,1
0.803,SAP Implementation,6,SAP Administration,2
0.803,Procurement Processing,2,Procurement Software,1
0.803,Data Analytics,31,Web Analytics,2
0.803,WiFi setup,1,WiFi access point setup,1
0.803,Supply chain configuration,1,Supply Chain Operations,1
0.803,Computer Networking,1,Networking Technologies,1
0.803,Software testing process,1,Software Testing Methodologies,1
0.803,Escalation Handling,4,Problem Escalation,2
0.803,5G Networks,1,5G Technology,1
0.803,Linux,40,Unix OS,1
0.803,HRMS support,1,HRM systems,1
0.803,AWS IAM,2,AWS ECS,1
0.803,IT Management,2,IT systems administration,1
0.803,Forecasting,1,Financial Forecasting,1
0.803,Apache,5,Apache HTTP Server,1
0.803,Enterprise Architecture,12,Business Architecture,3
0.803,Stakeholder Management,241,Business stakeholder communication,1
0.803,Cloud Architecture,22,Cloud Infrastructure,14
0.803,SAP Business One,7,SAP Sales,1
0.802,Stakeholder Presentation,3,Business stakeholder communication,1
0.802,SAP,9,SAP Functional,1
0.802,Incident Ticket Management,2,Incident Problem Management,1
0.802,Mobile Application Testing,3,Mobile Performance Testing,1
0.802,SAP Data Services,2,SAP Cloud,2
0.802,MPLS,3,MPLS Protocol,1
0.802,LAN/WAN support,2,WAN/LAN design,1
0.802,SaaS Development,3,SaaS integration,1
0.802,Red Hat Linux,4,RHEL Linux,2
0.802,Application Lifecycle Management,2,User Lifecycle Management,1
0.802,GCP,8,GCP Certified,1
0.802,DevOps Practices,32,DevOps Deployment,1
0.802,Alteryx,3,Alteryx Designer,1
0.802,Quality Assurance Testing,1,Quality Assurance Processes,1
0.802,Fraud Management,1,Fraud Detection,1
0.802,Functional Requirements,1,Functional Design Specification,1
0.802,Motherboard repair,1,PC Hardware Repair,1
0.802,Cross Selling,2,Cross-selling & Upselling,1
0.802,Databricks,3,Databricks Workflows,1
0.802,ROI Optimization,1,ROI Analysis,1
0.802,SSL/TLS Configuration,1,SSL/TLS certificates,1
0.802,ERP Implementation,44,ERP Management,3
0.802,Network Security Policies,1,Network Security Configuration,1
0.802,Workflow Design,5,Workflow Logic,1
0.802,Agile Methodology,223,Scrum Agile,2
0.802,SIEM Integration,2,SIEM implementation,2
0.802,Network Configuration,29,Network Router Configuration,1
0.802,Design Pattern Documentation,1,Design pattern implementation,1
0.802,VMware Virtualization,24,VMware ESXi,3
0.802,Message Queuing,2,Message queue integration,1
0.802,Junior mentorship,1,Mentorship & Coaching,1
0.802,Database Replication,1,Replication technologies,1
0.802,ITIL Service Management,16,ITIL problem management,2
0.802,Azure Sentinel,4,Microsoft Sentinel,2
0.802,User Access Security,1,Security Access Management,1
0.802,Budget Forecasting,2,IT Budget Forecasting,1
0.802,WAN Design,3,WAN connectivity,1
0.802,Backup Management,16,Backup Solutions,5
0.802,SQL Queries,19,Microsoft SQL,7
0.802,SAP BTP,2,SAP BW/BO,1
0.802,System Patching,1,Network Patching,1
0.802,Windows Server Administration,25,Windows system administration,1
0.802,RPA development,11,RPA Testing,1
0.802,Cost Analysis,4,Cost effectiveness analysis,1
0.802,Networking,14,Networking Technologies,1
0.802,Citrix Virtualization,1,Citrix Cloud,1
0.802,Manufacturing Systems,2,Manufacturing operations,1
0.802,Office 365 administration,4,MS365 Administration,1
0.802,Shell Scripting,34,Linux Scripting,4
0.802,SAP Implementation,6,SAP Infrastructure,1
0.802,OpenShift Platform,3,OpenShift Container,1
0.802,CSS,87,HTML and CSS,1
0.802,Office Administration,6,Business Administration,1
0.802,Unix Administration,10,Unix,8
0.802,Personal Branding,2,Professional Branding,1
0.802,MVC,21,ASP.NET MVC5,1
0.802,Storage Management,7,Storage Architecture,1
0.802,Japanese (JLPT N1),2,Japanese N1,1
0.802,Programming,2,Programming Basics,1
0.802,Dynamics 365 CE,1,Dynamics 365 ERP,1
0.802,gRPC,4,gRPC API,2
0.802,Test Data Preparation,1,Data Preparation,1
0.802,macOS Support,6,Apple macOS,1
0.801,Splunk Enterprise,1,Splunk app development,1
0.801,KPI Development,4,KPI Definition,1
0.801,VB.NET,35,Visual Basic .NET,1
0.801,Quality Control,7,Quality Management,5
0.801,Access Control Systems,3,Security Access Control,1
0.801,Software Project Management,3,Project Management Methodology,1
0.801,Pre-sales Consulting,11,Post-sales Consulting,1
0.801,Network Security Design,1,Network security solutions,1
0.801,HRMS support,1,HRMS administration,1
0.801,Security Management,5,Security Operations,4
0.801,Call Center Operations,2,Call Center Support,1
0.801,ERP Development,8,ERP Training,1
0.801,Agile Development,91,Agile DevOps,1
0.801,XML,13,XML Integration,1
0.801,Salesforce Administration,5,Salesforce,3
0.801,LAN/WAN networking,4,LAN/WAN support,2
0.801,SAP CRM,1,SAP SRM,1
0.801,ArcGIS software,1,ArcGIS,1
0.801,System Documentation,8,SharePoint documentation,1
0.801,WiFi setup,1,Wireless Configuration,1
0.801,Data Center Operations,7,Data Center Networking,1
0.801,Cybersecurity,23,Cybersecurity Support,1
0.801,Schematic reading,1,Schematic analysis,1
0.801,Business Requirements,2,Business Requirements Elicitation,1
0.801,Security Operations Management,1,Security Systems Administration,1
0.801,Fortigate Firewall,10,FortiGate configuration,1
0.801,Pricing Strategy,3,Pricing Procedures,1
0.801,Python Scripting,96,Python automation,4
0.801,WAN/LAN Configuration,1,WAN/LAN Engineering,1
0.801,Web Application Development,15,Web Application Design,1
0.801,Technical Solution Design,2,Technical Design,1
0.801,Security Incident Troubleshooting,1,Security Incident Handling,1
0.801,Salesforce Billing,1,Billing Systems,1
0.801,Java,222,Java 11,2
0.801,IT infrastructure maintenance,2,IT Security Maintenance,1
0.801,Routing configuration,2,Routings Management,1
0.801,SAP,9,SAP architecture,1
0.801,Project Management,295,Project Portfolio Management,1
0.801,Distributed Systems,11,Distributed Computing,2
0.801,EDI Integration,4,EDI Interface,1
0.801,VMware vSphere,7,VMware vSAN,2
0.801,Network Security Design,1,Network Security Configuration,1
0.801,Monitoring and Logging,1,Logging implementation,1
0.801,Equipment commissioning,1,Electrical Commissioning,1
0.801,Security Management,5,Security Incident Management,3
0.801,LAN/WAN,4,LAN networking,2
0.801,Market Research,14,Market Analysis,5
0.801,MVC Architecture,22,.NET MVC,2
0.800,Capacity Management,3,Capacity Monitoring,1
0.800,Server Management,9,Game Server Management,1
0.800,Cybersecurity,23,Cybersecurity Strategy,2
0.800,Performance troubleshooting,2,Performance debugging,1
0.800,Software Maintenance,4,Code maintenance,2
0.800,Stakeholder Engagement,15,Stakeholder Presentation,3
0.800,Application Lifecycle Management,2,Lifecycle management,1
0.800,User Access Management,7,User Access Security,1
0.800,VPN Management,5,VPN Setup,4
0.800,Cloud server management,1,Azure Cloud Management,1
0.800,Job Search Strategies,2,Job Search,1
0.800,ERP Systems,14,ERP analysis,1
0.800,Incident Management,162,Incident Analysis,1
0.800,Azure Cloud Platform,1,Azure Cloud Management,1
0.800,SAP ERP,14,SAP PS,2
0.800,Middleware Integration,6,Middleware Administration,1
0.800,Authentication Solutions,1,authentication implementation,1
0.800,Threat Analysis,5,Threat Monitoring,3
0.800,Client Communication,19,Client Coordination,1
0.800,Metrics Development,2,Metric monitoring,1
0.800,Microsoft 365,22,Microsoft 365 Exchange,2
0.800,Securities Trading Knowledge,1,Trading Knowledge,1
0.800,Monitoring Automation,1,Intelligent Automation,1
0.800,Virtualization platforms,3,VM Virtualization,2
0.800,Easytrieve Reporting,1,Easytrieve,1
0.800,SAP B1 Customization,2,SAP B1 Implementation,1
0.800,L1/L2 Support,1,L3/L4 Support,1
0.800,Virtualization platforms,3,Virtualization Operations,1
