skill (most used spelling),uses,spellings,all spellings
JavaScript,303,5,JavaScript | JavaScript Development | JavaScript programming | JavaScript Programming | JavaScript development
Project Management,295,4,Project Management | Project management | Project Management Tools | project management
Problem Solving,262,3,Problem Solving | Problem solving | problem solving
SQL,246,7,SQL | SQL Programming | SQL programming | SQL Development | SQL Basics | SQL development | SQL basics
Python,246,5,Python | Python Programming | Python programming | Python Development | Python development
Stakeholder Management,241,2,Stakeholder Management | Stakeholder management
Agile Methodology,223,4,Agile Methodology | Agile Methodologies | Agile methodology | Agile methodologies
Java,222,5,Java | Java Programming | Java programming | Java Development | Java development
Technical Documentation,195,2,Technical Documentation | Technical documentation
React,172,12,React | React.js | ReactJS | React JS | React framework | React Framework | React Development | React development | ReactJS Development | ReactJS development | ReactJS framework | React library
REST API,169,4,REST API | REST APIs | REST API development | REST API Development
C#,163,5,C# | C# Development | C# programming | C# Programming | C# development
Incident Management,162,2,Incident Management | Incident management
Git,146,1,Git
Team Collaboration,143,2,Team Collaboration | Team collaboration
Data Analysis,138,2,Data Analysis | Data analysis
Requirements Gathering,134,5,Requirements Gathering | Requirement Gathering | Requirements gathering | Requirement gathering | requirements gathering
MySQL,134,1,MySQL
Business Analysis,133,2,Business Analysis | Business analysis
Risk Management,130,4,Risk Management | Risk management | Risk Management Knowledge | risk management
Vendor Management,130,2,Vendor Management | Vendor management
Team Leadership,126,3,Team Leadership | Team leadership | team leadership
CI/CD Pipelines,118,3,CI/CD Pipelines | CI/CD pipelines | CI/CD Pipeline
Change Management,118,2,Change Management | Change management
Technical Support,118,2,Technical Support | Technical support
SQL Server,117,2,SQL Server | Microsoft SQL Server
Linux Administration,116,2,Linux Administration | Linux administration
Troubleshooting,115,2,Troubleshooting | Troubleshooting Skills
Stakeholder Communication,114,2,Stakeholder Communication | Stakeholder communication
Network Troubleshooting,111,2,Network Troubleshooting | Network troubleshooting
Node.js,107,3,Node.js | NodeJS | NodeJS Development
Unit Testing,104,2,Unit Testing | Unit testing
PHP,103,6,PHP | PHP Development | PHP development | PHP programming | PHP Framework | PHP Programming
Python Scripting,96,2,Python Scripting | Python scripting
Agile Scrum,96,1,Agile Scrum
Customer Service,96,2,Customer Service | Customer service
Communication Skills,95,3,Communication Skills | Communication skills | Communication
Hardware Troubleshooting,94,2,Hardware Troubleshooting | Hardware troubleshooting
Angular,93,7,Angular | AngularJS | Angular Framework | Angular framework | AngularJS framework | Angular JS | Angular.js
.NET,92,6,.NET | .NET Framework | .NET Development | .NET development | .NET framework | .NET programming
Power BI,91,3,Power BI | PowerBI | Power BI Development
Agile Development,91,3,Agile Development | Agile | Agile development
Cross-functional Collaboration,89,6,Cross-functional Collaboration | Cross-functional collaboration | Cross-Functional Collaboration | Cross Functional Collaboration | Cross‑functional Collaboration | Cross‑Functional Collaboration
CSS,87,1,CSS
Docker,86,1,Docker
Git Version Control,84,3,Git Version Control | Git version control | Git VersionControl
Active Directory,83,1,Active Directory
Ticketing System,82,4,Ticketing System | Ticketing Systems | Ticketing systems | Ticketing system
Root Cause Analysis,80,2,Root Cause Analysis | Root cause analysis
C++,78,5,C++ | C++ programming | C++ Programming | C++ development | C++ Development
Data Modeling,78,2,Data Modeling | Data modeling
HTML5,78,2,HTML5 | HTML5 Development
AWS,76,2,AWS | AWS Fundamentals
Process Improvement,75,2,Process Improvement | Process improvement
HTML,73,1,HTML
Debugging,72,4,Debugging | Debugging Skills | Debugging skills | Debugging Tools
CI/CD,72,1,CI/CD
English Communication,71,2,English Communication | English communication
PowerShell Scripting,71,2,PowerShell Scripting | PowerShell scripting
User Acceptance Testing,70,2,User Acceptance Testing | User acceptance testing
AWS Cloud,70,2,AWS Cloud | AWS cloud
Kubernetes,69,1,Kubernetes
Performance Optimization,69,2,Performance Optimization | Performance optimization
PostgreSQL,68,1,PostgreSQL
TypeScript,68,7,TypeScript | TypeScript language | TypeScript programming | TypeScript Language | TypeScript Development | TypeScript development | TypeScript Programming
Data Visualization,68,2,Data Visualization | Data visualization
Quality Assurance,68,2,Quality Assurance | Quality assurance
Incident Response,66,2,Incident Response | Incident response
Test Automation,66,5,Test Automation | Test automation | Test Automation Framework | Test Automation Frameworks | Test automation frameworks
RESTful API,65,4,RESTful API | RESTful APIs | RESTful API Development | RESTful API development
Network Security,65,4,Network Security | Network security | Network security principles | Network security fundamentals
Microsoft Excel,61,3,Microsoft Excel | Excel | Excel Proficiency
Project Coordination,60,2,Project Coordination | Project coordination
Windows Server,60,1,Windows Server
Azure,60,5,Azure | Microsoft Azure | Azure Development | Azure Fundamentals | Azure development
Requirements Analysis,59,4,Requirements Analysis | Requirement Analysis | Requirements analysis | Requirement analysis
User Training,59,3,User Training | User training | User Training Development
Responsive Design,58,2,Responsive Design | Responsive design
API Integration,58,2,API Integration | API integration
Code Review,56,2,Code Review | Code review
Jira,55,5,Jira | JIRA | JIRA Tool | Jira Tool | JIRA tool
jQuery,55,3,jQuery | jQuery Library | jQuery library
Object-Oriented Programming,54,5,Object-Oriented Programming | Object-oriented programming | Object Oriented Programming | Object-oriented development | object-oriented programming
Performance Tuning,54,2,Performance Tuning | Performance tuning
Disaster Recovery,54,2,Disaster Recovery | Disaster recovery
MongoDB,54,1,MongoDB
Regulatory Compliance,53,2,Regulatory Compliance | Regulatory compliance
System Integration,53,4,System Integration | System integration | Systems Integration | Systems integration
Microsoft Office,52,1,Microsoft Office
ASP.NET,52,3,ASP.NET | ASP.NET Development | ASP.NET development
Network Administration,52,2,Network Administration | Network administration
HTML/CSS,52,4,HTML/CSS | HTML CSS | HTML/CSS Development | HTML & CSS
Software Testing,51,2,Software Testing | Software testing
Azure Cloud,51,3,Azure Cloud | Azure cloud | Azure Cloud Development
Vue.js,51,3,Vue.js | VueJS framework | VueJS
Oracle Database,51,2,Oracle Database | Oracle database
Machine Learning,50,2,Machine Learning | Machine learning
Budget Management,50,2,Budget Management | Budget management
SQL Querying,49,2,SQL Querying | SQL querying
Laravel,49,3,Laravel | Laravel Framework | Laravel framework
ITIL Framework,49,4,ITIL Framework | ITIL | ITIL framework | ITIL knowledge
Business Intelligence,48,2,Business Intelligence | Business intelligence
Bootstrap,46,3,Bootstrap | Bootstrap framework | Bootstrap Framework
Risk Assessment,45,2,Risk Assessment | Risk assessment
Server Administration,45,2,Server Administration | Server administration
MSSQL,45,3,MSSQL | MS SQL | MSSQL Development
Spring Boot,44,2,Spring Boot | Spring Boot Framework
ERP Implementation,44,2,ERP Implementation | ERP implementation
Docker containers,43,2,Docker containers | Docker Containers
UI/UX Design,43,2,UI/UX Design | UI/UX design
Customer Support,43,2,Customer Support | Customer support
Time Management,43,2,Time Management | Time management
Android Development,43,4,Android Development | Android development | Android programming | Android
Software Troubleshooting,43,2,Software Troubleshooting | Software troubleshooting
Microservices,42,1,Microservices
SQL Database,42,4,SQL Database | SQL Databases | SQL databases | SQL database
Data Governance,42,2,Data Governance | Data governance
Presentation Skills,42,4,Presentation Skills | Presentation skills | Presentation development | Presentation Development
SDLC,41,3,SDLC | SDLC Knowledge | SDLC knowledge
ETL Development,41,4,ETL Development | ETL | ETL development | ETL Tools
Firewall Management,41,2,Firewall Management | Firewall management
Jenkins,40,1,Jenkins
IT Service Management,40,2,IT Service Management | IT service management
React Native,40,1,React Native
Linux,40,4,Linux | Linux development | Linux programming | Linux Fundamentals
Bash scripting,39,2,Bash scripting | Bash Scripting
Capacity Planning,39,2,Capacity Planning | Capacity planning
Analytical Thinking,39,3,Analytical Thinking | Analytical thinking | analytical thinking
Integration Testing,39,2,Integration Testing | Integration testing
Business Process Analysis,39,2,Business Process Analysis | Business process analysis
Tableau,38,1,Tableau
SLA Management,38,2,SLA Management | SLA management
Windows OS,38,1,Windows OS
Mandarin Communication,38,2,Mandarin Communication | Mandarin communication
Remote Support,37,3,Remote Support | Remote support | Remote Support Tools
Microservices Architecture,37,3,Microservices Architecture | Microservices architecture | microservices architecture
Flutter,37,4,Flutter | Flutter Development | Flutter Framework | Flutter development
Mandarin Language,37,5,Mandarin Language | Mandarin Proficiency | Mandarin proficiency | Mandarin | Mandarin language
Hardware Installation,36,2,Hardware Installation | Hardware installation
Software Installation,36,2,Software Installation | Software installation
Solution Architecture,35,3,Solution Architecture | Solution architecture | Solutions architecture
Network Monitoring,35,3,Network Monitoring | Network monitoring | Network Monitoring Tools
CSS3,35,1,CSS3
VB.NET,35,5,VB.NET | VB.NET development | VB.NET Development | VB.NET programming | VB.Net
System Monitoring,35,2,System Monitoring | System monitoring
Web Development,35,2,Web Development | Web development
Version Control,35,2,Version Control | Version control
Shell Scripting,34,2,Shell Scripting | Shell scripting
Technical Troubleshooting,34,2,Technical Troubleshooting | Technical troubleshooting
DevOps,34,2,DevOps | DevOps Tools
Desktop Support,34,2,Desktop Support | Desktop support
C# .NET,34,3,C# .NET | C#/.NET | C#/.NET development
iOS Development,34,2,iOS Development | iOS development
Data Migration,34,2,Data Migration | Data migration
Spring Framework,34,2,Spring Framework | Spring
Ansible Automation,33,2,Ansible Automation | Ansible automation
.NET Core,33,1,.NET Core
Azure DevOps,33,1,Azure DevOps
Kubernetes Orchestration,33,2,Kubernetes Orchestration | Kubernetes orchestration
Software Development Lifecycle,32,5,Software Development Lifecycle | Software Development Life Cycle | Software development lifecycle | Software lifecycle | software development lifecycle
Software Architecture,32,2,Software Architecture | Software architecture
Cloud Computing,32,2,Cloud Computing | Cloud computing
Windows Administration,32,2,Windows Administration | Windows administration
DevOps Practices,32,2,DevOps Practices | DevOps practices
Automated Testing,32,2,Automated Testing | Automated testing
Test Case Design,31,2,Test Case Design | Test case design
Automation Scripting,31,2,Automation Scripting | Automation scripting
MS SQL Server,31,2,MS SQL Server | MSSQL Server
Project Planning,31,2,Project Planning | Project planning
Infrastructure as Code,31,2,Infrastructure as Code | Infrastructure as code
Design Patterns,31,2,Design Patterns | Design patterns
Application Support,31,2,Application Support | Application support
Data Analytics,31,2,Data Analytics | Data analytics
Kotlin,30,4,Kotlin | Kotlin Programming | Kotlin programming | Kotlin Development
Firewall Configuration,30,2,Firewall Configuration | Firewall configuration
Statistical Analysis,30,2,Statistical Analysis | Statistical analysis
Front-end Development,30,4,Front-end Development | Frontend Development | Front-End Development | Front-end development
Test-Driven Development,29,3,Test-Driven Development | Test Driven Development | Test-driven development
Kafka,29,2,Kafka | Apache Kafka
Backend Development,29,4,Backend Development | Back-end Development | Backend development | Back-end development
API Development,29,2,API Development | API development
Network Configuration,29,2,Network Configuration | Network configuration
Google Cloud Platform,28,1,Google Cloud Platform
Cloud Security,28,3,Cloud Security | Cloud security | cloud security
Test Planning,28,2,Test Planning | Test planning
Regression Testing,28,2,Regression Testing | Regression testing
Solution Design,28,2,Solution Design | Solution design
Dashboard Development,27,2,Dashboard Development | Dashboard development
Manual Testing,27,2,Manual Testing | Manual testing
PL/SQL,27,3,PL/SQL | PL/SQL Development | PL/SQL Programming
Configuration Management,27,2,Configuration Management | Configuration management
VPN Configuration,27,2,VPN Configuration | VPN configuration
Software Development,27,3,Software Development | Software development | software development
Inventory Management,27,2,Inventory Management | Inventory management
Full Stack Development,26,5,Full Stack Development | Full-stack development | Full-Stack Development | Full-stack Development | full-stack development
Swift,26,5,Swift | Swift Programming | Swift programming | SWIFT | Swift Development
Performance Testing,26,2,Performance Testing | Performance testing
Help Desk Support,26,4,Help Desk Support | Helpdesk Support | Helpdesk support | Help desk support
Terraform,26,1,Terraform
Vulnerability Assessment,26,2,Vulnerability Assessment | Vulnerability assessment
Customer Communication,26,2,Customer Communication | Customer communication
Data Warehousing,26,2,Data Warehousing | Data warehousing
IT Support,26,2,IT Support | IT support
ASP.NET MVC,26,1,ASP.NET MVC
Data Integration,26,2,Data Integration | Data integration
IT Asset Management,26,2,IT Asset Management | IT asset management
SAP S/4HANA,26,2,SAP S/4HANA | SAP S/4 HANA
Functional Specification,26,4,Functional Specification | Functional Specification Development | Functional specifications | Functional specification
Scrum,26,4,Scrum | Scrum Framework | Scrum framework | Scrum Fundamentals
English Proficiency,25,4,English Proficiency | English proficiency | English Language | English
Windows Server Administration,25,2,Windows Server Administration | Windows Server administration
Performance Monitoring,25,2,Performance Monitoring | Performance monitoring
ITIL Processes,25,2,ITIL Processes | ITIL processes
Patch Management,25,2,Patch Management | Patch management
MySQL Database,24,2,MySQL Database | MySQL database
Database Management,24,2,Database Management | Database management
Analytical Problem Solving,24,2,Analytical Problem Solving | Analytical problem solving
Leadership,24,4,Leadership | Leadership Skills | Leadership Development | Leadership skills
Selenium,24,1,Selenium
System Configuration,24,2,System Configuration | System configuration
Process Automation,24,3,Process Automation | Process automation | Process Automation Knowledge
WordPress,24,2,WordPress | WordPress Development
Confluence,24,2,Confluence | Confluence Tool
Penetration Testing,24,2,Penetration Testing | Penetration testing
VMware Virtualization,24,2,VMware Virtualization | VMware virtualization
PMP Certification,23,1,PMP Certification
Functional Testing,23,2,Functional Testing | Functional testing
Network Design,23,2,Network Design | Network design
Asset Management,23,2,Asset Management | Asset management
TCP/IP Networking,23,2,TCP/IP Networking | TCP/IP networking
System Administration,23,3,System Administration | System administration | Systems Administration
Cybersecurity,23,4,Cybersecurity | Cyber Security | Cybersecurity Fundamentals | Cybersecurity Frameworks
Office 365,23,1,Office 365
Documentation,23,2,Documentation | Documentation Skills
ServiceNow,23,2,ServiceNow | ServiceNow Development
Entity Framework,23,1,Entity Framework
Apache Spark,23,2,Apache Spark | Spark
Power Automate,23,2,Power Automate | Power Automate development
Process Mapping,22,1,Process Mapping
Software Design,22,4,Software Design | Software Design Principles | Software design | software design
Negotiation Skills,22,2,Negotiation Skills | Negotiation skills
MVC Architecture,22,2,MVC Architecture | MVC architecture
Cloud Architecture,22,2,Cloud Architecture | Cloud architecture
Microsoft 365,22,1,Microsoft 365
Bilingual Communication,22,2,Bilingual Communication | Bilingual communication
Technical Presentation,22,4,Technical Presentation | Technical presentations | Technical Presentations | Technical presentation
Terraform IaC,21,1,Terraform IaC
Data Structures,21,2,Data Structures | Data structures
System Testing,21,2,System Testing | System testing
Business Process Modeling,21,1,Business Process Modeling
Visual Studio,21,1,Visual Studio
Hardware Maintenance,21,2,Hardware Maintenance | Hardware maintenance
MVC,21,4,MVC | MVC framework | MVC Frameworks | MVC Framework
Security Policy Development,20,3,Security Policy Development | Security policy development | Security Policies
Backup and Recovery,20,2,Backup and Recovery | Backup and recovery
Vulnerability Management,20,2,Vulnerability Management | Vulnerability management
Customer Relationship Management,20,2,Customer Relationship Management | Customer relationship management
Cisco Routing,20,2,Cisco Routing | Cisco routing
IT Documentation,20,2,IT Documentation | IT documentation
Redis,20,1,Redis
Process Optimization,20,2,Process Optimization | Process optimization
Mobile Development,20,2,Mobile Development | Mobile development
Security Monitoring,20,2,Security Monitoring | Security monitoring
Analytical Skills,20,3,Analytical Skills | Analytical Programming | Analytical skills
Advanced Excel,19,1,Advanced Excel
UAT Testing,19,2,UAT Testing | UAT testing
Problem Management,19,1,Problem Management
Process Documentation,19,2,Process Documentation | Process documentation
JSON,19,1,JSON
System Troubleshooting,19,2,System Troubleshooting | System troubleshooting
SQL Queries,19,3,SQL Queries | SQL queries | SQL Query Development
Cross-Browser Compatibility,19,3,Cross-Browser Compatibility | Cross-browser Compatibility | Cross-browser compatibility
Continuous Integration,19,2,Continuous Integration | Continuous integration
Hibernate ORM,19,1,Hibernate ORM
Client Communication,19,2,Client Communication | Client communication
Technical Leadership,19,2,Technical Leadership | Technical leadership
Java EE,19,1,Java EE
Financial Services,18,2,Financial Services | Financial Services Knowledge
ISO 27001,18,1,ISO 27001
TCP/IP,18,3,TCP/IP | TCP/IP Fundamentals | TCP/IP fundamentals
Next.js,18,2,Next.js | NextJS
PyTorch,18,4,PyTorch | PyTorch framework | PyTorch Framework | PyTorch Development
CISSP Certification,18,2,CISSP Certification | CISSP certification
Data Validation,18,2,Data Validation | Data validation
Microsoft PowerPoint,18,2,Microsoft PowerPoint | PowerPoint
Database Design,18,2,Database Design | Database design
Waterfall Methodology,17,2,Waterfall Methodology | Waterfall methodology
ETL Processes,17,2,ETL Processes | ETL processes
Preventive Maintenance,17,2,Preventive Maintenance | Preventive maintenance
IT Security,17,3,IT Security | IT Security Fundamentals | IT security
Security Compliance,17,2,Security Compliance | Security compliance
Database Administration,17,2,Database Administration | Database administration
SOAP Web Services,17,1,SOAP Web Services
Report Generation,17,2,Report Generation | Report generation
API Testing,17,2,API Testing | API testing
End-User Training,17,6,End-User Training | End User Training | End user training | End-user Training | End-user training | End‑User Training
Maven,17,1,Maven
Web API,17,1,Web API
Postman,17,1,Postman
TensorFlow,17,3,TensorFlow | TensorFlow framework | TensorFlow Framework
Backup & Recovery,17,3,Backup & Recovery | Backup Recovery | Backup recovery
Business Development,17,2,Business Development | Business development
Attention to Detail,17,2,Attention to Detail | Attention to detail
T-SQL,16,2,T-SQL | T‑SQL Programming
Stored Procedures,16,2,Stored Procedures | Stored procedures
Android SDK,16,1,Android SDK
Web Services,16,3,Web Services | Web Services Development | Web services
Stakeholder Collaboration,16,2,Stakeholder Collaboration | Stakeholder collaboration
Firewall Administration,16,2,Firewall Administration | Firewall administration
On-call Support,16,3,On-call Support | On-call support | On-Call Support
Training Delivery,16,2,Training Delivery | Training delivery
DNS Management,16,2,DNS Management | DNS management
Release Management,16,2,Release Management | Release management
ITIL Service Management,16,1,ITIL Service Management
System Analysis,16,3,System Analysis | Systems Analysis | System analysis
Software Deployment,16,2,Software Deployment | Software deployment
Data Quality Assurance,16,2,Data Quality Assurance | Data quality assurance
Backup Management,16,2,Backup Management | Backup management
System Design,16,3,System Design | System design | Systems Design
Documentation Management,16,2,Documentation Management | Documentation management
Process Modeling,15,1,Process Modeling
Schedule Management,15,1,Schedule Management
Bug Tracking,15,2,Bug Tracking | Bug tracking
Router Configuration,15,2,Router Configuration | Router configuration
Service Level Management,15,2,Service Level Management | Service level management
Web Application Development,15,2,Web Application Development | Web application development
Objective-C,15,3,Objective-C | Objective-C programming | Objective-C Development
Issue Troubleshooting,15,2,Issue Troubleshooting | Issue troubleshooting
User Support,15,2,User Support | User support
Power Apps,15,2,Power Apps | PowerApps Development
SharePoint,15,3,SharePoint | SharePoint Development | SharePoint Programming
ITIL Foundation,15,2,ITIL Foundation | ITIL Foundations
Vendor Coordination,15,2,Vendor Coordination | Vendor coordination
Node.js Development,15,2,Node.js Development | Node.js development
Oracle,15,1,Oracle
Stakeholder Engagement,15,2,Stakeholder Engagement | Stakeholder engagement
VLAN Configuration,15,2,VLAN Configuration | VLAN configuration
IT Governance,15,2,IT Governance | IT governance
Express.js,15,4,Express.js | Express Framework | Express | ExpressJS
Object-Oriented Design,15,3,Object-Oriented Design | Object-oriented design | Object Oriented Design
BGP routing,15,2,BGP routing | BGP Routing
Client Relationship Management,15,2,Client Relationship Management | Client relationship management
Jenkins CI/CD,14,1,Jenkins CI/CD
Production Support,14,2,Production Support | Production support
Mobile Testing,14,2,Mobile Testing | Mobile testing
Server Maintenance,14,2,Server Maintenance | Server maintenance
OSPF routing,14,2,OSPF routing | OSPF Routing
Algorithms,14,2,Algorithms | Algorithm Development
SAP MM,14,1,SAP MM
ITIL Incident Management,14,2,ITIL Incident Management | ITIL incident management
Contract Management,14,3,Contract Management | Contracts Management | Contract management
Go,14,4,Go | Go programming | Go Programming | Go language
IT Project Management,14,1,IT Project Management
Market Research,14,2,Market Research | Market research
R,14,3,R | R programming | R Programming
Data Backup,14,2,Data Backup | Data backup
Printer Support,14,2,Printer Support | Printer support
Cloud Migration,14,1,Cloud Migration
ERP Systems,14,3,ERP Systems | ERP systems | ERP System
High Availability,14,3,High Availability | High availability | High Availability Tools
Cloud Infrastructure,14,2,Cloud Infrastructure | Cloud infrastructure
Mandarin Fluency,14,2,Mandarin Fluency | Mandarin fluency
AWS EC2,14,1,AWS EC2
SAP ERP,14,1,SAP ERP
CCNA certification,14,2,CCNA certification | CCNA Certification
Agile Project Management,14,2,Agile Project Management | Agile project management
Monitoring Tools,14,4,Monitoring Tools | Monitoring | Monitoring Frameworks | Monitoring tools
Networking,14,6,Networking | Networking Fundamentals | Networking fundamentals | Networking Basics | Networking Skills | Networking programming
ASP.NET Core,14,1,ASP.NET Core
Data Entry,13,2,Data Entry | Data entry
Insurance Domain,13,4,Insurance Domain | Insurance Domain Knowledge | Insurance domain | Insurance domain knowledge
C programming,13,3,C programming | C | C Programming
Technical Writing,13,2,Technical Writing | Technical writing
Software Configuration,13,2,Software Configuration | Software configuration
Technical Communication,13,2,Technical Communication | Technical communication
Multilingual Communication,13,2,Multilingual Communication | Multilingual communication
Switch Configuration,13,2,Switch Configuration | Switch configuration
Compliance Management,13,1,Compliance Management
Safety Compliance,13,2,Safety Compliance | Safety compliance
Data Security,13,2,Data Security | Data security
SAP FICO,13,3,SAP FICO | SAP FI/CO | SAP FI-CO
PowerShell,13,1,PowerShell
Pre-sales Engineering,13,4,Pre-sales Engineering | Presales Engineering | Pre‑Sales Engineering | Pre-sales engineering
Shift Work,13,1,Shift Work
XML,13,1,XML
AJAX,13,3,AJAX | AJAX Development | Ajax
JMeter,13,2,JMeter | Apache JMeter
REST API Integration,13,2,REST API Integration | REST API integration
Linux OS,13,1,Linux OS
Financial Reporting,13,2,Financial Reporting | Financial reporting
Unix Shell Scripting,13,3,Unix Shell Scripting | UNIX shell scripting | UNIX Shell Scripting
Strategic Planning,13,1,Strategic Planning
Hadoop,13,3,Hadoop | Hadoop Development | Apache Hadoop
Selenium WebDriver,13,1,Selenium WebDriver
SSIS,13,2,SSIS | SSIS Development
Secure Coding,13,2,Secure Coding | Secure coding
System Integration Testing,13,1,System Integration Testing
Usability Testing,13,3,Usability Testing | Usability testing | usability testing
ERP Integration,13,2,ERP Integration | ERP integration
Data Mining,13,2,Data Mining | Data mining
Continuous Improvement,13,2,Continuous Improvement | Continuous improvement
Automation,12,6,Automation | Automation Development | Automation Tools | Automation tools | Automation Framework Development | Automation Frameworks
Defect Tracking,12,2,Defect Tracking | Defect tracking
Multitasking,12,4,Multitasking | Multi-tasking | Multi‑Tasking | Multi‑tasking
Identity Access Management,12,1,Identity Access Management
Log Analysis,12,2,Log Analysis | Log analysis
Issue Resolution,12,1,Issue Resolution
Software Support,12,2,Software Support | Software support
NoSQL,12,1,NoSQL
Antivirus Management,12,3,Antivirus Management | Anti-virus management | Antivirus management
UiPath,12,2,UiPath | UiPath Development
Onsite Support,12,5,Onsite Support | On-site Support | On-site support | Onsite support | On‑site support
Disaster Recovery Planning,12,2,Disaster Recovery Planning | Disaster recovery planning
IT Infrastructure,12,2,IT Infrastructure | IT infrastructure
Enterprise Architecture,12,1,Enterprise Architecture
Hardware Support,12,2,Hardware Support | Hardware support
Jenkins CI,12,1,Jenkins CI
Resource Allocation,12,2,Resource Allocation | Resource allocation
SAP Integration,12,2,SAP Integration | SAP integration
Hyper-V Virtualization,12,3,Hyper-V Virtualization | Hyper-V virtualization | Hyper‑V virtualization
CRM Management,12,2,CRM Management | CRM management
Ticket Management,12,1,Ticket Management
GitHub,12,1,GitHub
ERP Support,12,2,ERP Support | ERP support
Computer Vision,12,2,Computer Vision | Computer vision
AWS Cloud Services,12,2,AWS Cloud Services | AWS cloud services
Mobile App Development,12,2,Mobile App Development | Mobile app development
Proof of Concept,12,3,Proof of Concept | Proof of concept | Proof‑of‑Concept
Master Data Management,12,2,Master Data Management | Master data management
PLC Programming,12,2,PLC Programming | PLC programming
Threat Hunting,11,2,Threat Hunting | Threat hunting
Bahasa Malaysia,11,1,Bahasa Malaysia
User Account Management,11,2,User Account Management | User account management
Wireframing,11,3,Wireframing | Wireframing Tools | wireframing
Prototyping,11,3,Prototyping | prototyping | Prototyping Tools
Product Management,11,1,Product Management
Switch Management,11,2,Switch Management | Switch management
Security Architecture,11,2,Security Architecture | Security architecture
Threat Intelligence,11,1,Threat Intelligence
NIST Framework,11,2,NIST Framework | NIST framework knowledge
Apache Tomcat,11,2,Apache Tomcat | Tomcat
Microsoft Teams,11,1,Microsoft Teams
Data Warehouse,11,1,Data Warehouse
Veeam Backup,11,1,Veeam Backup
RPA development,11,3,RPA development | RPA Development | RPA
Interpersonal Communication,11,2,Interpersonal Communication | Interpersonal communication
Distributed Systems,11,2,Distributed Systems | Distributed systems
Pre-sales Consulting,11,5,Pre-sales Consulting | Presales consulting | Pre‑Sales Consulting | Pre‑sales Consulting | Pre-sales consulting
Microsoft 365 Administration,11,2,Microsoft 365 Administration | Microsoft 365 administration
Windows OS Support,11,2,Windows OS Support | Windows OS support
ISO 27001 Compliance,11,3,ISO 27001 Compliance | ISO 27001 compliance | ISO27001 Compliance
Deep Learning,11,2,Deep Learning | Deep learning
A/B Testing,11,2,A/B Testing | A/B testing
IT Audit,11,2,IT Audit | IT audit
SAP Configuration,11,1,SAP Configuration
Test Case Development,11,1,Test Case Development
CCNP Certification,11,2,CCNP Certification | CCNP certification
Project Documentation,11,2,Project Documentation | Project documentation
MS Project,11,1,MS Project
Security Awareness Training,11,2,Security Awareness Training | Security awareness training
Stakeholder Coordination,11,2,Stakeholder Coordination | Stakeholder coordination
Oracle SQL,11,1,Oracle SQL
Google Cloud,11,1,Google Cloud
Network Fundamentals,11,2,Network Fundamentals | Network fundamentals
Remote Desktop,11,2,Remote Desktop | Remote desktop
Android Studio,11,1,Android Studio
IT Budgeting,11,1,IT Budgeting
API Design,11,2,API Design | API design
AWS S3,11,1,AWS S3
Cost Optimization,11,2,Cost Optimization | Cost optimization
Database Security,11,2,Database Security | Database security
Data Pipelines,11,5,Data Pipelines | Data pipelines | Data Pipeline Development | Data pipeline | Data Pipeline
Prompt Engineering,11,2,Prompt Engineering | Prompt engineering
Business Requirements Gathering,10,2,Business Requirements Gathering | Business Requirement Gathering
Software Debugging,10,2,Software Debugging | Software debugging
GitLab CI/CD,10,1,GitLab CI/CD
Security Frameworks,10,7,Security Frameworks | Security Principles | Security Fundamentals | Security Framework Development | Security frameworks | Security Development | Security
NoSQL databases,10,2,NoSQL databases | NoSQL Databases
Independent Work,10,2,Independent Work | Independent work
Testing,10,2,Testing | Testing tools
Relational Databases,10,3,Relational Databases | Relational Database | Relational databases
Webpack,10,1,Webpack
Data Cleaning,10,2,Data Cleaning | Data cleaning
Scikit-learn,10,3,Scikit-learn | scikit-learn | scikit-learn library
Endpoint Protection,10,2,Endpoint Protection | Endpoint protection
UAT Support,10,2,UAT Support | UAT support
Report Development,10,1,Report Development
Cross-functional Leadership,10,2,Cross-functional Leadership | Cross Functional Leadership
CISM Certification,10,2,CISM Certification | CISM certification
Data Engineering,10,2,Data Engineering | Data engineering
Security Best Practices,10,2,Security Best Practices | Security best practices
Automation Anywhere,10,1,Automation Anywhere
Verbal Communication,10,2,Verbal Communication | Verbal communication
PostgreSQL database,10,2,PostgreSQL database | PostgreSQL Database
CRM Software,10,2,CRM Software | CRM software
Unix Administration,10,4,Unix Administration | UNIX Administration | Unix administration | UNIX administration
Reporting,10,3,Reporting | Reporting Tools | Reporting Skills
Critical Thinking,10,3,Critical Thinking | Critical thinking | critical thinking
Application Development,10,2,Application Development | Application development
SAP SD,10,1,SAP SD
Cantonese Language,10,3,Cantonese Language | Cantonese language | Cantonese
MS Office,10,1,MS Office
Hardware diagnostics,10,2,Hardware diagnostics | Hardware Diagnostics
Workflow Automation,10,2,Workflow Automation | Workflow automation
NestJS,10,2,NestJS | Nest.js
SAP HANA,10,1,SAP HANA
Access Control,10,3,Access Control | Access control | Access Controls
Backup Administration,10,2,Backup Administration | Backup administration
Fortigate Firewall,10,4,Fortigate Firewall | FortiGate Firewall | FortiGate firewall | Fortigate firewall
SQL Scripting,10,2,SQL Scripting | SQL scripting
Statistical Modeling,10,2,Statistical Modeling | Statistical modeling
ABAP Development,10,4,ABAP Development | ABAP Programming | ABAP programming | ABAP
KPI Reporting,10,1,KPI Reporting
Solution Selling,10,2,Solution Selling | Solution selling
Data Quality Management,10,2,Data Quality Management | Data quality management
Workshop Facilitation,10,2,Workshop Facilitation | Workshop facilitation
Documentation Writing,10,1,Documentation Writing
System Architecture,10,2,System Architecture | System architecture
Software Engineering,10,2,Software Engineering | Software engineering
Windows Troubleshooting,10,2,Windows Troubleshooting | Windows troubleshooting
Palo Alto firewall,10,2,Palo Alto firewall | Palo Alto Firewall
Hibernate,9,1,Hibernate
Oracle PL/SQL,9,1,Oracle PL/SQL
Security Reporting,9,2,Security Reporting | Security reporting
J2EE,9,1,J2EE
Data Reporting,9,2,Data Reporting | Data reporting
Defect Management,9,2,Defect Management | Defect management
Information Security,9,2,Information Security | Information Security Basics
Technical Reporting,9,2,Technical Reporting | Technical reporting
MS Excel,9,1,MS Excel
TCP/IP Protocols,9,4,TCP/IP Protocols | TCP/IP protocols | TCP/IP protocol | TCP/IP protocol basics
Incident Troubleshooting,9,2,Incident Troubleshooting | Incident troubleshooting
Security Governance,9,2,Security Governance | Security governance
Code reviews,9,2,Code reviews | Code Reviews
IT Procurement,9,1,IT Procurement
Gap Analysis,9,1,Gap Analysis
Elasticsearch,9,2,Elasticsearch | ElasticSearch
Cisco networking,9,2,Cisco networking | Cisco Networking
Performance Reporting,9,1,Performance Reporting
Network Engineering,9,2,Network Engineering | Network engineering
GCP Cloud,9,2,GCP Cloud | GCP cloud
SIT Testing,9,2,SIT Testing | SIT testing
Impact Analysis,9,2,Impact Analysis | Impact analysis
Resource Planning,9,1,Resource Planning
SD-WAN,9,3,SD-WAN | SD WAN | SDWAN
Golang,9,2,Golang | GoLang
Dart,9,3,Dart | Dart Programming | Dart programming
Server Management,9,2,Server Management | Server management
IT Infrastructure Management,9,2,IT Infrastructure Management | IT infrastructure management
UML Modeling,9,2,UML Modeling | UML modeling
AI Integration,9,4,AI Integration | AI integration | AI Tools Integration | AI tool integration
Robotic Process Automation,9,1,Robotic Process Automation
SAP,9,1,SAP
Financial Modeling,9,1,Financial Modeling
End-User Support,9,3,End-User Support | End User Support | End‑user support
Linux System Administration,9,1,Linux System Administration
Prince2 Certification,9,2,Prince2 Certification | PRINCE2 Certification
Conflict Resolution,9,1,Conflict Resolution
Test Script Development,9,1,Test Script Development
System Deployment,9,2,System Deployment | System deployment
JSP,9,1,JSP
Figma,9,1,Figma
Network Infrastructure,9,2,Network Infrastructure | Network infrastructure
Vulnerability Scanning,9,2,Vulnerability Scanning | Vulnerability scanning
Product Roadmapping,9,1,Product Roadmapping
Load Balancing,9,2,Load Balancing | Load balancing
SEO Optimization,9,2,SEO Optimization | SEO optimization
Microsoft Dynamics 365,9,1,Microsoft Dynamics 365
SLA Monitoring,9,1,SLA Monitoring
Report Writing,9,2,Report Writing | Report writing
FinTech Knowledge,9,4,FinTech Knowledge | Fintech Knowledge | FinTech knowledge | FinTech
Technical Training,9,2,Technical Training | Technical training
Server Virtualization,9,2,Server Virtualization | Server virtualization
SLA Compliance,9,2,SLA Compliance | SLA compliance
Design Thinking,9,2,Design Thinking | design thinking
Digital Transformation,9,2,Digital Transformation | Digital transformation
Risk Mitigation,9,1,Risk Mitigation
Sales Forecasting,9,2,Sales Forecasting | Sales forecasting
CISA Certification,9,2,CISA Certification | CISA certification
Ansible,9,1,Ansible
MES Integration,9,2,MES Integration | MES integration
Application Security,9,2,Application Security | Application security
ERP Development,8,3,ERP Development | ERP development | ERP Knowledge
Project Scheduling,8,3,Project Scheduling | Project scheduling | project scheduling
Project Implementation,8,1,Project Implementation
Bilingual English Mandarin,8,1,Bilingual English Mandarin
IT Troubleshooting,8,2,IT Troubleshooting | IT troubleshooting
Vendor Negotiation,8,2,Vendor Negotiation | Vendor negotiation
Compliance Reporting,8,2,Compliance Reporting | Compliance reporting
SVN,8,1,SVN
Perl scripting,8,2,Perl scripting | Perl Scripting
SOP Development,8,2,SOP Development | SOP development
Bug Fixing,8,2,Bug Fixing | Bug fixing
IP Networking,8,2,IP Networking | IP networking
Predictive Modeling,8,2,Predictive Modeling | Predictive modeling
Software Documentation,8,2,Software Documentation | Software documentation
Blue Prism,8,1,Blue Prism
GitLab,8,1,GitLab
JavaScript ES6,8,1,JavaScript ES6
Effective Communication,8,2,Effective Communication | Effective communication
Nginx,8,1,Nginx
Endpoint Security,8,2,Endpoint Security | Endpoint security
LangChain,8,2,LangChain | LangChain framework
GCP,8,1,GCP
Scalable Architecture,8,2,Scalable Architecture | Scalable architecture
Japanese Language,8,3,Japanese Language | Japanese language | Japanese Proficiency
Cloud Deployment,8,2,Cloud Deployment | Cloud deployment
Crystal Reports,8,1,Crystal Reports
Data Extraction,8,2,Data Extraction | Data extraction
Cloud services,8,2,Cloud services | Cloud Services
Redux,8,1,Redux
Business Continuity Planning,8,1,Business Continuity Planning
System Documentation,8,1,System Documentation
Issue Escalation,8,2,Issue Escalation | Issue escalation
Virtualization,8,1,Virtualization
Appium,8,1,Appium
Lead Generation,8,2,Lead Generation | Lead generation
SharePoint Administration,8,2,SharePoint Administration | SharePoint administration
Security Incident Response,8,2,Security Incident Response | Security incident response
Tailwind CSS,8,1,Tailwind CSS
Apex Development,8,3,Apex Development | Apex | Apex Programming
Network Protocols,8,2,Network Protocols | Network protocols
Azure Cloud Services,8,2,Azure Cloud Services | Azure cloud services
PCI DSS,8,3,PCI DSS | PCI-DSS | PCI DSS Knowledge
Linux Server Administration,8,2,Linux Server Administration | Linux server administration
SDLC Management,8,1,SDLC Management
MES implementation,8,2,MES implementation | MES Implementation
COBIT Framework,8,2,COBIT Framework | COBIT
SAP ECC,8,1,SAP ECC
ETL pipelines,8,3,ETL pipelines | ETL Pipelines | ETL pipeline development
AWS Lambda,8,1,AWS Lambda
Snowflake,8,1,Snowflake
Multithreading,8,3,Multithreading | Multi-threading | multithreading
Process Design,8,2,Process Design | Process design
Apache Airflow,8,2,Apache Airflow | Airflow
Unix,8,2,Unix | UNIX
CompTIA A+,8,1,CompTIA A+
GraphQL,8,1,GraphQL
Organizational Skills,8,1,Organizational Skills
Grafana,8,1,Grafana
Lean Six Sigma,7,1,Lean Six Sigma
Program Management,7,1,Program Management
Financial Analysis,7,2,Financial Analysis | Financial analysis
Java J2EE,7,1,Java J2EE
Visual Basic,7,1,Visual Basic
System Maintenance,7,1,System Maintenance
VMware vSphere,7,1,VMware vSphere
Incident Escalation,7,2,Incident Escalation | Incident escalation
Project Delivery,7,2,Project Delivery | Project delivery
Policy Development,7,2,Policy Development | Policy development
MariaDB,7,1,MariaDB
Customer Training,7,2,Customer Training | Customer training
Remote Troubleshooting,7,2,Remote Troubleshooting | Remote troubleshooting
AS/400,7,3,AS/400 | AS400 | AS400 Development
Data Preprocessing,7,2,Data Preprocessing | Data preprocessing
SharePoint Online,7,1,SharePoint Online
Java 8,7,1,Java 8
SSRS Reporting,7,2,SSRS Reporting | SSRS reporting
System Security,7,2,System Security | System security
DNS,7,1,DNS
Power Platform,7,2,Power Platform | Power Platform Development
Lightning Web Components,7,1,Lightning Web Components
Security Audits,7,1,Security Audits
DNS Configuration,7,1,DNS Configuration
Web Performance Optimization,7,2,Web Performance Optimization | Web performance optimization
Git Versioning,7,2,Git Versioning | Git versioning
Cross-functional Communication,7,2,Cross-functional Communication | Cross Functional Communication
Supply Chain Management,7,1,Supply Chain Management
Proposal Development,7,1,Proposal Development
Network Programming,7,2,Network Programming | Network programming
Knowledge Base Management,7,2,Knowledge Base Management | Knowledge base management
JUnit,7,1,JUnit
Windows,7,2,Windows | Windows Development
SEO,7,2,SEO | SEO principles
Project Leadership,7,2,Project Leadership | Project leadership
SIEM Management,7,1,SIEM Management
Pre-sales support,7,3,Pre-sales support | Presales Support | Pre‑sales support
Google Analytics,7,1,Google Analytics
Test Management,7,3,Test Management | Test management tools | Test Management Tools
.NET C#,7,1,.NET C#
User Research,7,1,User Research
COBOL Programming,7,2,COBOL Programming | COBOL
Network Architecture,7,1,Network Architecture
CSS Styling,7,2,CSS Styling | CSS styling
Wireframe Design,7,1,Wireframe Design
Microsoft SQL,7,1,Microsoft SQL
Windows 10,7,1,Windows 10
Facilitation Skills,7,1,Facilitation Skills
SIEM,7,3,SIEM | SIEM Tools | SIEM tools
Financial Accounting,7,1,Financial Accounting
UI Design,7,2,UI Design | UI design
Competitive Analysis,7,2,Competitive Analysis | Competitive analysis
Apache Hive,7,2,Apache Hive | Hive
Data Center Operations,7,2,Data Center Operations | Data center operations
Cost Control,7,1,Cost Control
Scrum Methodology,7,2,Scrum Methodology | Scrum methodology
Regulatory Reporting,7,2,Regulatory Reporting | Regulatory reporting
Automation Testing,7,2,Automation Testing | Automation testing
Project Reporting,7,1,Project Reporting
MySQL Administration,7,1,MySQL Administration
CodeIgniter,7,3,CodeIgniter | CodeIgniter framework | CodeIgniter Framework
Blockchain,7,4,Blockchain | Blockchain Understanding | Blockchain Development | Blockchain fundamentals
Storage Management,7,2,Storage Management | Storage management
Governance Framework,7,4,Governance Framework | Governance Frameworks | Governance | Governance Framework Development
Generative AI,7,1,Generative AI
Product Demonstrations,7,3,Product Demonstrations | Product Demonstration | Product demonstrations
Kafka Messaging,7,2,Kafka Messaging | Kafka messaging
Cross-browser Testing,7,3,Cross-browser Testing | Cross-browser testing | Cross-Browser Testing
Backlog Management,7,2,Backlog Management | Backlog management
Quality Control,7,2,Quality Control | Quality control
ITIL Change Management,7,2,ITIL Change Management | ITIL change management
VMware,7,1,VMware
Unix/Linux,7,2,Unix/Linux | Unix Linux
Network Routing,7,2,Network Routing | Network routing
User Access Management,7,2,User Access Management | User access management
Test Documentation,7,2,Test Documentation | Test documentation
Cloud Networking,7,2,Cloud Networking | Cloud networking
Data Quality,7,2,Data Quality | Data quality
Kanban methodology,7,2,Kanban methodology | Kanban Methodology
Quantitative Analysis,7,2,Quantitative Analysis | Quantitative analysis
Test Plan Development,7,2,Test Plan Development | Test plan development
Prometheus Monitoring,7,2,Prometheus Monitoring | Prometheus monitoring
AWS CloudFormation,7,1,AWS CloudFormation
Social Media Management,7,1,Social Media Management
Microsoft Visio,7,2,Microsoft Visio | Visio
ELK Stack,7,2,ELK Stack | ELK stack
Case Management,7,2,Case Management | Case management
Clean Code,7,1,Clean Code
SAP FI,7,1,SAP FI
HTML markup,7,2,HTML markup | HTML Markup
Vendor liaison,7,2,Vendor liaison | Vendor Liaison
Database Migration,7,1,Database Migration
Procurement Management,7,1,Procurement Management
Splunk,7,1,Splunk
SAP Business One,7,1,SAP Business One
Serverless computing,7,3,Serverless computing | Serverless Computing | serverless computing
KPI Management,7,1,KPI Management
Retrieval Augmented Generation,7,2,Retrieval Augmented Generation | Retrieval-Augmented Generation
Business Process Improvement,6,2,Business Process Improvement | Business process improvement
UAT Coordination,6,1,UAT Coordination
Digital Forensics,6,1,Digital Forensics
Malware Analysis,6,1,Malware Analysis
Embedded Systems,6,3,Embedded Systems | Embedded systems | Embedded Systems Development
Accounting Software,6,1,Accounting Software
Interaction Design,6,2,Interaction Design | interaction design
Next.js framework,6,2,Next.js framework | Next.js Framework
Code documentation,6,2,Code documentation | Code Documentation
Murex,6,2,Murex | Murex Development
LAN/WAN design,6,3,LAN/WAN design | LAN/WAN Design | LAN WAN design
Data Privacy Compliance,6,2,Data Privacy Compliance | Data privacy compliance
Amazon Web Services,6,1,Amazon Web Services
Knowledge Base,6,2,Knowledge Base | Knowledge Base Development
License Management,6,2,License Management | License management
User Story Writing,6,1,User Story Writing
Django,6,1,Django
iOS SDK,6,1,iOS SDK
IT Operations,6,1,IT Operations
Database Backup,6,1,Database Backup
Dashboard Design,6,2,Dashboard Design | Dashboard design
Budget Planning,6,2,Budget Planning | Budget planning
Cross-Platform Development,6,2,Cross-Platform Development | Cross-platform development
Wireless Networking,6,2,Wireless Networking | Wireless networking
Go-to-Market Strategy,6,1,Go-to-Market Strategy
Zabbix Monitoring,6,2,Zabbix Monitoring | Zabbix monitoring
IIS,6,1,IIS
People Management,6,2,People Management | People management
Algorithm Design,6,4,Algorithm Design | Algorithms design | Algorithms Design | Algorithm design
TestNG,6,2,TestNG | TestNG Framework
Jest,6,1,Jest
Test Execution,6,2,Test Execution | Test execution
Process analysis,6,2,Process analysis | Process Analysis
macOS Support,6,3,macOS Support | macOS support | MacOS Support
ServiceNow Platform,6,2,ServiceNow Platform | ServiceNow platform
UI/UX Collaboration,6,1,UI/UX Collaboration
macOS,6,1,macOS
Financial Management,6,2,Financial Management | Financial Management Knowledge
Contract Negotiation,6,2,Contract Negotiation | Contract negotiation
Load Testing,6,1,Load Testing
Bug Reporting,6,2,Bug Reporting | Bug reporting
Big Data,6,1,Big Data
System Implementation,6,2,System Implementation | System implementation
IT Strategy,6,2,IT Strategy | IT Strategy Development
Business Continuity,6,1,Business Continuity
Service Delivery,6,2,Service Delivery | Service delivery
Issue Tracking,6,2,Issue Tracking | Issue tracking
WebSockets,6,2,WebSockets | WebSocket
Adobe Photoshop,6,1,Adobe Photoshop
Mentoring Juniors,6,1,Mentoring Juniors
Microsoft Intune,6,2,Microsoft Intune | Intune
Office Administration,6,1,Office Administration
Technical Specification,6,3,Technical Specification | Technical Specification Development | Technical specifications
Level 2 Support,6,3,Level 2 Support | Level 2 support | Level-2 Support
SOAP,6,1,SOAP
Vue.js framework,6,2,Vue.js framework | Vue.js Framework
POS Systems,6,2,POS Systems | POS systems
Microsoft Project,6,1,Microsoft Project
DevSecOps,6,1,DevSecOps
SQL Query Optimization,6,2,SQL Query Optimization | SQL query optimization
Middleware Integration,6,3,Middleware Integration | Middleware integration | middleware integration
Data Mapping,6,2,Data Mapping | Data mapping
Video conferencing,6,2,Video conferencing | Video Conferencing
Accounting Fundamentals,6,4,Accounting Fundamentals | Accounting | Accounting Knowledge | Accounting Principles
Robot Framework,6,1,Robot Framework
Cucumber,6,1,Cucumber
Business Requirements Analysis,6,3,Business Requirements Analysis | Business requirement analysis | Business requirements analysis
Large Language Models,6,2,Large Language Models | Large Models
VPN,6,2,VPN | VPN development
SAN Storage,6,1,SAN Storage
Reporting & Analytics,6,3,Reporting & Analytics | Reporting Analytics | Reporting analytics
RESTful API Integration,6,1,RESTful API Integration
AWS RDS,6,1,AWS RDS
UiPath RPA,6,2,UiPath RPA | UIPath RPA
KPI Monitoring,6,1,KPI Monitoring
SAP PP,6,1,SAP PP
SAP Implementation,6,1,SAP Implementation
Agile Delivery,6,1,Agile Delivery
Interpersonal Skills,6,1,Interpersonal Skills
Web Testing,6,2,Web Testing | Web testing
ServiceNow ITSM,6,1,ServiceNow ITSM
Cisco Switching,6,2,Cisco Switching | Cisco switching
BPMN Modeling,6,1,BPMN Modeling
Azure Active Directory,6,1,Azure Active Directory
Security Auditing,6,1,Security Auditing
Fortinet firewall,6,2,Fortinet firewall | Fortinet Firewall
Server Troubleshooting,6,2,Server Troubleshooting | Server troubleshooting
Mentoring Engineers,6,2,Mentoring Engineers | Mentoring engineers
Model Deployment,6,2,Model Deployment | Model deployment
Mechanical Engineering,6,2,Mechanical Engineering | Mechanical engineering
Checkpoint Firewall,6,3,Checkpoint Firewall | Check Point Firewall | Checkpoint firewall
SVN Version Control,6,2,SVN Version Control | SVN version control
Network Management,6,1,Network Management
Azure Data Factory,6,1,Azure Data Factory
Xcode,6,1,Xcode
Scripting,6,3,Scripting | Scripting Languages | Scripting Skills
Artificial Intelligence,6,1,Artificial Intelligence
AI/ML,6,3,AI/ML | AI/ML Fundamentals | AI/ML fundamentals
GraphQL API,6,2,GraphQL API | GraphQL APIs
GitLab CI,6,1,GitLab CI
SIEM Administration,6,2,SIEM Administration | SIEM administration
Sprint Planning,6,2,Sprint Planning | Sprint planning
Event-driven architecture,6,4,Event-driven architecture | Event-Driven Architecture | Event-driven Architecture | event-driven architecture
Query Optimization,6,1,Query Optimization
Compliance Auditing,5,2,Compliance Auditing | Compliance auditing
Quality Management,5,2,Quality Management | Quality management
Content Moderation,5,1,Content Moderation
Microsoft Hyper-V,5,2,Microsoft Hyper-V | Microsoft Hyper‑V
Android testing,5,2,Android testing | Android Testing
IT Helpdesk,5,2,IT Helpdesk | IT help desk
Power Query,5,1,Power Query
Adobe XD,5,1,Adobe XD
Azure Administration,5,1,Azure Administration
Threat intelligence analysis,5,1,Threat intelligence analysis
CL Programming,5,2,CL Programming | CL programming
Banking domain,5,3,Banking domain | Banking Domain | Banking Domain Knowledge
JSON handling,5,1,JSON handling
Linux/Unix,5,1,Linux/Unix
Market Analysis,5,1,Market Analysis
Team communication,5,1,Team communication
OSPF,5,1,OSPF
PCI DSS compliance,5,2,PCI DSS compliance | PCI DSS Compliance
SCADA Systems,5,2,SCADA Systems | SCADA systems
SQL Performance Tuning,5,1,SQL Performance Tuning
Data Transformation,5,2,Data Transformation | Data transformation
LAN/WAN Management,5,1,LAN/WAN Management
MVVM Architecture,5,1,MVVM Architecture
CRM,5,3,CRM | CRM Knowledge | CRM Development
Cloud Solutions,5,2,Cloud Solutions | Cloud solutions
Consultative Selling,5,2,Consultative Selling | Consultative selling
MSSQL database,5,2,MSSQL database | MSSQL Database
Salesforce Administration,5,1,Salesforce Administration
Apache,5,1,Apache
Web Accessibility,5,2,Web Accessibility | Web accessibility
Cisco CCNA,5,1,Cisco CCNA
Database Tuning,5,1,Database Tuning
Adobe Illustrator,5,1,Adobe Illustrator
Responsive Web Design,5,1,Responsive Web Design
Google BigQuery,5,1,Google BigQuery
Security Operations Center,5,1,Security Operations Center
Web Application Firewall,5,1,Web Application Firewall
SoapUI,5,1,SoapUI
System Development,5,1,System Development
Mentoring,5,1,Mentoring
Payment Systems,5,1,Payment Systems
Smart contract development,5,3,Smart contract development | Smart contracts | Smart Contracts
Deployment Management,5,1,Deployment Management
IoT Integration,5,2,IoT Integration | IoT integration
CCTV Systems,5,2,CCTV Systems | CCTV systems
Functional Documentation,5,2,Functional Documentation | Functional documentation
PHP Laravel,5,1,PHP Laravel
Post-sales support,5,2,Post-sales support | Post-sales Support
Thai language,5,3,Thai language | Thai Language | Thai Language Proficiency
Mac OS,5,3,Mac OS | Mac OS proficiency | Mac OS Proficiency
Talent Acquisition,5,1,Talent Acquisition
Routing,5,1,Routing
Use Case Modeling,5,2,Use Case Modeling | Use case modeling
Collaboration Skills,5,2,Collaboration Skills | Collaboration
Transact SQL,5,2,Transact SQL | Transact-SQL
Threat Analysis,5,2,Threat Analysis | Threat analysis
Digital Marketing,5,1,Digital Marketing
Graphic Design,5,2,Graphic Design | Graphic Design Basics
SAP BPC,5,1,SAP BPC
VPN Management,5,1,VPN Management
Endpoint Detection Response,5,2,Endpoint Detection Response | Endpoint detection response
SAP PI/PO,5,1,SAP PI/PO
PySpark,5,2,PySpark | PySpark Programming
Network Switch Configuration,5,2,Network Switch Configuration | Network switch configuration
Babel,5,1,Babel
Data Loss Prevention,5,1,Data Loss Prevention
Software Implementation,5,1,Software Implementation
OOP,5,1,OOP
Index Optimization,5,1,Index Optimization
ISTQB Certification,5,2,ISTQB Certification | ISTQB certification
LAN Configuration,5,2,LAN Configuration | LAN configuration
Data Annotation,5,2,Data Annotation | Data annotation
Data Integrity,5,2,Data Integrity | Data integrity
Structured Cabling,5,1,Structured Cabling
VMware Administration,5,1,VMware Administration
HTML5 Markup,5,2,HTML5 Markup | HTML5 markup
CSS3 Styling,5,2,CSS3 Styling | CSS3 styling
Website Maintenance,5,2,Website Maintenance | Website maintenance
Privileged Access Management,5,1,Privileged Access Management
CCNA,5,1,CCNA
Server Hardware Troubleshooting,5,2,Server Hardware Troubleshooting | Server hardware troubleshooting
NIST CSF,5,1,NIST CSF
Mobile App Testing,5,1,Mobile App Testing
Web3 development,5,4,Web3 development | Web3 Knowledge | Web3 | Web3 Development
Mobile Device Management,5,2,Mobile Device Management | Mobile device management
Backup Solutions,5,1,Backup Solutions
Code Refactoring,5,2,Code Refactoring | Code refactoring
Microsoft Word,5,1,Microsoft Word
Google Workspace,5,1,Google Workspace
Microsoft Office Suite,5,1,Microsoft Office Suite
Oracle ERP,5,1,Oracle ERP
Service Desk,5,1,Service Desk
Security Management,5,2,Security Management | Security Tools Management
Workflow Design,5,2,Workflow Design | Workflow design
Document Management,5,1,Document Management
AWS Solutions Architect,5,2,AWS Solutions Architect | AWS Solution Architect
Credit Card Systems,5,2,Credit Card Systems | Credit card systems
Big Data Analytics,5,2,Big Data Analytics | Big data analytics
Azure Functions,5,1,Azure Functions
Pipeline Management,5,2,Pipeline Management | Pipeline management
Workflow Configuration,5,2,Workflow Configuration | Workflow configuration
Hardware Testing,5,2,Hardware Testing | Hardware testing
Network Security Monitoring,5,2,Network Security Monitoring | Network security monitoring
Email Support,5,2,Email Support | Email support
Scrum Master,5,1,Scrum Master
Video Editing,5,2,Video Editing | Video editing
Security Patching,5,1,Security Patching
Team Mentoring,5,2,Team Mentoring | Team mentoring
Data Cleansing,5,2,Data Cleansing | Data cleansing
Data ingestion,5,2,Data ingestion | Data Ingestion
Operating Systems,5,1,Operating Systems
SAS,5,2,SAS | SAS Programming
ServiceNow Ticketing,5,2,ServiceNow Ticketing | ServiceNow ticketing
SCCM,5,1,SCCM
Incident Resolution,5,1,Incident Resolution
Application Deployment,5,1,Application Deployment
User Story Development,5,3,User Story Development | User stories | User Stories
Cloud Platforms,5,2,Cloud Platforms | Cloud Platform Knowledge
MPLS networking,5,2,MPLS networking | MPLS Networking
Security Testing,5,1,Security Testing
Policy Enforcement,5,1,Policy Enforcement
Escalation Management,5,1,Escalation Management
Training Facilitation,5,1,Training Facilitation
DB2 Database,5,1,DB2 Database
Continuous Deployment,5,2,Continuous Deployment | Continuous deployment
Video conferencing support,5,1,Video conferencing support
OAuth,5,1,OAuth
SQLite,5,1,SQLite
Database Performance Tuning,5,1,Database Performance Tuning
Data Storage,5,1,Data Storage
Hardware Repair,5,2,Hardware Repair | Hardware repair
Wireless LAN,5,1,Wireless LAN
Identity Management,5,2,Identity Management | Identity management
Payment Gateway Integration,5,2,Payment Gateway Integration | Payment gateway integration
Alibaba Cloud,5,1,Alibaba Cloud
Network Automation,5,2,Network Automation | Network automation
Web Security,5,2,Web Security | Web security
Microsoft Fabric,5,1,Microsoft Fabric
Cypress,5,1,Cypress
Gradle,5,1,Gradle
Asynchronous Programming,5,2,Asynchronous Programming | Asynchronous programming
Business Process Design,5,1,Business Process Design
Maven Build,5,3,Maven Build | Maven build | Maven Build Tool
Vector databases,5,2,Vector databases | Vector Databases
CompTIA Network+,5,1,CompTIA Network+
Spring MVC,5,1,Spring MVC
Salesforce Integration,5,1,Salesforce Integration
Documentation Preparation,5,1,Documentation Preparation
Design Systems,5,2,Design Systems | Design system development
Excel VBA,5,1,Excel VBA
Printer Maintenance,4,2,Printer Maintenance | Printer maintenance
WebLogic Server,4,1,WebLogic Server
WebSphere Application Server,4,1,WebSphere Application Server
Hardware-Software Integration,4,3,Hardware-Software Integration | Hardware-software integration | hardware-software integration
Office 365 administration,4,2,Office 365 administration | Office 365 Administration
iOS Testing,4,2,iOS Testing | iOS testing
Risk Analytics,4,2,Risk Analytics | Risk analytics
Network performance monitoring,4,2,Network performance monitoring | Network Performance Monitoring
OpenShift,4,1,OpenShift
Cost Analysis,4,2,Cost Analysis | Cost analysis
SOC Operations,4,2,SOC Operations | SOC operations
CMDB Management,4,1,CMDB Management
SOLID principles,4,2,SOLID principles | SOLID Principles
Telephony systems,4,2,Telephony systems | Telephony Systems
Data profiling,4,2,Data profiling | Data Profiling
Network Integration,4,2,Network Integration | Network integration
Network Maintenance,4,2,Network Maintenance | Network maintenance
RPG,4,3,RPG | RPG programming | RPG Programming
Software Integration,4,2,Software Integration | Software integration
Pandas,4,2,Pandas | Pandas usage
WebSphere,4,1,WebSphere
System Upgrades,4,2,System Upgrades | System upgrades
IDS/IPS Management,4,2,IDS/IPS Management | IDS/IPS management
REST API Design,4,2,REST API Design | REST API design
IDS/IPS,4,1,IDS/IPS
L1 Support,4,1,L1 Support
SSRS,4,2,SSRS | SSR
BGP,4,1,BGP
DHCP,4,1,DHCP
Data-driven Decision Making,4,3,Data-driven Decision Making | Data-Driven Decision Making | Data-driven Decision-Making
User Experience Design,4,2,User Experience Design | User experience design
Cloud Technologies,4,2,Cloud Technologies | Cloud technologies
Progressive Web Apps,4,2,Progressive Web Apps | Progressive Web App
ORM,4,2,ORM | ORM libraries
Printer configuration,4,2,Printer configuration | Printer Configuration
Technical Sales,4,2,Technical Sales | Technical Sales Experience
UI Component Development,4,3,UI Component Development | UI Components | UI Component Libraries
Procurement Process,4,2,Procurement Process | Procurement Process Knowledge
Warehouse Management Systems,4,2,Warehouse Management Systems | Warehouse Management System
gRPC,4,1,gRPC
AutoCAD,4,1,AutoCAD
Message Queues,4,3,Message Queues | Message queues | Message Queue
Container Orchestration,4,2,Container Orchestration | Container orchestration
API Management,4,1,API Management
Service Management,4,2,Service Management | Service Management Tools
App Store Deployment,4,1,App Store Deployment
Mobile Performance Optimization,4,1,Mobile Performance Optimization
DevOps CI/CD,4,1,DevOps CI/CD
Oracle WebLogic,4,1,Oracle WebLogic
IBM WebSphere,4,1,IBM WebSphere
AIX Administration,4,1,AIX Administration
SQL Optimization,4,2,SQL Optimization | SQL optimization
Data Warehouse Design,4,2,Data Warehouse Design | Data warehouse design
Hospital Information System,4,2,Hospital Information System | Hospital Information Systems
PC Troubleshooting,4,1,PC Troubleshooting
Microsoft O365,4,1,Microsoft O365
Search Engine Optimization,4,1,Search Engine Optimization
SAP Fiori,4,2,SAP Fiori | SAP Fiori development
Front-end Architecture,4,3,Front-end Architecture | Frontend Architecture | Frontend architecture
VPN implementation,4,2,VPN implementation | VPN Implementation
Cosmos DB,4,1,Cosmos DB
WCF,4,1,WCF
UML,4,1,UML
Katalon Studio,4,1,Katalon Studio
Redis caching,4,2,Redis caching | Redis Caching
RHEL Administration,4,2,RHEL Administration | RHEL administration
VPN Setup,4,1,VPN Setup
KPI Analysis,4,2,KPI Analysis | KPI analysis
Open source contribution,4,4,Open source contribution | Open Source Contribution | Open-source contributions | Open-source Contributions
Infrastructure Management,4,1,Infrastructure Management
Client Training,4,1,Client Training
Jira Software,4,2,Jira Software | Jira software
Security Operations,4,1,Security Operations
Escalation Handling,4,2,Escalation Handling | Escalation handling
CISA,4,1,CISA
Dynamics 365 Finance,4,1,Dynamics 365 Finance
Low-Code Development,4,3,Low-Code Development | Low-code Development | Low-code development
2nd Level Support,4,1,2nd Level Support
User intent analysis,4,2,User intent analysis | User Intent Analysis
Database Optimization,4,2,Database Optimization | Database optimization
Authentication,4,1,Authentication
Crisis Management,4,1,Crisis Management
Switching,4,1,Switching
Service Request Management,4,2,Service Request Management | Service request management
SAP BusinessObjects,4,1,SAP BusinessObjects
Relational Database Design,4,3,Relational Database Design | Relational database design | relational database design
Microsoft Dynamics CRM,4,1,Microsoft Dynamics CRM
Remote Desktop Support,4,1,Remote Desktop Support
Trend Analysis,4,1,Trend Analysis
Warranty Management,4,1,Warranty Management
SAP BW,4,1,SAP BW
Azure Sentinel,4,1,Azure Sentinel
Linux Scripting,4,2,Linux Scripting | Linux scripting
Groovy scripting,4,2,Groovy scripting | Groovy Scripting
Application Testing,4,2,Application Testing | Application testing
Continuous Learning,4,2,Continuous Learning | Continuous learning
Semiconductor Manufacturing,4,1,Semiconductor Manufacturing
AV troubleshooting,4,2,AV troubleshooting | AV Troubleshooting
Service Desk Support,4,2,Service Desk Support | Service desk support
Data Architecture,4,1,Data Architecture
Marketing Automation,4,1,Marketing Automation
Image Processing,4,1,Image Processing
IT Service Desk,4,2,IT Service Desk | IT service desk
Windows Forms,4,1,Windows Forms
TDD,4,1,TDD
Integration Development,4,2,Integration Development | Integration Tools
HTML/CSS/JavaScript,4,2,HTML/CSS/JavaScript | HTML CSS JavaScript
Reliability Engineering,4,1,Reliability Engineering
Group Policy Management,4,1,Group Policy Management
Product Knowledge,4,1,Product Knowledge
System Auditing,4,1,System Auditing
Red Hat Linux,4,2,Red Hat Linux | RedHat Linux
Detail Orientation,4,2,Detail Orientation | Detail orientation
Software Maintenance,4,2,Software Maintenance | Software maintenance
Ruby on Rails,4,1,Ruby on Rails
Performance Management,4,1,Performance Management
KPI Tracking,4,1,KPI Tracking
Microsoft Defender,4,1,Microsoft Defender
Intrusion Detection,4,1,Intrusion Detection
ITSM Tools,4,2,ITSM Tools | ITSM
VBA,4,3,VBA | VBA Programming | VBA programming
LAMP Stack,4,2,LAMP Stack | LAMP stack
Compliance Monitoring,4,2,Compliance Monitoring | Compliance monitoring
Business Acumen,4,1,Business Acumen
KPI Development,4,1,KPI Development
Azure Security Center,4,1,Azure Security Center
Travel Coordination,4,1,Travel Coordination
Windows Support,4,2,Windows Support | Windows support
MVVM,4,1,MVVM
Network Diagnostics,4,2,Network Diagnostics | Network diagnostics
Prototype Development,4,1,Prototype Development
RESTful Services,4,2,RESTful Services | RESTful services
ITIL certification,4,2,ITIL certification | ITIL Certification
RabbitMQ,4,1,RabbitMQ
Group Policy,4,1,Group Policy
End User Computing,4,2,End User Computing | End-User Computing
Documentation Standards,4,1,Documentation Standards
Scope Management,4,1,Scope Management
Real-time systems,4,2,Real-time systems | Real-time Systems
Mobile Application Development,4,2,Mobile Application Development | Mobile application development
Supply Chain Knowledge,4,1,Supply Chain Knowledge
CRISC Certification,4,2,CRISC Certification | CRISC certification
Cisco ASA,4,1,Cisco ASA
Palo Alto,4,1,Palo Alto
S/4HANA,4,1,S/4HANA
Timeline Management,4,1,Timeline Management
Team Coordination,4,1,Team Coordination
Active Directory Management,4,2,Active Directory Management | Active Directory management
Visualforce,4,2,Visualforce | Visualforce Development
UX/UI Design,4,1,UX/UI Design
EDI Integration,4,1,EDI Integration
HRIS,4,3,HRIS | HRIS knowledge | HRIS Knowledge
Source Code Review,4,1,Source Code Review
SAN Storage Management,4,2,SAN Storage Management | SAN storage management
Multithreaded Programming,4,3,Multithreaded Programming | Multi-threaded Programming | Multithreaded programming
SOX Compliance,4,2,SOX Compliance | SOX compliance
Cybersecurity Awareness,4,2,Cybersecurity Awareness | Cybersecurity awareness
Edge Computing,4,2,Edge Computing | Edge computing
Data Reconciliation,4,2,Data Reconciliation | Data reconciliation
Puppet Automation,4,1,Puppet Automation
Security Hardening,4,1,Security Hardening
Python automation,4,2,Python automation | Python Automation
Workspace ONE,4,2,Workspace ONE | Workspace One
FastAPI,4,1,FastAPI
Project Lifecycle Management,4,1,Project Lifecycle Management
Backup Restore,4,2,Backup Restore | Backup & Restore
Business Process Mapping,4,1,Business Process Mapping
LAN/WAN networking,4,1,LAN/WAN networking
Email Administration,4,1,Email Administration
Training Development,4,2,Training Development | Training development
dbt,4,2,dbt | DBT
Cost Estimation,4,1,Cost Estimation
MES,4,3,MES | MES knowledge | MES Development
Written Communication,4,2,Written Communication | Written communication
Flask,4,1,Flask
Advanced SQL,4,1,Advanced SQL
Electrical Engineering,4,1,Electrical Engineering
Network Switching,4,2,Network Switching | Network switching
Kanban,4,1,Kanban
Monitoring & Alerting,4,1,Monitoring & Alerting
Accounts Payable,4,1,Accounts Payable
Budget Control,4,1,Budget Control
GDPR compliance,4,2,GDPR compliance | GDPR Compliance
Data Management,4,1,Data Management
Eclipse IDE,4,1,Eclipse IDE
Account Management,4,1,Account Management
Second Level Support,4,2,Second Level Support | Second-level Support
TOGAF,4,2,TOGAF | TOGAF Framework
Salesforce CRM,4,1,Salesforce CRM
Service Reporting,4,2,Service Reporting | Service reporting
Containerization,4,1,Containerization
CCIE certification,4,2,CCIE certification | CCIE Certification
Software-defined networking,4,3,Software-defined networking | Software-Defined Networking | Software Defined Networking
Six Sigma,4,1,Six Sigma
Software License Management,4,1,Software License Management
Cybersecurity Practices,4,1,Cybersecurity Practices
Ionic Framework,4,2,Ionic Framework | Ionic
Audit Coordination,4,2,Audit Coordination | Audit coordination
OS Installation,4,2,OS Installation | OS installation
AWS Services,4,2,AWS Services | AWS services
Cocos Creator,4,1,Cocos Creator
Dependency Injection,4,1,Dependency Injection
Facilities Management,4,2,Facilities Management | Facility Management
LAN/WAN Troubleshooting,4,1,LAN/WAN Troubleshooting
MyBatis,4,1,MyBatis
Web Application Testing,4,1,Web Application Testing
Workstation Deployment,4,1,Workstation Deployment
IT Risk Management,4,1,IT Risk Management
Logistics Coordination,4,2,Logistics Coordination | Logistics coordination
Industrial Automation,4,2,Industrial Automation | Industrial automation
Feature Engineering,4,2,Feature Engineering | Feature engineering
MongoDB database,4,2,MongoDB database | MongoDB Database
Server Monitoring,4,2,Server Monitoring | Server monitoring
Terraform provisioning,4,2,Terraform provisioning | Terraform Provisioning
Teradata,4,1,Teradata
Problem Troubleshooting,4,2,Problem Troubleshooting | Problem troubleshooting
e-Commerce development,4,4,e-Commerce development | E-commerce Knowledge | E-commerce Development | e-Commerce
LAN/WAN,4,1,LAN/WAN
Technical Consulting,4,1,Technical Consulting
Digital Banking,4,1,Digital Banking
OSI Model,4,2,OSI Model | OSI model fundamentals
Security Risk Assessment,4,1,Security Risk Assessment
Data Lake,4,1,Data Lake
Functional Consulting,4,2,Functional Consulting | Functional consulting
DHCP Configuration,4,2,DHCP Configuration | DHCP configuration
Jetpack Compose,4,1,Jetpack Compose
Bash,4,1,Bash
Technical Pre-sales,4,3,Technical Pre-sales | Technical Presales | Technical pre-sales
SOAP API,4,1,SOAP API
HP Service Manager,4,1,HP Service Manager
State Management,4,3,State Management | State management | state management
Apache Flink,4,1,Apache Flink
Predictive Analytics,4,1,Predictive Analytics
SQL Server Administration,4,1,SQL Server Administration
Proposal Writing,4,1,Proposal Writing
Client Engagement,4,1,Client Engagement
Fit-Gap Analysis,4,3,Fit-Gap Analysis | Fit Gap Analysis | Fit-gap Analysis
AI fundamentals,4,4,AI fundamentals | AI Knowledge | AI Development | AI Fundamentals
Test Case Management,4,1,Test Case Management
HR Reporting,3,2,HR Reporting | HR reporting
Git Flow,3,1,Git Flow
Access Control Systems,3,1,Access Control Systems
Transaction Banking,3,1,Transaction Banking
Reporting Automation,3,1,Reporting Automation
PC Assembly,3,1,PC Assembly
Soldering Skills,3,2,Soldering Skills | Soldering skills
Security Consulting,3,1,Security Consulting
ISO Standards,3,1,ISO Standards
Logical Reasoning,3,2,Logical Reasoning | logical reasoning
Software Project Management,3,2,Software Project Management | Software project management
Resource Management,3,1,Resource Management
Jira Ticketing,3,3,Jira Ticketing | JIRA Ticketing | Jira ticketing
Compatibility Testing,3,2,Compatibility Testing | Compatibility testing
DOM Manipulation,3,2,DOM Manipulation | DOM manipulation
RFP Response,3,1,RFP Response
Electrical Systems,3,2,Electrical Systems | Electrical systems
Mechanical Systems,3,2,Mechanical Systems | Mechanical systems
Engineering fundamentals,3,2,Engineering fundamentals | Engineering Principles
Hadoop ecosystem,3,2,Hadoop ecosystem | Hadoop Ecosystem
Payroll Processing,3,2,Payroll Processing | Payroll processing
DAX,3,1,DAX
Adobe Creative Suite,3,1,Adobe Creative Suite
Hardware debugging,3,2,Hardware debugging | Hardware Debugging
Security Updates,3,1,Security Updates
Azure Virtual Machines,3,1,Azure Virtual Machines
SWIFT Messaging,3,2,SWIFT Messaging | Swift Messaging
Technical Design Documentation,3,1,Technical Design Documentation
Dimensional Modeling,3,2,Dimensional Modeling | Dimensional modeling
Tableau Reporting,3,2,Tableau Reporting | Tableau reporting
Telecommunications,3,2,Telecommunications | Telecommunication Knowledge
EIGRP routing,3,2,EIGRP routing | EIGRP Routing
Wireshark analysis,3,2,Wireshark analysis | Wireshark Analysis
Mobile Application Testing,3,1,Mobile Application Testing
Model Evaluation,3,1,Model Evaluation
NumPy,3,2,NumPy | NumPy usage
XML processing,3,2,XML processing | XML Processing
Oracle RDBMS,3,1,Oracle RDBMS
Groovy,3,2,Groovy | Groovy programming
Supplier Liaison,3,2,Supplier Liaison | Supplier liaison
Security Strategy Development,3,2,Security Strategy Development | Security strategy
Helm Charts,3,1,Helm Charts
OpenShift Platform,3,2,OpenShift Platform | OpenShift platform
Shift Left Security,3,2,Shift Left Security | Shift-left Security
Alteryx,3,1,Alteryx
Bootstrap CSS,3,1,Bootstrap CSS
Procurement Coordination,3,1,Procurement Coordination
Problem analysis,3,1,Problem analysis
English Fluency,3,1,English Fluency
Aruba Wireless,3,2,Aruba Wireless | Aruba wireless
Juniper switching,3,2,Juniper switching | Juniper Switching
MPLS,3,1,MPLS
VLAN,3,1,VLAN
Hybrid Mobile Development,3,1,Hybrid Mobile Development
Purchase Order Management,3,1,Purchase Order Management
Self-Learning,3,3,Self-Learning | Self-learning | Self Learning
Network Implementation,3,1,Network Implementation
Bilingual English Chinese,3,1,Bilingual English Chinese
Salesforce,3,2,Salesforce | Salesforce Development
Technical Roadmapping,3,1,Technical Roadmapping
RDBMS,3,1,RDBMS
DHCP Management,3,1,DHCP Management
Test Reporting,3,1,Test Reporting
Market Intelligence,3,1,Market Intelligence
Peripheral Configuration,3,1,Peripheral Configuration
MVP Architecture,3,1,MVP Architecture
Qlik Sense,3,1,Qlik Sense
Windows 10/11,3,1,Windows 10/11
SolarWinds monitoring,3,2,SolarWinds monitoring | SolarWinds Monitoring
Email Communication,3,2,Email Communication | Email communication
Cold Calling,3,1,Cold Calling
Puppet Configuration,3,2,Puppet Configuration | Puppet configuration
AutoCAD design,3,2,AutoCAD design | AutoCAD Design
Cost Management,3,1,Cost Management
Trade Finance,3,1,Trade Finance
System Recovery,3,1,System Recovery
Help Desk Ticketing,3,2,Help Desk Ticketing | Helpdesk Ticketing
Service Delivery Management,3,1,Service Delivery Management
Firebase,3,1,Firebase
Banking Solutions,3,1,Banking Solutions
Servlets,3,2,Servlets | Servlet
Test case execution,3,2,Test case execution | Test Case Execution
Stress testing,3,2,Stress testing | Stress Testing
AI Model Deployment,3,2,AI Model Deployment | AI model deployment
Web Design,3,1,Web Design
OData Services,3,1,OData Services
GRC tools,3,3,GRC tools | GRC | GRC Tools
Level 3 support,3,2,Level 3 support | Level 3 Support
PowerPoint Presentation,3,2,PowerPoint Presentation | PowerPoint presentations
Process Governance,3,1,Process Governance
LoadRunner,3,1,LoadRunner
GitHub Actions,3,1,GitHub Actions
Microsoft .NET,3,1,Microsoft .NET
E-commerce Platforms,3,1,E-commerce Platforms
Roadmap Development,3,1,Roadmap Development
Android Java,3,1,Android Java
CISSP,3,1,CISSP
CISM,3,1,CISM
Routing protocols,3,2,Routing protocols | Routing Protocols
Arabic language,3,3,Arabic language | Arabic Language | Arabic Language Proficiency
Search relevance evaluation,3,2,Search relevance evaluation | Search Relevance Evaluation
Meeting Facilitation,3,1,Meeting Facilitation
Authorization,3,1,Authorization
Operations Management,3,1,Operations Management
Subnetting,3,1,Subnetting
Site surveying,3,1,Site surveying
Learning Agility,3,2,Learning Agility | Learning agility
Project Governance,3,2,Project Governance | Project governance
Ranorex,3,1,Ranorex
UI Testing,3,1,UI Testing
Dynamics 365,3,1,Dynamics 365
Threat Monitoring,3,1,Threat Monitoring
Design of Experiments,3,1,Design of Experiments
24x7 Support,3,1,24x7 Support
Qlik,3,1,Qlik
IBM QRadar,3,1,IBM QRadar
Cisco Firewall,3,1,Cisco Firewall
UX Design,3,1,UX Design
User-Centered Design,3,1,User-Centered Design
SAP CPI,3,1,SAP CPI
AWS EMR,3,1,AWS EMR
Stakeholder Presentation,3,1,Stakeholder Presentation
JSON Web Token,3,1,JSON Web Token
NPM,3,2,NPM | npm
SAFe Agile,3,1,SAFe Agile
Campaign Management,3,2,Campaign Management | Campaign management
ELV Systems,3,1,ELV Systems
Web Server Administration,3,2,Web Server Administration | Web server administration
Customer Service Communication,3,1,Customer Service Communication
Virtualization platforms,3,2,Virtualization platforms | Virtualization Platforms
Interface Development,3,2,Interface Development | Interface development
Data Conversion,3,1,Data Conversion
Malay Language,3,2,Malay Language | Malay Proficiency
Level 1 Support,3,2,Level 1 Support | Level 1 support
Patch Deployment,3,2,Patch Deployment | Patch deployment
German Language,3,2,German Language | German language
Customer Engagement,3,1,Customer Engagement
Information Architecture,3,1,Information Architecture
Project Estimation,3,2,Project Estimation | project estimation
Keras,3,2,Keras | Keras Framework
OpenCV,3,2,OpenCV | OpenCV Library
Business Central,3,1,Business Central
SmartForms,3,2,SmartForms | Smartforms Development
Traditional Chinese,3,2,Traditional Chinese | Traditional Chinese proficiency
Telecom Engineering,3,2,Telecom Engineering | Telecom engineering
IoT Solutions,3,1,IoT Solutions
Business Process Documentation,3,1,Business Process Documentation
Server Backup,3,2,Server Backup | Server backup
MS Office Suite,3,1,MS Office Suite
Service Oriented Architecture,3,1,Service Oriented Architecture
JPA,3,1,JPA
Docker Compose,3,1,Docker Compose
Network Optimization,3,2,Network Optimization | Network optimization
Ruby,3,1,Ruby
Risk Reporting,3,1,Risk Reporting
Data Encryption,3,1,Data Encryption
Problem Diagnosis,3,2,Problem Diagnosis | Problem diagnosis
Database fundamentals,3,2,Database fundamentals | Database Fundamentals
Product Development,3,2,Product Development | Product development
ARM Templates,3,2,ARM Templates | ARM templates
Azure Networking,3,2,Azure Networking | Azure networking
Email Marketing,3,1,Email Marketing
Microsoft Dynamics NAV,3,1,Microsoft Dynamics NAV
Record Keeping,3,1,Record Keeping
Business Case Development,3,1,Business Case Development
Knowledge Base Documentation,3,2,Knowledge Base Documentation | Knowledge base documentation
Shift Scheduling,3,1,Shift Scheduling
Jenkins Automation,3,2,Jenkins Automation | Jenkins automation
Healthcare IT,3,2,Healthcare IT | Healthcare IT Knowledge
React.js Development,3,1,React.js Development
Material UI,3,2,Material UI | Material UI Library
Resume Writing,3,1,Resume Writing
ITIL V4,3,1,ITIL V4
Web Applications,3,1,Web Applications
Salesforce Sales Cloud,3,1,Salesforce Sales Cloud
Linux environment,3,1,Linux environment
Spring Cloud,3,1,Spring Cloud
HTML5 CSS3,3,2,HTML5 CSS3 | HTML5/CSS3
CI/CD Jenkins,3,1,CI/CD Jenkins
OSGi framework,3,2,OSGi framework | OSGi
Grafana Monitoring,3,1,Grafana Monitoring
SSL Certificate Management,3,1,SSL Certificate Management
Pricing analytics,3,2,Pricing analytics | Pricing Analytics
AS400 RPGLE,3,1,AS400 RPGLE
VBA scripting,3,2,VBA scripting | VBA Scripting
ERP Management,3,1,ERP Management
STL,3,2,STL | STL usage
Smart pointers,3,1,Smart pointers
Low-latency programming,3,1,Low-latency programming
SaaS Development,3,2,SaaS Development | SaaS Knowledge
QA Testing,3,1,QA Testing
POS System Support,3,2,POS System Support | POS system support
Account Planning,3,1,Account Planning
Control Framework Development,3,3,Control Framework Development | Control Language | Control Frameworks
Deployment Automation,3,2,Deployment Automation | Deployment automation
WebLogic,3,1,WebLogic
SAP MDG,3,1,SAP MDG
Infrastructure monitoring,3,2,Infrastructure monitoring | Infrastructure Monitoring
Manufacturing Execution Systems,3,2,Manufacturing Execution Systems | Manufacturing execution systems
Exchange Server,3,1,Exchange Server
Agile Coaching,3,1,Agile Coaching
SOQL,3,1,SOQL
Bill of Materials,3,1,Bill of Materials
OSCP Certification,3,1,OSCP Certification
Oracle EBS,3,1,Oracle EBS
Oracle Database Administration,3,1,Oracle Database Administration
Statistical Process Control,3,2,Statistical Process Control | Statistical process control
BACnet protocol,3,2,BACnet protocol | BACnet Protocol
Help Desk,3,1,Help Desk
TeamCity,3,1,TeamCity
Content Management Systems,3,2,Content Management Systems | Content Management System
Threat Modeling,3,2,Threat Modeling | Threat modeling
Nagios Monitoring,3,1,Nagios Monitoring
Backend Integration,3,1,Backend Integration
VMware ESXi,3,1,VMware ESXi
Microsoft Windows,3,1,Microsoft Windows
Site Reliability Engineering,3,1,Site Reliability Engineering
Infrastructure Documentation,3,2,Infrastructure Documentation | Infrastructure documentation
CrowdStrike,3,2,CrowdStrike | CrowdStrike Tool
English Mandarin,3,1,English Mandarin
Red Teaming,3,1,Red Teaming
Ticket Resolution,3,1,Ticket Resolution
HTML Coding,3,2,HTML Coding | HTML coding
Exception handling,3,2,Exception handling | Exception Handling
Documentation creation,3,2,Documentation creation | Documentation Creation
Sales Operations,3,1,Sales Operations
OAuth 2.0,3,1,OAuth 2.0
L3 Support,3,1,L3 Support
Business Blueprinting,3,1,Business Blueprinting
CCNP,3,1,CCNP
Dynamics 365 Business Central,3,1,Dynamics 365 Business Central
Database Schema Design,3,2,Database Schema Design | Database schema design
OAuth authentication,3,2,OAuth authentication | OAuth Authentication
RPGLE,3,2,RPGLE | RPGLE programming
CLLE,3,2,CLLE | CLLE programming
Waterfall Project Management,3,1,Waterfall Project Management
Vue 3,3,1,Vue 3
Databricks,3,1,Databricks
LDAP,3,1,LDAP
Network Segmentation,3,2,Network Segmentation | Network segmentation
Copywriting Skills,3,2,Copywriting Skills | Copywriting
Cisco Unified Communications,3,1,Cisco Unified Communications
CloudFormation,3,1,CloudFormation
Network Support,3,1,Network Support
Data Lakehouse,3,1,Data Lakehouse
RMA Coordination,3,1,RMA Coordination
ISO 9001 Compliance,3,2,ISO 9001 Compliance | ISO 9001 compliance
Oracle E-Business Suite,3,1,Oracle E-Business Suite
Routing and Switching,3,2,Routing and Switching | Routing and switching
SAP PM,3,1,SAP PM
SD-WAN implementation,3,1,SD-WAN implementation
Change Control,3,1,Change Control
Scala Programming,3,3,Scala Programming | Scala | Scala Development
Technical Proposal,3,2,Technical Proposal | Technical Proposal Development
Fiori Development,3,2,Fiori Development | Fiori
Business Architecture,3,1,Business Architecture
Open Systems,3,2,Open Systems | OPEN Systems
Log Parsing,3,1,Log Parsing
Shift Support,3,1,Shift Support
Symfony framework,3,3,Symfony framework | Symfony Framework | Symfony
SIEM Monitoring,3,2,SIEM Monitoring | SIEM monitoring
Azure Cloud Security,3,2,Azure Cloud Security | Azure cloud security
Unix/Linux administration,3,2,Unix/Linux administration | Unix/Linux Administration
OT Security,3,1,OT Security
SAP SuccessFactors,3,1,SAP SuccessFactors
Compliance Frameworks,3,2,Compliance Frameworks | Compliance Knowledge
Business Communication,3,1,Business Communication
Log management,3,2,Log management | Log Management
Hardware Deployment,3,2,Hardware Deployment | Hardware deployment
Compliance Testing,3,2,Compliance Testing | Compliance testing
Control Testing,3,3,Control Testing | Control testing | Controls Testing
IT Operations Management,3,1,IT Operations Management
Marketing Strategy,3,1,Marketing Strategy
License Compliance,3,1,License Compliance
Multi-Factor Authentication,3,1,Multi-Factor Authentication
Metadata Management,3,2,Metadata Management | Metadata management
Unity 3D,3,3,Unity 3D | Unity3D | Unity3D Development
Unreal Engine,3,1,Unreal Engine
Web Services Integration,3,2,Web Services Integration | Web services integration
Storage solutions,3,2,Storage solutions | Storage Solutions
SDN,3,1,SDN
Rapid Prototyping,3,2,Rapid Prototyping | Rapid prototyping
IBM MQ,3,1,IBM MQ
Laravel PHP,3,1,Laravel PHP
Programming Fundamentals,3,2,Programming Fundamentals | Programming fundamentals
Data Science,3,2,Data Science | Data Science Basics
ServiceNow Integration,3,2,ServiceNow Integration | ServiceNow integration
CEH Certification,3,1,CEH Certification
Electronics troubleshooting,3,2,Electronics troubleshooting | Electronics Troubleshooting
Embedded C,3,1,Embedded C
CCTV Management,3,2,CCTV Management | CCTV management
MongoDB Administration,3,1,MongoDB Administration
Perl,3,2,Perl | Perl Programming
vSphere,3,1,vSphere
ITSM Processes,3,2,ITSM Processes | ITSM processes
SAP Analytics Cloud,3,1,SAP Analytics Cloud
Databricks Platform,3,2,Databricks Platform | Databricks platform
SAP CO,3,1,SAP CO
Natural Language Processing,3,1,Natural Language Processing
Microsoft Dynamics,3,1,Microsoft Dynamics
Security Incident Management,3,1,Security Incident Management
STLC Knowledge,3,2,STLC Knowledge | STLC
SAML,3,1,SAML
F5 Load Balancer,3,2,F5 Load Balancer | F5 load balancer
Docker Containerization,3,2,Docker Containerization | Docker containerization
Competitor Analysis,3,1,Competitor Analysis
Client Onboarding,3,2,Client Onboarding | Client onboarding
SAP ABAP,3,1,SAP ABAP
Requirements Elicitation,3,2,Requirements Elicitation | Requirements elicitation
Security Protocols,3,2,Security Protocols | Security protocols
SCADA,3,2,SCADA | SCADA Development
Document Control,3,1,Document Control
Data Centre Operations,3,2,Data Centre Operations | Data centre operations
Hypercare Support,3,1,Hypercare Support
API Security,3,2,API Security | API security
Acceptance Testing,3,2,Acceptance Testing | Acceptance testing
Audit Management,3,2,Audit Management | Audit management
MES Support,3,2,MES Support | MES support
Dashboard Reporting,3,2,Dashboard Reporting | Dashboard reporting
PC hardware troubleshooting,3,2,PC hardware troubleshooting | PC Hardware Troubleshooting
Client Consulting,3,1,Client Consulting
Load Balancer,3,2,Load Balancer | Load balancer
Failure Analysis,3,2,Failure Analysis | Failure analysis
Selenium Testing,3,1,Selenium Testing
Requirements Management,3,2,Requirements Management | Requirement Management
Application Troubleshooting,3,1,Application Troubleshooting
System Commissioning,3,2,System Commissioning | System commissioning
Oracle Forms Development,3,2,Oracle Forms Development | Oracle Forms
Oracle Reports Development,3,2,Oracle Reports Development | Oracle Reports
Modular Architecture,3,2,Modular Architecture | Modular architecture
Cisco Nexus,3,1,Cisco Nexus
SD-WAN Technology,3,1,SD-WAN Technology
Change Request Management,3,1,Change Request Management
JMS,3,1,JMS
Siemens Opcenter,3,1,Siemens Opcenter
Google Tag Manager,3,1,Google Tag Manager
Cryptography Development,3,3,Cryptography Development | Cryptography Fundamentals | Cryptography
Internal Audit,3,1,Internal Audit
Security Assessment,3,2,Security Assessment | Security assessment
Pricing Strategy,3,1,Pricing Strategy
Informatica PowerCenter,3,1,Informatica PowerCenter
Gin framework,3,1,Gin framework
Lean Manufacturing,3,2,Lean Manufacturing | Lean manufacturing
Excel Reporting,3,1,Excel Reporting
Security Administration,3,1,Security Administration
Live Chat Support,3,2,Live Chat Support | Live chat support
Oracle RAC,3,1,Oracle RAC
SQL Server Integration Services,3,1,SQL Server Integration Services
Continuous Delivery,3,2,Continuous Delivery | Continuous delivery
WAN Design,3,2,WAN Design | WAN design
Network Packet Analysis,3,1,Network Packet Analysis
SIP Protocols,3,2,SIP Protocols | SIP Protocol
Service Desk Management,3,1,Service Desk Management
Capacity Management,3,1,Capacity Management
Integration Patterns,3,2,Integration Patterns | integration patterns
JSON Data,3,2,JSON Data | JSON data
Cutover Planning,3,1,Cutover Planning
CRM Integration,3,1,CRM Integration
Azure SQL,3,1,Azure SQL
Cisco ACI,3,1,Cisco ACI
Reinforcement Learning,3,2,Reinforcement Learning | Reinforcement learning
Linux kernel development,3,2,Linux kernel development | Linux kernel
Firewall,3,2,Firewall | Firewall development
Qualitative research,3,3,Qualitative research | Qualitative Research | qualitative research
IT Inventory Management,3,2,IT Inventory Management | IT inventory management
MES troubleshooting,3,1,MES troubleshooting
Microservices Design,3,3,Microservices Design | Microservices design | Microservice design
Distributed teams,3,2,Distributed teams | Distributed Teams
Nutanix AHV,3,2,Nutanix AHV | Nutani​x AHV
Hypothesis Testing,3,1,Hypothesis Testing
Salesforce Architecture,3,1,Salesforce Architecture
Batch Processing,3,2,Batch Processing | Batch processing
NOC Operations,3,1,NOC Operations
Elastic Stack,3,1,Elastic Stack
Cloud-native development,3,1,Cloud-native development
Pair Programming,3,2,Pair Programming | Pair programming
Serverless Architecture,3,2,Serverless Architecture | Serverless architecture
Financial Software,3,1,Financial Software
Prometheus,3,1,Prometheus
Supply Chain Coordination,3,2,Supply Chain Coordination | Supply chain coordination
Cloud Development,3,1,Cloud Development
Issue Management,3,1,Issue Management
Dependency Management,3,1,Dependency Management
Application Monitoring,3,1,Application Monitoring
Black box testing,3,2,Black box testing | Black Box Testing
Source Control,3,1,Source Control
Software QA,3,1,Software QA
Control-M Scheduling,3,2,Control-M Scheduling | Control-M scheduling
Infrastructure Automation,3,1,Infrastructure Automation
Camstar MES,3,1,Camstar MES
SDLC Methodologies,3,3,SDLC Methodologies | SDLC methodologies | SDLC Methodology
Project Tracking,3,2,Project Tracking | Project tracking
ERP System Support,3,2,ERP System Support | ERP system support
RESTful API Design,3,2,RESTful API Design | RESTful API design
HTTP/HTTPS Protocols,3,1,HTTP/HTTPS Protocols
SSL/TLS Encryption,3,1,SSL/TLS Encryption
Data protection,3,2,Data protection | Data Protection
Corrective Maintenance,3,1,Corrective Maintenance
Cloud Security Architecture,3,1,Cloud Security Architecture
Security Automation,3,1,Security Automation
Citrix Virtual Apps,3,1,Citrix Virtual Apps
JSON Parsing,3,1,JSON Parsing
Production Planning,3,1,Production Planning
Playwright,3,1,Playwright
computer architecture,3,2,computer architecture | Computer Architecture
LLM integration,3,2,LLM integration | LLM Integration
Metrics Reporting,2,2,Metrics Reporting | Metrics reporting
Physical Security Management,2,1,Physical Security Management
Payments Domain,2,2,Payments Domain | Payments Domain Knowledge
ISO 20022,2,2,ISO 20022 | ISO20022
E2E Testing,2,1,E2E Testing
Diagnostic Testing,2,1,Diagnostic Testing
Espresso Testing,2,1,Espresso Testing
SIEM Integration,2,1,SIEM Integration
HIPAA Compliance,2,2,HIPAA Compliance | HIPAA compliance
IT Project Coordination,2,1,IT Project Coordination
PKI Implementation,2,2,PKI Implementation | PKI implementation
Image Annotation,2,1,Image Annotation
Requirements Engineering,2,1,Requirements Engineering
Datadog Monitoring,2,2,Datadog Monitoring | Datadog monitoring
Game Testing,2,2,Game Testing | Game testing
Mantis Tool,2,2,Mantis Tool | Mantis
BugFree Tool,2,2,BugFree Tool | BugFree
Immutable.js,2,1,Immutable.js
Data tracking,2,2,Data tracking | Data Tracking
IT Infrastructure Design,2,2,IT Infrastructure Design | IT infrastructure design
Well data analysis,2,1,Well data analysis
Simulation software,2,1,Simulation software
Completion tools,2,1,Completion tools
Pivot Tables,2,1,Pivot Tables
HTTPS protocol,2,2,HTTPS protocol | HTTP protocol
Power electronics,2,2,Power electronics | Power Electronics
Risk Development,2,1,Risk Development
Network documentation,2,2,Network documentation | Network Documentation
SD-WAN troubleshooting,2,1,SD-WAN troubleshooting
Network device debugging,2,1,Network device debugging
Routing configuration,2,2,Routing configuration | Routing Configuration
Server Configuration,2,1,Server Configuration
Procurement,2,1,Procurement
Front-end Performance Optimization,2,2,Front-end Performance Optimization | Frontend Performance Optimization
Azure SQL Database,2,1,Azure SQL Database
Manufacturing processes,2,1,Manufacturing processes
Order-to-Cash Support,2,1,Order-to-Cash Support
Shift Operations,2,1,Shift Operations
Information Security Compliance,2,1,Information Security Compliance
ServiceNow ITOM,2,1,ServiceNow ITOM
ServiceNow Administration,2,1,ServiceNow Administration
Event Management,2,1,Event Management
Windows 7,2,1,Windows 7
System Installation,2,1,System Installation
Commissioning,2,1,Commissioning
Migration Planning,2,1,Migration Planning
Product Operations,2,1,Product Operations
Performance Metrics,2,1,Performance Metrics
Wireless Access Points,2,2,Wireless Access Points | Wireless Access Point
SIT Coordination,2,1,SIT Coordination
JWT Authentication,2,1,JWT Authentication
Electrical equipment,2,2,Electrical equipment | Electrical Equipment
Mechanical equipment,2,2,Mechanical equipment | Mechanical Equipment
Distributed Systems Design,2,1,Distributed Systems Design
System Performance Optimization,2,1,System Performance Optimization
Data Strategy,2,1,Data Strategy
Offline storage,2,2,Offline storage | Offline Storage
Mobile QA automation,2,2,Mobile QA automation | Mobile QA Automation
Database Programming,2,2,Database Programming | Database programming
RADIUS Authentication,2,2,RADIUS Authentication | RADIUS authentication
Network Security Architecture,2,1,Network Security Architecture
Security Project Management,2,1,Security Project Management
Cost Benefit Analysis,2,1,Cost Benefit Analysis
DevOps Methodologies,2,1,DevOps Methodologies
Security Certifications,2,2,Security Certifications | Security certifications
L2 Support,2,1,L2 Support
Strategic Sourcing,2,1,Strategic Sourcing
Procurement Compliance,2,1,Procurement Compliance
Tender Management,2,1,Tender Management
Control-M,2,1,Control-M
Unix scripting,2,2,Unix scripting | Unix Scripting
System Enhancement,2,1,System Enhancement
App Store Publishing,2,1,App Store Publishing
Google Play Publishing,2,1,Google Play Publishing
Basic networking,2,2,Basic networking | Basic Networking
Valid driver's license,2,2,Valid driver's license | Valid Driver's License
Fault Management,2,2,Fault Management | Fault management
Software Updates,2,1,Software Updates
System Audits,2,1,System Audits
Mentorship,2,1,Mentorship
Prioritization Frameworks,2,2,Prioritization Frameworks | Prioritization
Network Basics,2,1,Network Basics
Remote Assistance,2,1,Remote Assistance
NIST Cybersecurity Framework,2,1,NIST Cybersecurity Framework
SIEM implementation,2,1,SIEM implementation
AWS cloud security,2,1,AWS cloud security
VM Virtualization,2,2,VM Virtualization | VM virtualization
Windows Services,2,2,Windows Services | Windows Service
Huawei Networking,2,1,Huawei Networking
NGINX Configuration,2,2,NGINX Configuration | Nginx Configuration
Salesforce.com,2,1,Salesforce.com
Agile Leadership,2,1,Agile Leadership
Cisco CCNP,2,1,Cisco CCNP
CCTV System Integration,2,2,CCTV System Integration | CCTV system integration
Risk-Based Testing,2,2,Risk-Based Testing | Risk-based testing
ISTQB Certified,2,1,ISTQB Certified
Basic Programming,2,1,Basic Programming
Web Scraping,2,1,Web Scraping
Juris Application Server,2,1,Juris Application Server
UAT Execution,2,1,UAT Execution
Karma,2,1,Karma
Device Deployment,2,1,Device Deployment
Workstation Setup,2,1,Workstation Setup
CocoaPods,2,2,CocoaPods | Cocoapods
Use Case Development,2,1,Use Case Development
Sales Support,2,1,Sales Support
Expo,2,1,Expo
iOS Deployment,2,1,iOS Deployment
Android Deployment,2,1,Android Deployment
Agile Documentation,2,1,Agile Documentation
Technology Strategy,2,1,Technology Strategy
ASP.NET Web Forms,2,2,ASP.NET Web Forms | ASP.NET WebForms
Account Reconciliation,2,1,Account Reconciliation
Electrical Maintenance,2,1,Electrical Maintenance
Microsoft Dynamics Business Central,2,1,Microsoft Dynamics Business Central
PCB Design,2,1,PCB Design
Operating System Installation,2,1,Operating System Installation
OneDrive Management,2,1,OneDrive Management
Rust programming,2,2,Rust programming | Rust
Hybrid Cloud Architecture,2,2,Hybrid Cloud Architecture | Hybrid cloud architecture
Microsoft Exchange,2,1,Microsoft Exchange
Server Installation,2,1,Server Installation
Asset Inventory Management,2,1,Asset Inventory Management
Service Transition,2,1,Service Transition
Bahasa Melayu,2,1,Bahasa Melayu
AWS Cloud Architecture,2,1,AWS Cloud Architecture
Well-Architected Framework,2,1,Well-Architected Framework
Database Architecture,2,2,Database Architecture | Database architecture
Excel Pivot Tables,2,1,Excel Pivot Tables
Payment Integration,2,1,Payment Integration
Problem Resolution,2,1,Problem Resolution
Chatbot Integration,2,1,Chatbot Integration
Fastlane,2,1,Fastlane
Struts,2,1,Struts
Network Switches,2,2,Network Switches | Network switches
Network Cabling,2,2,Network Cabling | Network cabling
Cloud-native Architecture,2,2,Cloud-native Architecture | cloud-native architecture
Microsoft IIS,2,1,Microsoft IIS
Security Patch Management,2,1,Security Patch Management
Accessibility,2,1,Accessibility
User Testing,2,2,User Testing | User testing
Lakehouse Architecture,2,1,Lakehouse Architecture
IT Budget Management,2,1,IT Budget Management
FinTech Expertise,2,2,FinTech Expertise | FinTech expertise
Cryptocurrency Knowledge,2,2,Cryptocurrency Knowledge | Cryptocurrency
Blockchain Technology,2,2,Blockchain Technology | Blockchain technology
BMC Helix,2,1,BMC Helix
Printer Troubleshooting,2,1,Printer Troubleshooting
Content Management,2,1,Content Management
CDS Views,2,1,CDS Views
Security policy enforcement,2,2,Security policy enforcement | Security Policy Enforcement
NAS,2,1,NAS
IPPBX,2,1,IPPBX
Looker,2,1,Looker
MS-DOS,2,1,MS-DOS
Web API Integration,2,1,Web API Integration
SAP Data Services,2,1,SAP Data Services
SDLC Compliance,2,1,SDLC Compliance
AWS EKS,2,1,AWS EKS
Redis cache,2,2,Redis cache | Redis Cache
Adaptability,2,1,Adaptability
UFT,2,1,UFT
Test data management,2,2,Test data management | Test Data Management
SAP HCM,2,1,SAP HCM
Monitoring and alerting,2,2,Monitoring and alerting | Monitoring and Alerting
NFV Infrastructure,2,1,NFV Infrastructure
Microsoft Dataverse,2,1,Microsoft Dataverse
Application Lifecycle Management,2,2,Application Lifecycle Management | Application lifecycle management
SAP ERP 6.0,2,1,SAP ERP 6.0
SAP Basis,2,1,SAP Basis
Blockchain integration,2,2,Blockchain integration | Blockchain Integration
IT Compliance,2,1,IT Compliance
Solution Implementation,2,1,Solution Implementation
Third-Party Integration,2,1,Third-Party Integration
MES configuration,2,1,MES configuration
Figma Design,2,2,Figma Design | Figma design
B2C Product,2,2,B2C Product | B2C Product Development
Mainframe Systems,2,1,Mainframe Systems
IBM DB2,2,1,IBM DB2
Linux command line,2,1,Linux command line
Mobile UI/UX,2,1,Mobile UI/UX
Cybersecurity Management,2,2,Cybersecurity Management | Cybersecurity management
CEH,2,1,CEH
SAP Customization,2,1,SAP Customization
Consulting Services,2,1,Consulting Services
SharePoint Integration,2,1,SharePoint Integration
GitHub Version Control,2,2,GitHub Version Control | GitHub version control
L2/L3 switching,2,2,L2/L3 switching | L2/L3 Switching
Network installation,2,2,Network installation | Network Installation
Korean language,2,2,Korean language | Korean Language
Business Process Optimization,2,1,Business Process Optimization
CBAP Certification,2,1,CBAP Certification
IT infrastructure maintenance,2,1,IT infrastructure maintenance
Procurement Processing,2,1,Procurement Processing
Star Schema Modeling,2,1,Star Schema Modeling
Budget Forecasting,2,1,Budget Forecasting
Automation Projects,2,2,Automation Projects | Automation projects
Business Process Automation,2,1,Business Process Automation
Microsoft Power Platform,2,1,Microsoft Power Platform
Domain Management,2,1,Domain Management
Knowledge Management,2,1,Knowledge Management
GUI development,2,1,GUI development
MicroStrategy,2,1,MicroStrategy
Retail Domain Knowledge,2,1,Retail Domain Knowledge
Product Testing,2,1,Product Testing
Microsoft Outlook,2,1,Microsoft Outlook
Application debugging,2,2,Application debugging | Application Debugging
Performance analysis,2,1,Performance analysis
MITRE ATT&CK,2,1,MITRE ATT&CK
Banking Applications,2,1,Banking Applications
File I/O,2,1,File I/O
BRD Documentation,2,1,BRD Documentation
SAP BTP,2,1,SAP BTP
Integration design,2,2,Integration design | Integration Design
Code maintenance,2,2,Code maintenance | Code Maintenance
AWS Glue,2,1,AWS Glue
AWS Athena,2,1,AWS Athena
Electrical wiring,2,1,Electrical wiring
Image Deployment,2,1,Image Deployment
Control system integration,2,2,Control system integration | Control System Integration
IP routing,2,2,IP routing | IP Routing
OpenAPI Specification,2,1,OpenAPI Specification
Cybersecurity Risk Assessment,2,1,Cybersecurity Risk Assessment
AWS CodePipeline,2,1,AWS CodePipeline
Business Application Support,2,2,Business Application Support | Business application support
SMS Gateway,2,1,SMS Gateway
Core Banking,2,1,Core Banking
SIT Support,2,1,SIT Support
System Validation,2,2,System Validation | System validation
Data Backup Management,2,1,Data Backup Management
ABAP OO,2,1,ABAP OO
Form Development,2,1,Form Development
Remote Collaboration,2,1,Remote Collaboration
SSAS Development,2,2,SSAS Development | SSAS
Excel Services,2,1,Excel Services
Technology Research,2,1,Technology Research
Access Management,2,1,Access Management
Printer Setup,2,1,Printer Setup
IPsec VPN,2,2,IPsec VPN | IPSec VPN
SASE Architecture,2,1,SASE Architecture
Network Performance Analysis,2,2,Network Performance Analysis | Network performance analysis
System Migration,2,1,System Migration
Azure AD,2,1,Azure AD
Sketch,2,1,Sketch
Motion Design,2,1,Motion Design
CAD Modeling,2,1,CAD Modeling
UI/UX development,2,2,UI/UX development | UI/UX Development
Technical Solution Design,2,1,Technical Solution Design
Network Operations,2,1,Network Operations
Retail Operations,2,1,Retail Operations
Product Design,2,2,Product Design | Product Design Tools
Sales Enablement,2,1,Sales Enablement
SAP Workflow,2,1,SAP Workflow
IDoc Integration,2,1,IDoc Integration
BAPI Development,2,1,BAPI Development
ALV Reporting,2,1,ALV Reporting
LSMW Data Migration,2,1,LSMW Data Migration
Adobe Forms,2,1,Adobe Forms
Magento,2,2,Magento | Magento development
Fastify,2,1,Fastify
Printer Administration,2,1,Printer Administration
Wi-Fi Administration,2,2,Wi-Fi Administration | WiFi Administration
Test Strategy Development,2,2,Test Strategy Development | Test Strategy
Requirements Documentation,2,1,Requirements Documentation
Code Deployment,2,1,Code Deployment
Web Technologies,2,1,Web Technologies
IT Training Delivery,2,1,IT Training Delivery
vSphere Administration,2,1,vSphere Administration
English Mandarin Communication,2,1,English Mandarin Communication
Scrum Agile,2,1,Scrum Agile
User Access Review,2,1,User Access Review
IT Security Compliance,2,1,IT Security Compliance
8D Problem Solving,2,1,8D Problem Solving
IT Risk Assessment,2,2,IT Risk Assessment | IT risk assessment
OS configuration,2,2,OS configuration | OS Configuration
IoT,2,2,IoT | IoT concepts
Azure services,2,1,Azure services
IT security controls,2,1,IT security controls
Linux OS support,2,1,Linux OS support
LDAP Integration,2,1,LDAP Integration
JMS Messaging,2,1,JMS Messaging
CIS Controls,2,1,CIS Controls
Market trend analysis,2,2,Market trend analysis | Market Trend Analysis
Cleanroom Procedures,2,1,Cleanroom Procedures
Equipment Troubleshooting,2,2,Equipment Troubleshooting | Equipment troubleshooting
Self‑Motivation,2,1,Self‑Motivation
Azure Monitor,2,1,Azure Monitor
Azure Resource Manager,2,1,Azure Resource Manager
Windows Server 2012,2,1,Windows Server 2012
Social Media Marketing,2,1,Social Media Marketing
Content Marketing,2,1,Content Marketing
Business Reporting,2,1,Business Reporting
Relational Modeling,2,1,Relational Modeling
AL Programming,2,2,AL Programming | AL Language
On-page SEO,2,1,On-page SEO
Technical SEO,2,1,Technical SEO
Keyword research,2,2,Keyword research | Keyword Research
TOSCA Automation,2,2,TOSCA Automation | TOSCA automation
Rest-Assured,2,2,Rest-Assured | REST Assured
D3.js,2,1,D3.js
Incident Ticket Management,2,1,Incident Ticket Management
Software Licensing,2,1,Software Licensing
Mobile Device Support,2,1,Mobile Device Support
Performance troubleshooting,2,2,Performance troubleshooting | Performance Troubleshooting
Service Request Fulfillment,2,1,Service Request Fulfillment
Project Management Software,2,1,Project Management Software
Pentaho ETL,2,1,Pentaho ETL
IP Addressing,2,2,IP Addressing | IP addressing
Requirements Specification,2,2,Requirements Specification | Requirements specification
Programming,2,1,Programming
QuickBooks,2,1,QuickBooks
SAP ByDesign,2,1,SAP ByDesign
Webpack Bundler,2,1,Webpack Bundler
NPM Package Manager,2,2,NPM Package Manager | npm Package Manager
Ant Design Library,2,2,Ant Design Library | Ant Design
Backup Strategies,2,2,Backup Strategies | Backup Strategy
MapReduce,2,2,MapReduce | MapReduce Programming
Apache NiFi,2,1,Apache NiFi
Infrastructure Design,2,2,Infrastructure Design | Infrastructure design
SQL Reporting,2,1,SQL Reporting
Interview Preparation,2,1,Interview Preparation
Azure AKS,2,1,Azure AKS
Azure Storage,2,1,Azure Storage
Healthcare Domain Knowledge,2,1,Healthcare Domain Knowledge
Android native development,2,2,Android native development | Android Native
Knowledge Base Creation,2,1,Knowledge Base Creation
Service Improvement,2,1,Service Improvement
Hardware Configuration,2,1,Hardware Configuration
Research Analysis,2,1,Research Analysis
Presentation Design,2,2,Presentation Design | Presentation design
Payroll Systems,2,1,Payroll Systems
Proactive Monitoring,2,1,Proactive Monitoring
Multi-tier Architecture,2,1,Multi-tier Architecture
Xray,2,1,Xray
Adobe AEM,2,1,Adobe AEM
Sling framework,2,1,Sling framework
HTL Sightly,2,2,HTL Sightly | HTL/Sightly
Vulnerability Remediation,2,1,Vulnerability Remediation
Gherkin,2,1,Gherkin
PowerBI reporting,2,2,PowerBI reporting | Power BI reporting
CCNA Networking,2,1,CCNA Networking
Microsoft SCCM,2,1,Microsoft SCCM
Electronic Banking,2,1,Electronic Banking
User Feedback Analysis,2,1,User Feedback Analysis
Adobe InDesign,2,1,Adobe InDesign
PRINCE2 Practitioner,2,1,PRINCE2 Practitioner
Aruba Networking,2,2,Aruba Networking | Aruba networking
Clean Architecture,2,1,Clean Architecture
Nuxt.js,2,1,Nuxt.js
Server-side development,2,2,Server-side development | Server-side Development
XUnit,2,1,XUnit
Application Integration,2,1,Application Integration
OpenJVS,2,1,OpenJVS
Openlink Endur,2,1,Openlink Endur
Trade Lifecycle Design,2,1,Trade Lifecycle Design
PC installation,2,2,PC installation | PC Installation
E‑commerce management,2,2,E‑commerce management | E-commerce Management
Hybrid Cloud,2,1,Hybrid Cloud
Cloud Sales,2,1,Cloud Sales
Java OOP,2,1,Java OOP
Traceability Matrix,2,2,Traceability Matrix | Traceability matrix
Post Implementation Review,2,2,Post Implementation Review | Post-Implementation Review
Field Service Engineering,2,1,Field Service Engineering
SAP Solution Manager,2,1,SAP Solution Manager
Pre-sales,2,1,Pre-sales
Database Integration,2,1,Database Integration
Staff Training,2,1,Staff Training
Digital Project Management,2,1,Digital Project Management
Windows Clustering,2,1,Windows Clustering
Computer Literacy,2,1,Computer Literacy
Software customization,2,2,Software customization | Software Customization
Cisco Nexus Switches,2,1,Cisco Nexus Switches
User Access Control,2,1,User Access Control
Ticketing System Management,2,1,Ticketing System Management
LAN/WAN support,2,2,LAN/WAN support | LAN/WAN Support
Workforce Management,2,1,Workforce Management
SBC Configuration,2,2,SBC Configuration | SBC configuration
Threat Detection,2,1,Threat Detection
Metrics Development,2,2,Metrics Development | Metric Development
Third-party API Integration,2,2,Third-party API Integration | Third-party API integration
Computer System Validation,2,1,Computer System Validation
MLOps,2,1,MLOps
Tender Documentation,2,1,Tender Documentation
Ad Hoc Reporting,2,2,Ad Hoc Reporting | Ad-hoc Reporting
PC Imaging,2,1,PC Imaging
System training,2,2,System training | System Training
Web Application Security,2,1,Web Application Security
Social Engineering,2,1,Social Engineering
Linux RedHat,2,1,Linux RedHat
Software validation,2,1,Software validation
Process transfer,2,2,Process transfer | Process Transfer
Uniapp,2,2,Uniapp | UniApp
Front-end debugging,2,2,Front-end debugging | Front-end Debugging
Data Automation,2,1,Data Automation
Preventative Maintenance,2,2,Preventative Maintenance | Preventative maintenance
Web Application Architecture,2,2,Web Application Architecture | Web application architecture
Solidity,2,1,Solidity
Exploratory Data Analysis,2,2,Exploratory Data Analysis | Exploratory data analysis
Business Intelligence Reporting,2,1,Business Intelligence Reporting
Java 11,2,1,Java 11
OWASP Security,2,1,OWASP Security
Messaging Queues,2,2,Messaging Queues | Messaging Queue
Territory Management,2,1,Territory Management
Chinese Communication,2,2,Chinese Communication | Chinese communication
Database development,2,1,Database development
User Interface design,2,2,User Interface design | User Interface Design
Real-time OS,2,1,Real-time OS
ISO 8583,2,2,ISO 8583 | ISO8583
EMV standards,2,2,EMV standards | EMV Standards
Payment switching,2,1,Payment switching
UML Diagramming,2,1,UML Diagramming
Miro,2,1,Miro
Client Support,2,1,Client Support
Client Interaction,2,1,Client Interaction
Data Recovery,2,1,Data Recovery
Jira Administration,2,2,Jira Administration | JIRA Administration
Windows Server Admin,2,1,Windows Server Admin
Certificate Management,2,1,Certificate Management
IoT Architecture,2,1,IoT Architecture
Robotics Development,2,1,Robotics Development
Code Debugging,2,2,Code Debugging | Code debugging
RHEL Linux,2,1,RHEL Linux
Security tool evaluation,2,2,Security tool evaluation | Security Evaluation
RHCSA certification,2,2,RHCSA certification | RHCSA Certification
Server Deployment,2,1,Server Deployment
Multicast routing,2,2,Multicast routing | Multicast Routing
Software Patching,2,2,Software Patching | Software patching
Dell EMC Storage,2,1,Dell EMC Storage
Cybersecurity Strategy,2,1,Cybersecurity Strategy
Japanese (JLPT N1),2,1,Japanese (JLPT N1)
Lotus Notes,2,1,Lotus Notes
McAfee Antivirus,2,1,McAfee Antivirus
Kubernetes Administration,2,2,Kubernetes Administration | Kubernetes administration
Amazon AWS,2,1,Amazon AWS
Burp Suite,2,1,Burp Suite
Kali Linux,2,1,Kali Linux
Metasploit,2,2,Metasploit | Metasploit Framework
Sales Strategy,2,2,Sales Strategy | Sales strategy
DevExpress,2,1,DevExpress
RMM tools,2,2,RMM tools | RMM Tools
Revenue Recognition,2,1,Revenue Recognition
ITIL problem management,2,2,ITIL problem management | ITIL Problem Management
Network Deployment,2,1,Network Deployment
Access Point Setup,2,1,Access Point Setup
IT Networking,2,1,IT Networking
CyberArk PAM,2,1,CyberArk PAM
Audit reporting,2,1,Audit reporting
Password policy enforcement,2,1,Password policy enforcement
IT infrastructure integration,2,1,IT infrastructure integration
SASS,2,1,SASS
Threading,2,1,Threading
Dynatrace,2,1,Dynatrace
Microsoft Office 365,2,1,Microsoft Office 365
C/AL,2,2,C/AL | C/AL programming
Life Cycle Services,2,1,Life Cycle Services
macOS troubleshooting,2,2,macOS troubleshooting | macOS Troubleshooting
Mobile UI/UX Design,2,2,Mobile UI/UX Design | Mobile UI/UX design
Windows Imaging,2,1,Windows Imaging
Error Handling,2,2,Error Handling | Error handling
UEFI firmware,2,1,UEFI firmware
Software security,2,1,Software security
EDKII framework,2,2,EDKII framework | EDKII development
Microsoft Dynamics 365FO,2,2,Microsoft Dynamics 365FO | Microsoft Dynamics 365 F&O
Career Planning,2,1,Career Planning
Professional Communication,2,1,Professional Communication
Job Search Strategies,2,1,Job Search Strategies
Personal Branding,2,1,Personal Branding
Software Quality Assurance,2,1,Software Quality Assurance
Data Normalization,2,1,Data Normalization
Incident Response Planning,2,1,Incident Response Planning
ISO Compliance,2,2,ISO Compliance | ISO compliance
User Account Provisioning,2,1,User Account Provisioning
SAP Project Systems,2,2,SAP Project Systems | SAP Project System
Data Verification,2,1,Data Verification
Japanese (JLPT N3),2,1,Japanese (JLPT N3)
Call Handling,2,2,Call Handling | Call handling
Problem Escalation,2,1,Problem Escalation
Google Sheets,2,1,Google Sheets
Mobile App Architecture,2,1,Mobile App Architecture
SOA,2,2,SOA | SOA Concepts
DDoS Mitigation,2,1,DDoS Mitigation
Microsoft Navision,2,1,Microsoft Navision
Adobe Audition,2,1,Adobe Audition
iZotope RX,2,1,iZotope RX
Pro Tools,2,1,Pro Tools
Audio Post-Production,2,2,Audio Post-Production | Audio post-production
Scripting Automation,2,1,Scripting Automation
Operational Excellence,2,1,Operational Excellence
Business Automation,2,1,Business Automation
Insurance Operations,2,1,Insurance Operations
Physics Simulation,2,1,Physics Simulation
OPC UA,2,1,OPC UA
High availability design,2,2,High availability design | High Availability Design
Process Standardization,2,1,Process Standardization
Eloquent ORM,2,1,Eloquent ORM
Software Training,2,1,Software Training
Payroll Software,2,1,Payroll Software
IaaS Design,2,1,IaaS Design
Cisco Router Configuration,2,1,Cisco Router Configuration
Localization Testing,2,2,Localization Testing | Localization testing
Retail Payments,2,1,Retail Payments
Wholesale Payments,2,1,Wholesale Payments
Enterprise Systems,2,1,Enterprise Systems
Mainframe,2,2,Mainframe | Mainframe Development
Issue Investigation,2,1,Issue Investigation
Yii2 framework,2,2,Yii2 framework | Yii2
Bitbucket version control,2,1,Bitbucket version control
Wireshark packet analysis,2,2,Wireshark packet analysis | Wireshark Packet Analysis
IDS/IPS monitoring,2,2,IDS/IPS monitoring | IDS/IPS Monitoring
SAP Finance,2,1,SAP Finance
Cybersecurity Governance,2,1,Cybersecurity Governance
Service Delivery Coordination,2,1,Service Delivery Coordination
Exploratory Testing,2,2,Exploratory Testing | Exploratory testing
Indonesian Language,2,2,Indonesian Language | Indonesian Language Proficiency
UAT Planning,2,2,UAT Planning | UAT planning
Subcontractor Management,2,2,Subcontractor Management | Subcontractor management
Application Portfolio Management,2,1,Application Portfolio Management
Cross-team collaboration,2,2,Cross-team collaboration | Cross-team Collaboration
SOC2 Auditing,2,2,SOC2 Auditing | SOC 2 Auditing
MVC pattern,2,1,MVC pattern
Cross-platform mobile,2,1,Cross-platform mobile
OpenAI API,2,1,OpenAI API
Unified Communications,2,1,Unified Communications
WAF Management,2,1,WAF Management
IPS/IDS Management,2,1,IPS/IDS Management
Equipment Calibration,2,1,Equipment Calibration
Data Acquisition,2,2,Data Acquisition | Data acquisition
Workday HCM,2,1,Workday HCM
Workday Configuration,2,2,Workday Configuration | Workday configuration
LAN/WAN Administration,2,1,LAN/WAN Administration
Privacy by Design,2,2,Privacy by Design | Privacy By Design
Asset inventory,2,2,Asset inventory | Asset Inventory
AML compliance,2,1,AML compliance
JavaScript Scripting,2,2,JavaScript Scripting | JavaScript scripting
Service Desk Reporting,2,1,Service Desk Reporting
Petroleum Engineering,2,1,Petroleum Engineering
CCTV maintenance,2,2,CCTV maintenance | CCTV Maintenance
Creative Problem Solving,2,2,Creative Problem Solving | creative problem solving
IT Ticketing,2,1,IT Ticketing
Multi-site support,2,2,Multi-site support | Multi-site Support
CCTV system maintenance,2,2,CCTV system maintenance | CCTV System Maintenance
Role-Based Access Control,2,1,Role-Based Access Control
BOM Management,2,1,BOM Management
JSF,2,1,JSF
Photoshop,2,1,Photoshop
Illustrator,2,1,Illustrator
Public Presentation,2,1,Public Presentation
Database maintenance,2,2,Database maintenance | Database Maintenance
Pressure handling,2,1,Pressure handling
IPS,2,1,IPS
SSL VPN,2,1,SSL VPN
gRPC API,2,1,gRPC API
Data Center Architecture,2,2,Data Center Architecture | Data center architecture
JBoss EAP,2,1,JBoss EAP
Remote monitoring,2,2,Remote monitoring | Remote Monitoring
ITIL Practices,2,1,ITIL Practices
Cognos BI,2,1,Cognos BI
Business Requirements,2,2,Business Requirements | Business requirements
Stakeholder Liaison,2,1,Stakeholder Liaison
Angular 13,2,1,Angular 13
Supplier negotiation,2,2,Supplier negotiation | Supplier Negotiation
Xamarin,2,1,Xamarin
SDWAN design,2,2,SDWAN design | SD‑WAN Design
SEO Best Practices,2,1,SEO Best Practices
AI solutions,2,2,AI solutions | AI Solutions
Huawei Cloud,2,1,Huawei Cloud
Advanced Process Control,2,1,Advanced Process Control
Finance module,2,2,Finance module | Finance Module Knowledge
Unity development,2,2,Unity development | Unity
Game debugging,2,2,Game debugging | Game Debugging
QA collaboration,2,2,QA collaboration | QA Collaboration
SOAR,2,2,SOAR | SOAR Tools
Hyper-V,2,1,Hyper-V
NativeScript Framework,2,2,NativeScript Framework | Nativescript
L2/L3 Support,2,2,L2/L3 Support | L2/L3 support
Accounts Receivable,2,1,Accounts Receivable
Motion Control,2,1,Motion Control
Azure ML,2,1,Azure ML
Google Vertex AI,2,1,Google Vertex AI
MLflow,2,1,MLflow
Fiber Optic Installation,2,2,Fiber Optic Installation | Fiber optic installation
Network Testing,2,2,Network Testing | Network testing
Building Codes,2,1,Building Codes
ISO 9001,2,1,ISO 9001
ISO 14001,2,1,ISO 14001
Cost Reduction,2,1,Cost Reduction
ERP Customization,2,1,ERP Customization
Behaviour-Driven Development,2,1,Behaviour-Driven Development
Embedded OS,2,1,Embedded OS
UI Development,2,1,UI Development
Bug Resolution,2,1,Bug Resolution
Business Process Management,2,1,Business Process Management
SAP Training,2,1,SAP Training
SAP Support,2,1,SAP Support
Global Collaboration,2,1,Global Collaboration
Microsoft 365 admin,2,1,Microsoft 365 admin
WAN/LAN Management,2,1,WAN/LAN Management
Laboratory Information Systems,2,2,Laboratory Information Systems | Laboratory Information System
Azure Synapse,2,1,Azure Synapse
E-commerce Analytics,2,1,E-commerce Analytics
Application Design,2,1,Application Design
Windows OS Installation,2,2,Windows OS Installation | Windows OS installation
SQL Database Management,2,1,SQL Database Management
Agile Testing,2,1,Agile Testing
GxP Compliance,2,1,GxP Compliance
Machine Vision,2,1,Machine Vision
Integration Architecture,2,1,Integration Architecture
IT Management,2,1,IT Management
Large-scale Data Processing,2,2,Large-scale Data Processing | Large-scale data processing
Manufacturing Systems,2,1,Manufacturing Systems
Third Level Support,2,2,Third Level Support | Third-level Support
Caching,2,1,Caching
Logging,2,1,Logging
.NET MVC,2,1,.NET MVC
Tricentis Tosca,2,1,Tricentis Tosca
Third-Party Management,2,1,Third-Party Management
ERP Configuration,2,2,ERP Configuration | ERP configuration
IBM IIB,2,1,IBM IIB
OpenAPI,2,1,OpenAPI
MQ Clustering,2,1,MQ Clustering
Java Compute,2,1,Java Compute
Drupal CMS,2,1,Drupal CMS
Non-functional Testing,2,2,Non-functional Testing | Nonfunctional testing
Logic Design,2,2,Logic Design | Logic design
Oracle 19c,2,1,Oracle 19c
Service Desk Operations,2,2,Service Desk Operations | Service desk operations
Information Security Policies,2,2,Information Security Policies | Information Security Policy
Telecom Protocols,2,1,Telecom Protocols
Headless CMS Integration,2,1,Headless CMS Integration
IT fundamentals,2,2,IT fundamentals | IT Fundamentals
Payment Processing,2,1,Payment Processing
SAP B1 Customization,2,1,SAP B1 Customization
MERN stack,2,1,MERN stack
AWS VPC,2,1,AWS VPC
AWS IAM,2,1,AWS IAM
Web Analytics,2,2,Web Analytics | Web analytics
Huawei switching,2,2,Huawei switching | Huawei Switching
Cisco ISE,2,1,Cisco ISE
Enterprise Storage,2,2,Enterprise Storage | Enterprise storage
Supply Chain IT,2,1,Supply Chain IT
Remote Access Support,2,2,Remote Access Support | Remote access support
Instructional Design,2,1,Instructional Design
CIA Certification,2,1,CIA Certification
Phone support,2,2,Phone support | Phone Support
Warehouse Management,2,1,Warehouse Management
Web Performance,2,1,Web Performance
HMI Programming,2,2,HMI Programming | HMI
SCADA Integration,2,1,SCADA Integration
Energy Efficiency,2,1,Energy Efficiency
SAP Reporting,2,1,SAP Reporting
Wireless Technologies,2,1,Wireless Technologies
Cantonese Communication,2,1,Cantonese Communication
Information Retrieval,2,1,Information Retrieval
IBM AS400,2,1,IBM AS400
Call Center Operations,2,1,Call Center Operations
Node.js Backend,2,2,Node.js Backend | Node.js backend
Oracle R12,2,2,Oracle R12 | Oracle R12 Development
Oracle Approvals Management,2,1,Oracle Approvals Management
OA Framework,2,2,OA Framework | OA Framework Development
Mobile Security,2,1,Mobile Security
IT Operations Support,2,1,IT Operations Support
Linux/Unix scripting,2,2,Linux/Unix scripting | Linux/UNIX Scripting
JDBC,2,1,JDBC
Adobe Creative Cloud,2,1,Adobe Creative Cloud
Project Deployment,2,1,Project Deployment
Technical Workshops,2,1,Technical Workshops
Code Quality,2,2,Code Quality | Code quality
System Support,2,1,System Support
Unity Engine,2,1,Unity Engine
Mobile game development,2,2,Mobile game development | Mobile Game Development
Oracle DB,2,1,Oracle DB
Information Security Management,2,1,Information Security Management
Mobile CI/CD,2,1,Mobile CI/CD
Manufacturing Integration,2,2,Manufacturing Integration | Manufacturing integration
Kubernetes AKS,2,1,Kubernetes AKS
B2B Integration,2,1,B2B Integration
LINQ,2,1,LINQ
RabbitMQ messaging,2,1,RabbitMQ messaging
Cloudera Hadoop,2,1,Cloudera Hadoop
Security Scanning,2,2,Security Scanning | Security scanning
Digital Platform Management,2,1,Digital Platform Management
Mobile-First Design,2,2,Mobile-First Design | Mobile-first design
Theme Customization,2,1,Theme Customization
Finance process knowledge,2,2,Finance process knowledge | Finance Process Knowledge
HVAC Design,2,1,HVAC Design
SASS/SCSS,2,1,SASS/SCSS
Blueprint reading,2,2,Blueprint reading | Blueprint Reading
System Performance Monitoring,2,1,System Performance Monitoring
CRM implementation,2,2,CRM implementation | CRM Implementation
Service Level Agreement,2,1,Service Level Agreement
Marketing Analytics,2,1,Marketing Analytics
IT Security Management,2,1,IT Security Management
Workflow optimization,2,1,Workflow optimization
Laptop Imaging,2,1,Laptop Imaging
Report Customization,2,1,Report Customization
Anomaly Detection,2,1,Anomaly Detection
Third-Party Risk Assessment,2,1,Third-Party Risk Assessment
Blazor,2,1,Blazor
Mobile UI Design,2,1,Mobile UI Design
WiFi Deployment,2,2,WiFi Deployment | WiFi deployment
Defect Reporting,2,1,Defect Reporting
Demand Forecasting,2,1,Demand Forecasting
Security system installation,2,1,Security system installation
Research skills,2,2,Research skills | Research Skills
SOC Monitoring,2,2,SOC Monitoring | SOC monitoring
Civil Engineering,2,1,Civil Engineering
Cloud cost optimization,2,2,Cloud cost optimization | Cloud Cost Optimization
iOS Support,2,2,iOS Support | iOS support
Audit Logging,2,2,Audit Logging | Audit logging
SAP EWM,2,1,SAP EWM
Cisco CUBE,2,1,Cisco CUBE
Encryption Technologies,2,1,Encryption Technologies
AutoCAD Drafting,2,1,AutoCAD Drafting
Advanced Analytics,2,1,Advanced Analytics
Kafka Integration,2,1,Kafka Integration
Apache Camel,2,1,Apache Camel
Functional Configuration,2,1,Functional Configuration
High Transaction Processing,2,1,High Transaction Processing
Second Line Support,2,2,Second Line Support | Second-line Support
IP Address Management,2,1,IP Address Management
Network Capacity Planning,2,2,Network Capacity Planning | Network capacity planning
ASP.NET Core MVC,2,1,ASP.NET Core MVC
Odoo development,2,2,Odoo development | Odoo Development
Beego framework,2,1,Beego framework
QoS Configuration,2,1,QoS Configuration
Client Presentation Skills,2,1,Client Presentation Skills
TestRail,2,1,TestRail
MobX,2,1,MobX
Database troubleshooting,2,1,Database troubleshooting
SDWAN Configuration,2,2,SDWAN Configuration | SD-WAN Configuration
VBScript,2,1,VBScript
LLM fine-tuning,2,2,LLM fine-tuning | LLM Fine-tuning
IT Consulting,2,1,IT Consulting
API Gateway,2,1,API Gateway
OS Troubleshooting,2,1,OS Troubleshooting
Axure,2,1,Axure
Functional analysis,2,2,Functional analysis | Functional Analysis
OKR Management,2,1,OKR Management
Roadmap Planning,2,1,Roadmap Planning
Testing Debugging,2,2,Testing Debugging | Testing & Debugging
LAN networking,2,2,LAN networking | LAN Networking
SAP PS,2,1,SAP PS
Firebase integration,2,2,Firebase integration | Firebase Integration
Game optimization,2,2,Game optimization | Game Optimization
Build automation,2,2,Build automation | Build Automation
Jenkins pipelines,2,2,Jenkins pipelines | Jenkins Pipelines
SOAP Services,2,1,SOAP Services
Splunk SIEM,2,1,Splunk SIEM
SOAR playbook development,2,2,SOAR playbook development | SOAR Playbooks
Network performance optimization,2,2,Network performance optimization | Network Performance Optimization
Asset Tracking,2,1,Asset Tracking
Budget tracking,2,2,Budget tracking | Budget Tracking
MS SQL Administration,2,2,MS SQL Administration | MSSQL Administration
Workflow Customization,2,1,Workflow Customization
Access Control Management,2,2,Access Control Management | Access control management
Technical Architecture,2,2,Technical Architecture | Technical architecture
Slack,2,1,Slack
Sage X3,2,1,Sage X3
Desktop Installation,2,1,Desktop Installation
macOS Administration,2,1,macOS Administration
Security Tool Configuration,2,2,Security Tool Configuration | Security Configuration
Six Sigma Black Belt,2,1,Six Sigma Black Belt
PMO Reporting,2,1,PMO Reporting
Test Coordination,2,1,Test Coordination
Public Cloud,2,1,Public Cloud
Quantitative research,2,2,Quantitative research | quantitative research
Engineering leadership,2,2,Engineering leadership | Engineering Leadership
IT Security Solutions,2,2,IT Security Solutions | IT security solutions
Proposal Management,2,1,Proposal Management
Solaris Administration,2,1,Solaris Administration
HP-UX Administration,2,1,HP-UX Administration
Client Relationship,2,1,Client Relationship
Channel Development,2,2,Channel Development | Channel development
Jamf Pro,2,1,Jamf Pro
Reusable components,2,2,Reusable components | Reusable Components
Design Review,2,1,Design Review
Velocity Tracking,2,1,Velocity Tracking
Retrospective Facilitation,2,1,Retrospective Facilitation
Incident Review,2,2,Incident Review | Incident review
Business Documentation,2,1,Business Documentation
Firmware Development,2,1,Firmware Development
Customer requirement analysis,2,2,Customer requirement analysis | Customer Requirements Analysis
Backend Security,2,2,Backend Security | Backend security
SAP Administration,2,1,SAP Administration
Digital payments,2,2,Digital payments | Digital Payments
VMware vSAN,2,1,VMware vSAN
CommVault Backup,2,1,CommVault Backup
Microsoft 365 Exchange,2,1,Microsoft 365 Exchange
Red Hat OpenShift,2,1,Red Hat OpenShift
Software Development Basics,2,1,Software Development Basics
SAP Cloud,2,1,SAP Cloud
Strategic Consulting,2,1,Strategic Consulting
Problem Structuring,2,1,Problem Structuring
OWASP,2,2,OWASP | OWASP Knowledge
Control Systems,2,1,Control Systems
Production Deployment,2,1,Production Deployment
Software prototyping,2,2,Software prototyping | Software Prototyping
Message Queuing,2,2,Message Queuing | Message queuing
Construction Management,2,2,Construction Management | Construction management
Contract Administration,2,1,Contract Administration
Virtual Machines,2,1,Virtual Machines
Fintech Payments,2,1,Fintech Payments
Redshift,2,1,Redshift
Real-time Processing,2,2,Real-time Processing | Real-time processing
Test Framework Development,2,1,Test Framework Development
GUI Automation,2,1,GUI Automation
CRM systems,2,2,CRM systems | CRM Systems
Incident Investigation,2,1,Incident Investigation
Distributed Computing,2,1,Distributed Computing
Website development,2,2,Website development | Website Development
UI Layout,2,1,UI Layout
Product Ownership,2,1,Product Ownership
SQL Profiler,2,1,SQL Profiler
Data Pipeline Design,2,1,Data Pipeline Design
SOC Management,2,1,SOC Management
Tableau Visualization,2,1,Tableau Visualization
Manufacturing ERP,2,1,Manufacturing ERP
Governance Compliance,2,2,Governance Compliance | Governance compliance
LAN design,2,2,LAN design | LAN Design
Tier 2 Support,2,1,Tier 2 Support
IP Architecture,2,2,IP Architecture | IP architecture
Logistics management,2,2,Logistics management | Logistics Management
Lightning Components,2,2,Lightning Components | Lightning Component
BDD,2,1,BDD
Linux Shell Scripting,2,1,Linux Shell Scripting
Concurrency programming,2,2,Concurrency programming | concurrency fundamentals
Device driver development,2,1,Device driver development
L1 Helpdesk Support,2,1,L1 Helpdesk Support
Remote Desktop Troubleshooting,2,1,Remote Desktop Troubleshooting
Log Shipping,2,1,Log Shipping
NIST CSF Implementation,2,1,NIST CSF Implementation
PCIe interface,2,1,PCIe interface
Network Device Configuration,2,1,Network Device Configuration
Fiber Optic Cabling,2,1,Fiber Optic Cabling
Rack Mount Installation,2,1,Rack Mount Installation
White Box Testing,2,2,White Box Testing | White box testing
Business Requirements Documentation,2,1,Business Requirements Documentation
SWOT Analysis,2,2,SWOT Analysis | SWOT analysis
Training Design,2,1,Training Design
Market data integration,2,2,Market data integration | Market Data Integration
Azure OpenAI,2,1,Azure OpenAI
NLP,2,1,NLP
Agile Collaboration,2,1,Agile Collaboration
Technical proposal writing,2,2,Technical proposal writing | Technical Proposal Writing
IDS/IPS configuration,2,2,IDS/IPS configuration | IDS/IPS Configuration
Installation Configuration,2,1,Installation Configuration
RFP Management,2,1,RFP Management
SAP QM,2,1,SAP QM
Plant Maintenance,2,1,Plant Maintenance
OBIEE,2,1,OBIEE
Urdu Language Proficiency,2,2,Urdu Language Proficiency | Urdu Language
VOIP Integration,2,2,VOIP Integration | VOIP integration
Software Licensing Management,2,1,Software Licensing Management
Coaching and Mentoring,2,2,Coaching and Mentoring | Coaching and mentoring
Jasper Reports,2,2,Jasper Reports | JasperReports tool
Research design,2,2,Research design | research design
Performance Profiling,2,2,Performance Profiling | Performance profiling
SD-WAN Velocloud,2,2,SD-WAN Velocloud | SD-WAN (Velocloud)
Cross Selling,2,2,Cross Selling | Cross-selling
Tomcat server,2,2,Tomcat server | Tomcat Server
MATLAB,2,1,MATLAB
Robotics Engineering,2,1,Robotics Engineering
Journey Mapping,2,1,Journey Mapping
Survey Design,2,1,Survey Design
Office 365 Support,2,2,Office 365 Support | Office 365 support
Job Scheduling,2,1,Job Scheduling
Layer 2 Switching,2,1,Layer 2 Switching
X++ programming,2,1,X++ programming
Test Scenario Design,2,1,Test Scenario Design
Vite,2,1,Vite
Maintenance Master Data,2,1,Maintenance Master Data
MS Access,2,1,MS Access
Antivirus deployment,2,1,Antivirus deployment
UIKit framework,2,2,UIKit framework | UIKit
Hardware Replacement,2,2,Hardware Replacement | Hardware replacement
Office Automation,2,1,Office Automation
Azure IaaS,2,1,Azure IaaS
Node.js runtime,2,1,Node.js runtime
Critical analysis,2,2,Critical analysis | critical analysis
On-call Rotation,2,1,On-call Rotation
Driver installation,2,2,Driver installation | Driver Installation
Mobile-First Development,2,2,Mobile-First Development | Mobile-first Development
Apache Web Server,2,1,Apache Web Server
Audits Compliance,2,2,Audits Compliance | Audit compliance
Media Delivery,2,1,Media Delivery
Hosting Infrastructure,2,1,Hosting Infrastructure
Business Planning,2,2,Business Planning | Business planning
VB6,2,1,VB6
LightGBM,2,1,LightGBM
Unix Systems,2,2,Unix Systems | UNIX Systems
Electrical troubleshooting,2,2,Electrical troubleshooting | Electrical Troubleshooting
Microsoft Sentinel,2,1,Microsoft Sentinel
Azure Virtual Desktop,2,1,Azure Virtual Desktop
Product analytics,2,1,Product analytics
IT Technical Support,2,1,IT Technical Support
Equipment Installation,2,1,Equipment Installation
Learning Management System,2,1,Learning Management System
Firebase Analytics,2,1,Firebase Analytics
Inventory Control,2,1,Inventory Control
Scheduling,2,2,Scheduling | Scheduling tools
CNC programming,2,2,CNC programming | CNC Programming
OneDrive,2,1,OneDrive
Incident Reporting,2,2,Incident Reporting | Incident reporting
Financial Consulting,2,1,Financial Consulting
Automated Reporting,2,2,Automated Reporting | Automated reporting
DevOps Culture,2,1,DevOps Culture
DynamoDB,2,1,DynamoDB
Yield improvement,2,2,Yield improvement | Yield Improvement
Intrusion Detection Systems,2,2,Intrusion Detection Systems | Intrusion detection systems
End-to-End Implementation,2,1,End-to-End Implementation
Security Controls Design,2,1,Security Controls Design
Deployment Orchestration,2,1,Deployment Orchestration
Defensive Programming,2,1,Defensive Programming
Index Management,2,1,Index Management
Information Security Governance,2,1,Information Security Governance
OSPF Protocol,2,2,OSPF Protocol | OSPF protocol
WPF development,2,2,WPF development | WPF
Software Design Patterns,2,2,Software Design Patterns | Software design patterns
Selenium Automation,2,1,Selenium Automation
Figma UI Design,2,1,Figma UI Design
Provider,2,2,Provider | Provider Library
Bloc,2,2,Bloc | Bloc Library
Developer Tools,2,2,Developer Tools | Developer Experience
Jira Project Management,2,2,Jira Project Management | Jira ProjectManagement
Informatica,2,1,Informatica
Helpdesk Operations,2,1,Helpdesk Operations
Postman API Testing,2,1,Postman API Testing
JMeter Performance Testing,2,1,JMeter Performance Testing
Big Data Architecture,2,2,Big Data Architecture | Big data architecture
IT infrastructure support,2,2,IT infrastructure support | IT Infrastructure Support
ServiceNow Incident Management,2,1,ServiceNow Incident Management
Windows Active Directory,2,1,Windows Active Directory
Sales negotiation,2,1,Sales negotiation
Virtual Tape Library,2,1,Virtual Tape Library
PRTG monitoring,2,1,PRTG monitoring
Software Upgrades,2,2,Software Upgrades | Software upgrade
VBA Macro Development,2,2,VBA Macro Development | VBA macros
Microsoft Endpoint Manager,2,1,Microsoft Endpoint Manager
AR development,2,2,AR development | AR Development
Financial Reconciliation,2,1,Financial Reconciliation
Search algorithms,2,2,Search algorithms | search algorithms
Version Upgrade,2,2,Version Upgrade | Version Upgrades
Cisco Certifications,2,2,Cisco Certifications | Cisco Certification
Technical Evaluation,2,1,Technical Evaluation
Cabling Installation,2,1,Cabling Installation
Financial Systems,2,1,Financial Systems
AWS Control Tower,2,1,AWS Control Tower
Routing & Switching,2,1,Routing & Switching
Automation Framework Design,2,2,Automation Framework Design | Automation Design
Linux Server,2,1,Linux Server
Talend ETL,2,1,Talend ETL
IAM security,2,2,IAM security | IAM Security
VPC networking,2,2,VPC networking | VPC Networking
SNMP monitoring,2,2,SNMP monitoring | SNMP Monitoring
ArgoCD,2,2,ArgoCD | Argo CD
BigQuery,2,1,BigQuery
Speech recognition,2,2,Speech recognition | Speech Recognition
Backup and Restore,2,1,Backup and Restore
Consulting Experience,2,1,Consulting Experience
Airflow Orchestration,2,1,Airflow Orchestration
Power BI Service,2,1,Power BI Service
AWS data services,2,2,AWS data services | AWS Data Services
LangGraph,2,1,LangGraph
RAG Pipelines,2,2,RAG Pipelines | RAG pipelines
Vector Search,2,2,Vector Search | Vector search
AWS SageMaker,2,1,AWS SageMaker
Delta Lake,2,1,Delta Lake
ETL/ELT,2,1,ETL/ELT
Cloud data platforms,2,1,Cloud data platforms
AI Coding Assistants,2,2,AI Coding Assistants | AI coding assistants
Typography Design,2,1,Typography Design
Helm,2,1,Helm
Istio,2,1,Istio
IT Administration,2,1,IT Administration
Postman API,2,1,Postman API
JMeter Performance,2,1,JMeter Performance
Playwright Automation,2,1,Playwright Automation
literature review,2,1,literature review
Enterprise Java development,2,1,Enterprise Java development
Distributed application design,2,1,Distributed application design
Oracle HCM,1,1,Oracle HCM
Unit4 HRIS,1,1,Unit4 HRIS
Employment Act knowledge,1,1,Employment Act knowledge
Confidential data handling,1,1,Confidential data handling
Linux operating system,1,1,Linux operating system
CCTV Operations,1,1,CCTV Operations
Security Investigations,1,1,Security Investigations
Law Enforcement Liaison,1,1,Law Enforcement Liaison
Security Guard Supervision,1,1,Security Guard Supervision
Business Transformation,1,1,Business Transformation
SWIFT MT,1,1,SWIFT MT
Peripheral Installation,1,1,Peripheral Installation
Component Replacement,1,1,Component Replacement
Laptop Repair,1,1,Laptop Repair
BIOS Configuration,1,1,BIOS Configuration
Appium Automation,1,1,Appium Automation
XCUITest Automation,1,1,XCUITest Automation
Mobile Test Automation,1,1,Mobile Test Automation
Debugging Test Failures,1,1,Debugging Test Failures
Claims processing,1,1,Claims processing
Medical health domain,1,1,Medical health domain
Portal testing,1,1,Portal testing
Stakeholder Negotiation,1,1,Stakeholder Negotiation
CMMI Implementation,1,1,CMMI Implementation
PCI Compliance,1,1,PCI Compliance
SonarQube,1,1,SonarQube
Pitney Bowes EngageOne,1,1,Pitney Bowes EngageOne
IIS Administration,1,1,IIS Administration
DevOps Deployment,1,1,DevOps Deployment
Authentication Solutions,1,1,Authentication Solutions
Audio Tagging,1,1,Audio Tagging
Video Tagging,1,1,Video Tagging
Typing Speed,1,1,Typing Speed
Database Scripting,1,1,Database Scripting
Tenancy Management,1,1,Tenancy Management
Nutanix virtualization,1,1,Nutanix virtualization
Server provisioning,1,1,Server provisioning
Virtual machine migration,1,1,Virtual machine migration
Superset Reporting,1,1,Superset Reporting
Customer Issue Translation,1,1,Customer Issue Translation
Shift Rotation Availability,1,1,Shift Rotation Availability
Vertex AI,1,1,Vertex AI
Password reset,1,1,Password reset
Ticket documentation,1,1,Ticket documentation
Software onboarding,1,1,Software onboarding
Front-end Build Tools,1,1,Front-end Build Tools
Bid Management,1,1,Bid Management
Pricing Analysis,1,1,Pricing Analysis
Cost Modeling,1,1,Cost Modeling
Telecommunications law,1,1,Telecommunications law
Complaint handling,1,1,Complaint handling
Investigation techniques,1,1,Investigation techniques
Policy analysis,1,1,Policy analysis
Evidence handling,1,1,Evidence handling
Public speaking,1,1,Public speaking
Data Backup and Restoration,1,1,Data Backup and Restoration
Job execution,1,1,Job execution
Post‑job analysis,1,1,Post‑job analysis
ArcGIS software,1,1,ArcGIS software
ArcGIS Online,1,1,ArcGIS Online
QGIS software,1,1,QGIS software
Spatial analysis,1,1,Spatial analysis
Cartographic design,1,1,Cartographic design
Geoprocessing techniques,1,1,Geoprocessing techniques
Commission Management,1,1,Commission Management
Vlookup,1,1,Vlookup
Power BI Desktop,1,1,Power BI Desktop
SQL Server Management Studio,1,1,SQL Server Management Studio
Code Reusability,1,1,Code Reusability
Proactive Problem Solving,1,1,Proactive Problem Solving
Stock Market Knowledge,1,1,Stock Market Knowledge
User Flow Design,1,1,User Flow Design
Test Case Documentation,1,1,Test Case Documentation
PCB Troubleshooting,1,1,PCB Troubleshooting
Electronic Repair,1,1,Electronic Repair
Controller Repair,1,1,Controller Repair
LCD LED Maintenance,1,1,LCD LED Maintenance
Team Supervision,1,1,Team Supervision
UI implementation,1,1,UI implementation
Embedded applications,1,1,Embedded applications
Real-time streaming,1,1,Real-time streaming
WebRTC protocol,1,1,WebRTC protocol
RTMP protocol,1,1,RTMP protocol
Code maintainability,1,1,Code maintainability
Testing and debugging,1,1,Testing and debugging
Schematic reading,1,1,Schematic reading
PCIe Gen5,1,1,PCIe Gen5
I2C protocol,1,1,I2C protocol
Oscilloscope operation,1,1,Oscilloscope operation
Soldering and rework,1,1,Soldering and rework
LabView automation,1,1,LabView automation
MxTest,1,1,MxTest
Counterparty Credit Risk,1,1,Counterparty Credit Risk
Derivatives Risk,1,1,Derivatives Risk
Credit Risk,1,1,Credit Risk
Financial Risk Modeling,1,1,Financial Risk Modeling
VOIP implementation,1,1,VOIP implementation
Network security management,1,1,Network security management
PC Hardware Support,1,1,PC Hardware Support
IT Asset Tracking,1,1,IT Asset Tracking
Infrastructure Maintenance,1,1,Infrastructure Maintenance
GitOps,1,1,GitOps
Server-Side Rendering,1,1,Server-Side Rendering
Client-Side Rendering,1,1,Client-Side Rendering
Browser Compatibility,1,1,Browser Compatibility
Modular Development,1,1,Modular Development
Azure Virtual Networks,1,1,Azure Virtual Networks
CAD software,1,1,CAD software
Engineering drawings,1,1,Engineering drawings
Prototype testing,1,1,Prototype testing
Feasibility analysis,1,1,Feasibility analysis
Material selection,1,1,Material selection
SIEM rule development,1,1,SIEM rule development
OSINT gathering,1,1,OSINT gathering
Network traffic analysis,1,1,Network traffic analysis
CERT/CIRT experience,1,1,CERT/CIRT experience
Detection rule creation,1,1,Detection rule creation
Cyber threat research,1,1,Cyber threat research
Audit Planning,1,1,Audit Planning
IT Systems Knowledge,1,1,IT Systems Knowledge
Service Mapping,1,1,Service Mapping
Discovery Patterns,1,1,Discovery Patterns
CSDM Implementation,1,1,CSDM Implementation
Operational Intelligence,1,1,Operational Intelligence
ITSM Customization,1,1,ITSM Customization
Update Set Development,1,1,Update Set Development
Business Rule Configuration,1,1,Business Rule Configuration
Avaya VoIP,1,1,Avaya VoIP
LAN troubleshooting,1,1,LAN troubleshooting
Google Data Studio,1,1,Google Data Studio
Data mart design,1,1,Data mart design
AVAYA Telephony,1,1,AVAYA Telephony
PABX Systems,1,1,PABX Systems
Cutover Execution,1,1,Cutover Execution
IP Subnetting,1,1,IP Subnetting
VLAN Segmentation,1,1,VLAN Segmentation
STP RSTP,1,1,STP RSTP
VRRP HSRP,1,1,VRRP HSRP
ACL Configuration,1,1,ACL Configuration
SolarWinds NMS,1,1,SolarWinds NMS
Risk Analysis,1,1,Risk Analysis
UAT Management,1,1,UAT Management
Testing Management,1,1,Testing Management
High-Performance Applications,1,1,High-Performance Applications
Logstash,1,1,Logstash
JSON Manipulation,1,1,JSON Manipulation
Observability Integration,1,1,Observability Integration
Data Pipeline Architecture,1,1,Data Pipeline Architecture
IBM iSeries,1,1,IBM iSeries
DB2,1,1,DB2
AS400 Query,1,1,AS400 Query
B2B E-commerce,1,1,B2B E-commerce
Thread management,1,1,Thread management
Social Network API,1,1,Social Network API
Jupyter Notebook,1,1,Jupyter Notebook
QA Automation,1,1,QA Automation
IT Architecture,1,1,IT Architecture
XSLT transformation,1,1,XSLT transformation
SECS-GEM integration,1,1,SECS-GEM integration
Electrical Safety,1,1,Electrical Safety
Backup Operations,1,1,Backup Operations
Automotive Diagnostics,1,1,Automotive Diagnostics
Quality Monitoring,1,1,Quality Monitoring
After‑sales Process,1,1,After‑sales Process
Case Study Preparation,1,1,Case Study Preparation
Hotline Management,1,1,Hotline Management
Equipment Evaluation,1,1,Equipment Evaluation
Palo Alto ACE,1,1,Palo Alto ACE
Cisco CNSE,1,1,Cisco CNSE
Informatica ETL,1,1,Informatica ETL
Teradata Database,1,1,Teradata Database
Hadoop Hive,1,1,Hadoop Hive
Spark Processing,1,1,Spark Processing
Unix Commands,1,1,Unix Commands
Java Full-Stack,1,1,Java Full-Stack
ArgoCD Deployment,1,1,ArgoCD Deployment
Kubernetes Security,1,1,Kubernetes Security
CCNA Routing,1,1,CCNA Routing
Escalation Procedures,1,1,Escalation Procedures
Epicor Kinetic,1,1,Epicor Kinetic
Modem Router Configuration,1,1,Modem Router Configuration
Wireless Network Setup,1,1,Wireless Network Setup
Fiber Optic Management,1,1,Fiber Optic Management
Cable Patch Wiring,1,1,Cable Patch Wiring
Onsite Technical Support,1,1,Onsite Technical Support
Category Management,1,1,Category Management
Cloud Services Procurement,1,1,Cloud Services Procurement
Supplier Relationship Management,1,1,Supplier Relationship Management
Telecom Industry Knowledge,1,1,Telecom Industry Knowledge
Windows scripting,1,1,Windows scripting
Aldon migration,1,1,Aldon migration
ASP.NET MVC5,1,1,ASP.NET MVC5
Tender Preparation,1,1,Tender Preparation
Compliance Inspection,1,1,Compliance Inspection
Audio Visual Systems,1,1,Audio Visual Systems
Monitoring systems,1,1,Monitoring systems
Japanese Fluency,1,1,Japanese Fluency
STP,1,1,STP
LACP,1,1,LACP
HSRP,1,1,HSRP
HRIS Support,1,1,HRIS Support
TestFlight Distribution,1,1,TestFlight Distribution
Firebase Distribution,1,1,Firebase Distribution
OWASP Mobile Security,1,1,OWASP Mobile Security
Copier maintenance,1,1,Copier maintenance
Wireless printing setup,1,1,Wireless printing setup
Scan-to-PDF configuration,1,1,Scan-to-PDF configuration
Secure printing,1,1,Secure printing
Password management,1,1,Password management
Cantonese Mandarin,1,1,Cantonese Mandarin
Graph API,1,1,Graph API
SPFx Development,1,1,SPFx Development
CSOM Programming,1,1,CSOM Programming
System Patching,1,1,System Patching
Virtual Reality Development,1,1,Virtual Reality Development
Multiplayer Architecture,1,1,Multiplayer Architecture
Gamification Design,1,1,Gamification Design
Mobile App Integration,1,1,Mobile App Integration
Process Coordination,1,1,Process Coordination
System Optimization,1,1,System Optimization
Analytics Product Development,1,1,Analytics Product Development
B2B Marketplace,1,1,B2B Marketplace
Customer Discovery,1,1,Customer Discovery
Experimentation Design,1,1,Experimentation Design
Commercial Judgment,1,1,Commercial Judgment
Incident response management,1,1,Incident response management
Security architecture design,1,1,Security architecture design
RF Mesh,1,1,RF Mesh
PLC Infrastructure,1,1,PLC Infrastructure
Splunk Analysis,1,1,Splunk Analysis
Linux Troubleshooting,1,1,Linux Troubleshooting
SNMP Configuration,1,1,SNMP Configuration
IP/MPLS Routing,1,1,IP/MPLS Routing
VLAN Management,1,1,VLAN Management
MVC Web Applications,1,1,MVC Web Applications
Web Security Best Practices,1,1,Web Security Best Practices
Warehouse System Integration,1,1,Warehouse System Integration
Full Development Lifecycle,1,1,Full Development Lifecycle
Matplotlib,1,1,Matplotlib
Real Estate Analytics,1,1,Real Estate Analytics
H3C Technologies,1,1,H3C Technologies
Ruijie Networks,1,1,Ruijie Networks
Sangfor Solutions,1,1,Sangfor Solutions
WHOIS Management,1,1,WHOIS Management
Name Server Management,1,1,Name Server Management
Windows Authentication,1,1,Windows Authentication
Apex coding,1,1,Apex coding
Cross-functional coordination,1,1,Cross-functional coordination
Wi‑Fi Monitoring,1,1,Wi‑Fi Monitoring
Remote Team Leadership,1,1,Remote Team Leadership
Wireless LAN Design,1,1,Wireless LAN Design
IP PBX Administration,1,1,IP PBX Administration
Security Access Control,1,1,Security Access Control
Business Analysis Collaboration,1,1,Business Analysis Collaboration
Independent Remote Work,1,1,Independent Remote Work
Goroutine,1,1,Goroutine
Mutex,1,1,Mutex
Backend Architecture,1,1,Backend Architecture
Unit integration testing,1,1,Unit integration testing
Banking Workflow,1,1,Banking Workflow
Workflow Diagramming,1,1,Workflow Diagramming
Jasmine,1,1,Jasmine
Desktop Imaging,1,1,Desktop Imaging
Technical Diagnosis,1,1,Technical Diagnosis
Clinical Laboratory Expertise,1,1,Clinical Laboratory Expertise
Technical Product Support,1,1,Technical Product Support
Product Installation,1,1,Product Installation
Medical Technology Knowledge,1,1,Medical Technology Knowledge
Laboratory Operations,1,1,Laboratory Operations
MYOB,1,1,MYOB
AFNetworking,1,1,AFNetworking
SDWebImage,1,1,SDWebImage
YYModel,1,1,YYModel
ERP functional support,1,1,ERP functional support
QVD Development,1,1,QVD Development
Hive SQL,1,1,Hive SQL
Impala SQL,1,1,Impala SQL
Security Vulnerability Management,1,1,Security Vulnerability Management
Native Code Bridge,1,1,Native Code Bridge
Service Desk Ticketing,1,1,Service Desk Ticketing
Nexmo SMS,1,1,Nexmo SMS
Strategic Sales Planning,1,1,Strategic Sales Planning
Enterprise Solution Selling,1,1,Enterprise Solution Selling
T-SQL Queries,1,1,T-SQL Queries
Observability Tools,1,1,Observability Tools
APM Monitoring,1,1,APM Monitoring
FrameMaker,1,1,FrameMaker
Oxygen XML Editor,1,1,Oxygen XML Editor
DITA XML,1,1,DITA XML
SaaS Content Writing,1,1,SaaS Content Writing
UI Text Editing,1,1,UI Text Editing
Cloud Documentation,1,1,Cloud Documentation
Cloud Monitoring,1,1,Cloud Monitoring
Linux system programming,1,1,Linux system programming
Legal Technology,1,1,Legal Technology
ERP Administration,1,1,ERP Administration
Epicor,1,1,Epicor
IT Staff Management,1,1,IT Staff Management
BOQ Tool Development,1,1,BOQ Tool Development
PDF Generation,1,1,PDF Generation
Excel Automation,1,1,Excel Automation
PowerBuilder Development,1,1,PowerBuilder Development
Razor View Engine,1,1,Razor View Engine
Microsoft Dynamics AX,1,1,Microsoft Dynamics AX
Project Costing,1,1,Project Costing
Tax Invoicing,1,1,Tax Invoicing
WIP Accounting,1,1,WIP Accounting
Revenue Estimation,1,1,Revenue Estimation
Rental Billing,1,1,Rental Billing
Commission Processing,1,1,Commission Processing
Budget Revision,1,1,Budget Revision
Service Call Management,1,1,Service Call Management
Power Quality Analysis,1,1,Power Quality Analysis
Harmonic Mitigation,1,1,Harmonic Mitigation
Voltage Sag Mitigation,1,1,Voltage Sag Mitigation
Energy Monitoring,1,1,Energy Monitoring
Instrumentation Troubleshooting,1,1,Instrumentation Troubleshooting
MB-800 Certification,1,1,MB-800 Certification
Schematic Design,1,1,Schematic Design
Jira Service Management,1,1,Jira Service Management
Electronics Prototyping,1,1,Electronics Prototyping
Microsoft Teams Administration,1,1,Microsoft Teams Administration
Ticketing System Support,1,1,Ticketing System Support
Digital Workplace Design,1,1,Digital Workplace Design
Caching mechanisms,1,1,Caching mechanisms
Azure Cloud Platform,1,1,Azure Cloud Platform
Terraform Automation,1,1,Terraform Automation
Cloud Security Governance,1,1,Cloud Security Governance
Monitoring and Logging,1,1,Monitoring and Logging
Oracle WebLogic Server,1,1,Oracle WebLogic Server
IBM WebSphere MQ,1,1,IBM WebSphere MQ
IBM WebSphere Application Server,1,1,IBM WebSphere Application Server
Transactional Data Replication,1,1,Transactional Data Replication
POS Device Support,1,1,POS Device Support
Sales prospecting,1,1,Sales prospecting
Business presentations,1,1,Business presentations
N-tier Architecture,1,1,N-tier Architecture
PMI/PMP Framework,1,1,PMI/PMP Framework
Scrum Certification,1,1,Scrum Certification
Cloud FinOps,1,1,Cloud FinOps
AI Deployment,1,1,AI Deployment
IWMS Management,1,1,IWMS Management
HPUX,1,1,HPUX
Solaris,1,1,Solaris
TFS ALM,1,1,TFS ALM
Oracle SCM,1,1,Oracle SCM
Configuration,1,1,Configuration
Customization,1,1,Customization
PrimeFaces,1,1,PrimeFaces
GWT,1,1,GWT
iBATIS,1,1,iBATIS
AI Project Delivery,1,1,AI Project Delivery
GPU Computing,1,1,GPU Computing
Bluetooth testing,1,1,Bluetooth testing
HDMI testing,1,1,HDMI testing
Test environment setup,1,1,Test environment setup
Software testing process,1,1,Software testing process
HuggingFace,1,1,HuggingFace
RedHat JBoss,1,1,RedHat JBoss
Middleware Administration,1,1,Middleware Administration
Oracle Solaris,1,1,Oracle Solaris
ADB,1,1,ADB
HTTP API,1,1,HTTP API
Data Lake Design,1,1,Data Lake Design
Real-time Pipelines,1,1,Real-time Pipelines
Data Pipeline Orchestration,1,1,Data Pipeline Orchestration
Documentation Practices,1,1,Documentation Practices
Programming Best Practices,1,1,Programming Best Practices
Databricks Implementation,1,1,Databricks Implementation
MuleSoft Integration,1,1,MuleSoft Integration
AWS IoT Services,1,1,AWS IoT Services
MQTT Pub/Sub,1,1,MQTT Pub/Sub
SCADA/DCS Knowledge,1,1,SCADA/DCS Knowledge
OT/IT Integration,1,1,OT/IT Integration
JSON Data Modeling,1,1,JSON Data Modeling
On-Premises Infrastructure,1,1,On-Premises Infrastructure
SAFe Methodology,1,1,SAFe Methodology
NERC CIP Compliance,1,1,NERC CIP Compliance
Network Security Design,1,1,Network Security Design
Storage Architecture,1,1,Storage Architecture
IAM Management,1,1,IAM Management
AI Vendor Management,1,1,AI Vendor Management
Strategic AI Planning,1,1,Strategic AI Planning
Knowledge Base Maintenance,1,1,Knowledge Base Maintenance
SAP Business Application Studio,1,1,SAP Business Application Studio
ABAP RESTful Programming,1,1,ABAP RESTful Programming
AMDP,1,1,AMDP
Azure Data Warehouse,1,1,Azure Data Warehouse
Automation Identification,1,1,Automation Identification
BDD Cucumber,1,1,BDD Cucumber
Page Object Model,1,1,Page Object Model
Email anti-spam,1,1,Email anti-spam
URL filtering,1,1,URL filtering
MCSA,1,1,MCSA
J.D.Edward ERP,1,1,J.D.Edward ERP
Mixpanel,1,1,Mixpanel
Showpad Implementation,1,1,Showpad Implementation
Docebo LMS,1,1,Docebo LMS
Salesforce Communities,1,1,Salesforce Communities
MS SSRS,1,1,MS SSRS
IBM Cognos,1,1,IBM Cognos
Application Management,1,1,Application Management
VC++,1,1,VC++
REST,1,1,REST
HP Performance Center,1,1,HP Performance Center
Ruby scripting,1,1,Ruby scripting
Virtual user scripting,1,1,Virtual user scripting
Life Insurance Knowledge,1,1,Life Insurance Knowledge
HR Payroll Consulting,1,1,HR Payroll Consulting
Operational IT Support,1,1,Operational IT Support
Drupal Theming,1,1,Drupal Theming
Drupal Module Development,1,1,Drupal Module Development
User Access Security,1,1,User Access Security
MySQL replication,1,1,MySQL replication
Database sharding,1,1,Database sharding
Elasticsearch clustering,1,1,Elasticsearch clustering
RAID storage,1,1,RAID storage
OpenStack Administration,1,1,OpenStack Administration
VxLAN Networking,1,1,VxLAN Networking
CMMI Familiarity,1,1,CMMI Familiarity
Change Transport Management,1,1,Change Transport Management
RFC Connectivity,1,1,RFC Connectivity
ETL Tooling,1,1,ETL Tooling
SAP Migrate Your Data,1,1,SAP Migrate Your Data
SNP Crystalbridge,1,1,SNP Crystalbridge
BusinessObjects Data Services,1,1,BusinessObjects Data Services
LSMW Tool,1,1,LSMW Tool
Web3.js library,1,1,Web3.js library
DApp development,1,1,DApp development
Agile Environment,1,1,Agile Environment
MOM implementation,1,1,MOM implementation
Balsamiq Wireframing,1,1,Balsamiq Wireframing
Product Launch,1,1,Product Launch
B2B Product,1,1,B2B Product
Packet Networking,1,1,Packet Networking
Business Case Writing,1,1,Business Case Writing
RPG400 Development,1,1,RPG400 Development
Legacy Modernization,1,1,Legacy Modernization
Financial Compliance,1,1,Financial Compliance
AIX Unix,1,1,AIX Unix
OpenShift Container,1,1,OpenShift Container
Telematics troubleshooting,1,1,Telematics troubleshooting
PostgreSQL SQL,1,1,PostgreSQL SQL
Procedural SQL,1,1,Procedural SQL
Firmware debugging,1,1,Firmware debugging
React UI,1,1,React UI
Release Testing,1,1,Release Testing
Strategic Analysis,1,1,Strategic Analysis
Finance module configuration,1,1,Finance module configuration
General ledger setup,1,1,General ledger setup
Project accounting,1,1,Project accounting
Supply chain configuration,1,1,Supply chain configuration
Localization requirements,1,1,Localization requirements
Custom Connectors,1,1,Custom Connectors
Citizen Development Coaching,1,1,Citizen Development Coaching
M365 Stack,1,1,M365 Stack
User Adoption Strategies,1,1,User Adoption Strategies
International Collaboration,1,1,International Collaboration
Ubuntu Linux,1,1,Ubuntu Linux
Employee Development,1,1,Employee Development
Cross-cultural Communication,1,1,Cross-cultural Communication
Internet Industry Knowledge,1,1,Internet Industry Knowledge
Organizational Coordination,1,1,Organizational Coordination
AutoCount Software,1,1,AutoCount Software
UBS Accounting,1,1,UBS Accounting
Configuration Assistance,1,1,Configuration Assistance
Visio Diagramming,1,1,Visio Diagramming
Industrial telecommunications,1,1,Industrial telecommunications
Subcontractor Coordination,1,1,Subcontractor Coordination
Remote Auditing,1,1,Remote Auditing
Contract Documentation Review,1,1,Contract Documentation Review
BI Performance Tuning,1,1,BI Performance Tuning
Financial Tracking,1,1,Financial Tracking
HTML front-end,1,1,HTML front-end
Upstream oilfield applications,1,1,Upstream oilfield applications
Software Delivery Management,1,1,Software Delivery Management
Network LAN/WAN,1,1,Network LAN/WAN
Proxy Configuration,1,1,Proxy Configuration
24/7 Shift Support,1,1,24/7 Shift Support
Digital Servicing,1,1,Digital Servicing
Insurance Industry Knowledge,1,1,Insurance Industry Knowledge
Software Delivery,1,1,Software Delivery
Phishing Simulation,1,1,Phishing Simulation
Device Configuration,1,1,Device Configuration
QA methodology,1,1,QA methodology
cPanel,1,1,cPanel
SharePoint Platform,1,1,SharePoint Platform
NICE CXone,1,1,NICE CXone
Content Curation,1,1,Content Curation
Telecom Liaison,1,1,Telecom Liaison
Site Acquisition,1,1,Site Acquisition
Permitting Process,1,1,Permitting Process
Site Survey Analysis,1,1,Site Survey Analysis
Architectural Drawing Review,1,1,Architectural Drawing Review
Land Survey Coordination,1,1,Land Survey Coordination
Soil Investigation,1,1,Soil Investigation
High Pressure Management,1,1,High Pressure Management
Denodo,1,1,Denodo
Manufacturing KPI analysis,1,1,Manufacturing KPI analysis
Reporting dashboards,1,1,Reporting dashboards
Socket.IO,1,1,Socket.IO
FPGA development,1,1,FPGA development
Hardware driver development,1,1,Hardware driver development
Electronic circuit analysis,1,1,Electronic circuit analysis
Analytical Modeling,1,1,Analytical Modeling
Financial Controlling,1,1,Financial Controlling
EPM,1,1,EPM
Financial Consolidation,1,1,Financial Consolidation
Script Development,1,1,Script Development
Qlik BI,1,1,Qlik BI
CrowdStrike EDR,1,1,CrowdStrike EDR
SOAR Platforms,1,1,SOAR Platforms
SANS GCIH,1,1,SANS GCIH
Avaloq Development,1,1,Avaloq Development
Private Banking,1,1,Private Banking
Estimation Skills,1,1,Estimation Skills
Programming Logic,1,1,Programming Logic
Flow Control,1,1,Flow Control
Technical Requirements,1,1,Technical Requirements
KPI Definition,1,1,KPI Definition
Business Modeling,1,1,Business Modeling
Message transformation,1,1,Message transformation
Electrical circuit fundamentals,1,1,Electrical circuit fundamentals
AutoCAD software,1,1,AutoCAD software
MicroStation software,1,1,MicroStation software
Power system engineering,1,1,Power system engineering
Production Data Warehouse,1,1,Production Data Warehouse
Apache Iceberg,1,1,Apache Iceberg
Data Lineage,1,1,Data Lineage
CCTV installation,1,1,CCTV installation
Alarm system maintenance,1,1,Alarm system maintenance
IT hardware support,1,1,IT hardware support
Vendor Technical Support,1,1,Vendor Technical Support
Interface Management,1,1,Interface Management
Delivery Management,1,1,Delivery Management
Offshore Engineering,1,1,Offshore Engineering
Remote Technical Support,1,1,Remote Technical Support
Onsite Troubleshooting,1,1,Onsite Troubleshooting
VIP Client Assistance,1,1,VIP Client Assistance
Wi-Fi Support,1,1,Wi-Fi Support
Server Hardware Administration,1,1,Server Hardware Administration
SLA Reporting,1,1,SLA Reporting
Broadcast systems,1,1,Broadcast systems
AV system configuration,1,1,AV system configuration
Cabling infrastructure,1,1,Cabling infrastructure
Audio equipment setup,1,1,Audio equipment setup
Lighting control,1,1,Lighting control
IT-AV integration,1,1,IT-AV integration
Equipment logistics,1,1,Equipment logistics
Laravel 5,1,1,Laravel 5
Cisco technologies,1,1,Cisco technologies
IP switching,1,1,IP switching
VSAT communications,1,1,VSAT communications
Satellite troubleshooting,1,1,Satellite troubleshooting
VoIP QoS,1,1,VoIP QoS
NMS tools,1,1,NMS tools
iDirect satellite,1,1,iDirect satellite
Newtec MDM,1,1,Newtec MDM
LAN Installation,1,1,LAN Installation
AWS Analytics,1,1,AWS Analytics
Flux,1,1,Flux
ES6 JavaScript,1,1,ES6 JavaScript
ES6+,1,1,ES6+
Context API,1,1,Context API
Responsive UI,1,1,Responsive UI
ISO 22301,1,1,ISO 22301
Graphic Design Coordination,1,1,Graphic Design Coordination
Copywriting Coordination,1,1,Copywriting Coordination
Windows OS Troubleshooting,1,1,Windows OS Troubleshooting
DigitalOcean,1,1,DigitalOcean
System Programming,1,1,System Programming
Building Management,1,1,Building Management
Alarm Handling,1,1,Alarm Handling
ICT Networking,1,1,ICT Networking
Testing and Deployment,1,1,Testing and Deployment
Testing & Evaluation,1,1,Testing & Evaluation
Onion Architecture,1,1,Onion Architecture
Payment Terminal Integration,1,1,Payment Terminal Integration
Android Device Support,1,1,Android Device Support
iOS Device Support,1,1,iOS Device Support
SaaS Application Support,1,1,SaaS Application Support
E-commerce Platform Support,1,1,E-commerce Platform Support
Common Reporting Standard,1,1,Common Reporting Standard
CMMS Onkey,1,1,CMMS Onkey
Historian integration,1,1,Historian integration
Microsoft Server Administration,1,1,Microsoft Server Administration
Oracle Database Architecture,1,1,Oracle Database Architecture
Cloud Backup,1,1,Cloud Backup
ABAP on HANA,1,1,ABAP on HANA
SAP IDoc,1,1,SAP IDoc
SAP ALE,1,1,SAP ALE
ABAP Proxy,1,1,ABAP Proxy
SAP API,1,1,SAP API
Mentoring Developers,1,1,Mentoring Developers
Web Standards,1,1,Web Standards
Tableau Dashboarding,1,1,Tableau Dashboarding
Field Support,1,1,Field Support
AWS ECS/EKS,1,1,AWS ECS/EKS
TDD Practices,1,1,TDD Practices
CAMSTAR System,1,1,CAMSTAR System
Alert Monitoring,1,1,Alert Monitoring
FortiManager Administration,1,1,FortiManager Administration
FortiAnalyzer Reporting,1,1,FortiAnalyzer Reporting
Cisco Firewall Configuration,1,1,Cisco Firewall Configuration
Juniper Routing,1,1,Juniper Routing
MPLS Network,1,1,MPLS Network
Network Security Engineering,1,1,Network Security Engineering
IT Project Rollout,1,1,IT Project Rollout
Error Analysis,1,1,Error Analysis
Microsoft Teams Integration,1,1,Microsoft Teams Integration
Service Optimization,1,1,Service Optimization
Circuit Simulation,1,1,Circuit Simulation
Hardware Prototyping,1,1,Hardware Prototyping
Embedded Firmware,1,1,Embedded Firmware
Electronics Testing,1,1,Electronics Testing
Production Supervision,1,1,Production Supervision
Digital Media Production,1,1,Digital Media Production
Legal Tech,1,1,Legal Tech
User Behavior Analytics,1,1,User Behavior Analytics
Platform Management,1,1,Platform Management
ERP Testing,1,1,ERP Testing
Microsoft Power Automate,1,1,Microsoft Power Automate
Report Specification,1,1,Report Specification
Process Change Management,1,1,Process Change Management
Engine Integration,1,1,Engine Integration
Vehicle Calibration,1,1,Vehicle Calibration
Test Validation,1,1,Test Validation
XML API,1,1,XML API
Full SDLC,1,1,Full SDLC
Tricent Tosca,1,1,Tricent Tosca
Test Data Design,1,1,Test Data Design
MES Demonstrations,1,1,MES Demonstrations
RFQ Response,1,1,RFQ Response
Statement of Work Development,1,1,Statement of Work Development
Electronics Manufacturing,1,1,Electronics Manufacturing
Remote Team Collaboration,1,1,Remote Team Collaboration
SAP HR Configuration,1,1,SAP HR Configuration
SAP Payroll Configuration,1,1,SAP Payroll Configuration
Full Life Cycle Implementation,1,1,Full Life Cycle Implementation
SAP Workplace Portal,1,1,SAP Workplace Portal
HR Payroll Integration,1,1,HR Payroll Integration
Accounting Posting,1,1,Accounting Posting
GlobalView Methodology,1,1,GlobalView Methodology
Parallel Testing,1,1,Parallel Testing
scikit-image Library,1,1,scikit-image Library
Image Segmentation,1,1,Image Segmentation
Medical Imaging,1,1,Medical Imaging
Space Planning,1,1,Space Planning
IRR Calculation,1,1,IRR Calculation
Systems Engineering,1,1,Systems Engineering
MIS,1,1,MIS
Retail IT,1,1,Retail IT
SAP PO Configuration,1,1,SAP PO Configuration
Enhancement Framework,1,1,Enhancement Framework
Dialog/DYNPRO Programming,1,1,Dialog/DYNPRO Programming
Java for ABAP,1,1,Java for ABAP
Puppeteer,1,1,Puppeteer
Bitbucket,1,1,Bitbucket
MS Navision,1,1,MS Navision
Virtualization (VM),1,1,Virtualization (VM)
Ad-hoc Analysis,1,1,Ad-hoc Analysis
Quota Achievement,1,1,Quota Achievement
GraphQL Apollo,1,1,GraphQL Apollo
IT Helpdesk Management,1,1,IT Helpdesk Management
Router Management,1,1,Router Management
Search Evaluation,1,1,Search Evaluation
Multilingual Support,1,1,Multilingual Support
Mocha/Chai,1,1,Mocha/Chai
User Story Definition,1,1,User Story Definition
Test Coverage Analysis,1,1,Test Coverage Analysis
Programming Basics,1,1,Programming Basics
Self Improvement,1,1,Self Improvement
CCTV Surveillance,1,1,CCTV Surveillance
Barrier Gate Integration,1,1,Barrier Gate Integration
Public Address System,1,1,Public Address System
Documentation Control,1,1,Documentation Control
Solution Sales,1,1,Solution Sales
Low-Level Design,1,1,Low-Level Design
Office 365 Troubleshooting,1,1,Office 365 Troubleshooting
System Migration Planning,1,1,System Migration Planning
Debugging Techniques,1,1,Debugging Techniques
Transmission Engineering,1,1,Transmission Engineering
Access Network,1,1,Access Network
Core Networking,1,1,Core Networking
CIDB WAH Certification,1,1,CIDB WAH Certification
TMNIOSH Certification,1,1,TMNIOSH Certification
PRINCE2 Methodology,1,1,PRINCE2 Methodology
Data Platform Integration,1,1,Data Platform Integration
Financial Application Support,1,1,Financial Application Support
LAN/Wi‑Fi Administration,1,1,LAN/Wi‑Fi Administration
24/7 Support,1,1,24/7 Support
Windows 10 Support,1,1,Windows 10 Support
VMware Horizon VDI,1,1,VMware Horizon VDI
Sales Upselling,1,1,Sales Upselling
Credit Analysis,1,1,Credit Analysis
Event Coordination,1,1,Event Coordination
MDR XDR EDR,1,1,MDR XDR EDR
Azure Security,1,1,Azure Security
Email Security,1,1,Email Security
CompTIA Security+,1,1,CompTIA Security+
Certified Ethical Hacker,1,1,Certified Ethical Hacker
CCNA Security,1,1,CCNA Security
Cybersecurity Analysis,1,1,Cybersecurity Analysis
IAM Tool Integration,1,1,IAM Tool Integration
Ubiquiti Switching,1,1,Ubiquiti Switching
Mikrotik Configuration,1,1,Mikrotik Configuration
VOIP Support,1,1,VOIP Support
Architectural Design Patterns,1,1,Architectural Design Patterns
Organizational Change Management,1,1,Organizational Change Management
Global Implementation,1,1,Global Implementation
Credit Card Processing,1,1,Credit Card Processing
Kubernetes Management,1,1,Kubernetes Management
Docker Orchestration,1,1,Docker Orchestration
Tomcat Deployment,1,1,Tomcat Deployment
Elasticsearch Operations,1,1,Elasticsearch Operations
Data Monitoring,1,1,Data Monitoring
Rotational Shift,1,1,Rotational Shift
Camstar PLM,1,1,Camstar PLM
Manufacturing IT Security,1,1,Manufacturing IT Security
Asset Planning,1,1,Asset Planning
MES Access Administration,1,1,MES Access Administration
SAP Access Administration,1,1,SAP Access Administration
FMEA Methodology,1,1,FMEA Methodology
Drupal 8,1,1,Drupal 8
Drupal 7,1,1,Drupal 7
PHP OOP,1,1,PHP OOP
Git workflow,1,1,Git workflow
Communication Security,1,1,Communication Security
Data Vulnerability Assessment,1,1,Data Vulnerability Assessment
Policy Review,1,1,Policy Review
Security Software,1,1,Security Software
Ticket prioritization,1,1,Ticket prioritization
Data Center Infrastructure,1,1,Data Center Infrastructure
Power & Cooling Management,1,1,Power & Cooling Management
Network Fiber Optic Cabling,1,1,Network Fiber Optic Cabling
SSH Configuration,1,1,SSH Configuration
Out-of-Band Management,1,1,Out-of-Band Management
SOP Compliance,1,1,SOP Compliance
Incident Coordination,1,1,Incident Coordination
Problem Identification,1,1,Problem Identification
24/7 Shift Operations,1,1,24/7 Shift Operations
Voice Integration,1,1,Voice Integration
Sales Process Management,1,1,Sales Process Management
POS Ticketing,1,1,POS Ticketing
SAML Authentication,1,1,SAML Authentication
ODBC Connectivity,1,1,ODBC Connectivity
Hybrid Cloud Deployment,1,1,Hybrid Cloud Deployment
Performance Scalability,1,1,Performance Scalability
Middleware Configuration,1,1,Middleware Configuration
Software Infrastructure Implementation,1,1,Software Infrastructure Implementation
Technical Integration Design,1,1,Technical Integration Design
Counterparty Credit,1,1,Counterparty Credit
Collateral Management,1,1,Collateral Management
XML handling,1,1,XML handling
Machine Diagram Interpretation,1,1,Machine Diagram Interpretation
Electro‑Mechanical Repair,1,1,Electro‑Mechanical Repair
Cost Reduction Initiatives,1,1,Cost Reduction Initiatives
Software Testing Methodologies,1,1,Software Testing Methodologies
System Center,1,1,System Center
HP P2000 Storage,1,1,HP P2000 Storage
Exchange 2010,1,1,Exchange 2010
Windows Server Cluster,1,1,Windows Server Cluster
Lync 2012,1,1,Lync 2012
Community Management,1,1,Community Management
PPC Advertising,1,1,PPC Advertising
GameFi Expertise,1,1,GameFi Expertise
DeFi Knowledge,1,1,DeFi Knowledge
KOL Collaboration,1,1,KOL Collaboration
English Chinese Proficiency,1,1,English Chinese Proficiency
Virtual Assistant Development,1,1,Virtual Assistant Development
Google Dialogflow,1,1,Google Dialogflow
IBM Watson,1,1,IBM Watson
PMBOK Certification,1,1,PMBOK Certification
GCP Cloud Services,1,1,GCP Cloud Services
MSG-3 Analysis,1,1,MSG-3 Analysis
Maintenance Planning,1,1,Maintenance Planning
MRBR Procedure,1,1,MRBR Procedure
Boeing Toolbox,1,1,Boeing Toolbox
OMP Software,1,1,OMP Software
Multidimensional Modeling,1,1,Multidimensional Modeling
Google Play Deployment,1,1,Google Play Deployment
Angular TypeScript,1,1,Angular TypeScript
No-code development,1,1,No-code development
Off-page SEO,1,1,Off-page SEO
Site audits,1,1,Site audits
SEMRush,1,1,SEMRush
Ahrefs,1,1,Ahrefs
Google Search Console,1,1,Google Search Console
Infrastructure Architecture,1,1,Infrastructure Architecture
Compute Engineering,1,1,Compute Engineering
Virtual Desktop Infrastructure,1,1,Virtual Desktop Infrastructure
Upgrade Deployment,1,1,Upgrade Deployment
Tricentis qTest,1,1,Tricentis qTest
Banking Domain Testing,1,1,Banking Domain Testing
Visual Basic .NET,1,1,Visual Basic .NET
Backup Continuity,1,1,Backup Continuity
IBM i,1,1,IBM i
SMAC Stack,1,1,SMAC Stack
Plumbing Maintenance,1,1,Plumbing Maintenance
Kitchen Equipment Maintenance,1,1,Kitchen Equipment Maintenance
Service Scheduling,1,1,Service Scheduling
SSIS ETL,1,1,SSIS ETL
Visual Studio Integration Services,1,1,Visual Studio Integration Services
Anti-Virus Administration,1,1,Anti-Virus Administration
GDL license,1,1,GDL license
Cable management,1,1,Cable management
Installation testing,1,1,Installation testing
Cloud Data Warehousing,1,1,Cloud Data Warehousing
Data AI Platforms,1,1,Data AI Platforms
Splunk Enterprise,1,1,Splunk Enterprise
Splunk Cloud,1,1,Splunk Cloud
Splunk SOAR,1,1,Splunk SOAR
Search Processing Language,1,1,Search Processing Language
Splunk app development,1,1,Splunk app development
Splunk administration,1,1,Splunk administration
Monitoring solutions,1,1,Monitoring solutions
Grafana Dashboard,1,1,Grafana Dashboard
Superset Dashboard,1,1,Superset Dashboard
SSIS Integration,1,1,SSIS Integration
Enterprise Security,1,1,Enterprise Security
STP Protocol,1,1,STP Protocol
Static Routing,1,1,Static Routing
Wireless LAN Controller,1,1,Wireless LAN Controller
Network Diagramming,1,1,Network Diagramming
Ticketing System Administration,1,1,Ticketing System Administration
UAT Documentation,1,1,UAT Documentation
As-built Documentation,1,1,As-built Documentation
Network Equipment Administration,1,1,Network Equipment Administration
VMware Hypervisor,1,1,VMware Hypervisor
VPN Access Control,1,1,VPN Access Control
Backup Systems,1,1,Backup Systems
IT Monitoring,1,1,IT Monitoring
Phishing Analysis,1,1,Phishing Analysis
APT Management,1,1,APT Management
Security Policy Implementation,1,1,Security Policy Implementation
User Collaboration,1,1,User Collaboration
Xero,1,1,Xero
Primavera P6,1,1,Primavera P6
MS PowerBI,1,1,MS PowerBI
Schedule Baseline Development,1,1,Schedule Baseline Development
Resource Loading,1,1,Resource Loading
Critical Path Analysis,1,1,Critical Path Analysis
Hardware Infrastructure,1,1,Hardware Infrastructure
Virtual Machine Deployment,1,1,Virtual Machine Deployment
Clinical Application Support,1,1,Clinical Application Support
Telephony Administration,1,1,Telephony Administration
After-hours Rotation,1,1,After-hours Rotation
Redux State Management,1,1,Redux State Management
Immutable.js Library,1,1,Immutable.js Library
Babel Transpiler,1,1,Babel Transpiler
SCSS Styling,1,1,SCSS Styling
UFT One,1,1,UFT One
Katalon,1,1,Katalon
STLC Test Management,1,1,STLC Test Management
Test Strategy Planning,1,1,Test Strategy Planning
HDFS,1,1,HDFS
Sqoop,1,1,Sqoop
HBase,1,1,HBase
SAP HANA DBA,1,1,SAP HANA DBA
SAP HANA performance tuning,1,1,SAP HANA performance tuning
SAP HANA backup recovery,1,1,SAP HANA backup recovery
SAP HANA security,1,1,SAP HANA security
SAP HANA high availability,1,1,SAP HANA high availability
SAP HANA replication,1,1,SAP HANA replication
SAP HANA monitoring,1,1,SAP HANA monitoring
SAP HANA upgrade,1,1,SAP HANA upgrade
SAP HANA patching,1,1,SAP HANA patching
SAP HANA Cloud Platform,1,1,SAP HANA Cloud Platform
MS SharePoint,1,1,MS SharePoint
Microsoft NAV,1,1,Microsoft NAV
Career Networking,1,1,Career Networking
Job Search,1,1,Job Search
Professional Branding,1,1,Professional Branding
Event Participation,1,1,Event Participation
Post-Mortem Analysis,1,1,Post-Mortem Analysis
iOS native development,1,1,iOS native development
L1/L2 Support,1,1,L1/L2 Support
Air-gapped Infrastructure,1,1,Air-gapped Infrastructure
Murex implementation,1,1,Murex implementation
Market Risk VAR,1,1,Market Risk VAR
Basel 2.5,1,1,Basel 2.5
FRTB IMA,1,1,FRTB IMA
Risk limit management,1,1,Risk limit management
Trading book analytics,1,1,Trading book analytics
SWIFT Systems,1,1,SWIFT Systems
SAP Testing,1,1,SAP Testing
Interface Design,1,1,Interface Design
SQL DDL/DML,1,1,SQL DDL/DML
Banking Processes,1,1,Banking Processes
Enterprise Planning,1,1,Enterprise Planning
O365 Administration,1,1,O365 Administration
Zoom Teams Integration,1,1,Zoom Teams Integration
CCNA Certified,1,1,CCNA Certified
ITIL Certified,1,1,ITIL Certified
Mission-Critical Systems,1,1,Mission-Critical Systems
Large-Scale Solutions,1,1,Large-Scale Solutions
HR Systems,1,1,HR Systems
OBS Studio,1,1,OBS Studio
Live Streaming,1,1,Live Streaming
SAP Hybris,1,1,SAP Hybris
SAP ERP Integration,1,1,SAP ERP Integration
Bamboo,1,1,Bamboo
Windows environment,1,1,Windows environment
Google Play Store,1,1,Google Play Store
NFC,1,1,NFC
iBeacon,1,1,iBeacon
Storyboard,1,1,Storyboard
Spring Security,1,1,Spring Security
SQL Tuning,1,1,SQL Tuning
Cache Tuning,1,1,Cache Tuning
Telecommunications Sales,1,1,Telecommunications Sales
Fibre Optic Knowledge,1,1,Fibre Optic Knowledge
Sales Target Achievement,1,1,Sales Target Achievement
JavaScript jQuery,1,1,JavaScript jQuery
DAM workflows,1,1,DAM workflows
Hadoop Administration,1,1,Hadoop Administration
Cluster Installation,1,1,Cluster Installation
Node Decommissioning,1,1,Node Decommissioning
Impact Assessment,1,1,Impact Assessment
Domain Renewal,1,1,Domain Renewal
Web Interface Operation,1,1,Web Interface Operation
GeoIP Database Update,1,1,GeoIP Database Update
PDMS Administration,1,1,PDMS Administration
E3D Administration,1,1,E3D Administration
Component Library Creation,1,1,Component Library Creation
Clash Detection,1,1,Clash Detection
Interference Checking,1,1,Interference Checking
Airflow pipelines,1,1,Airflow pipelines
Tableau dashboards,1,1,Tableau dashboards
Looker visualizations,1,1,Looker visualizations
Manufacturing technologies,1,1,Manufacturing technologies
Azure Administrator,1,1,Azure Administrator
Microsoft MDT,1,1,Microsoft MDT
Windows Deployment Services,1,1,Windows Deployment Services
Image creation,1,1,Image creation
IBM BigFix,1,1,IBM BigFix
VBScript scripting,1,1,VBScript scripting
Domain Name System,1,1,Domain Name System
Intune MDM,1,1,Intune MDM
Chrome OS support,1,1,Chrome OS support
C# MVC,1,1,C# MVC
PMO Leadership,1,1,PMO Leadership
ISO 27001 Auditing,1,1,ISO 27001 Auditing
Technical Risk Management,1,1,Technical Risk Management
ArcGIS,1,1,ArcGIS
Geospatial Knowledge,1,1,Geospatial Knowledge
Content Research,1,1,Content Research
Video Production,1,1,Video Production
Cross-linking,1,1,Cross-linking
STEP configuration,1,1,STEP configuration
Business rules development,1,1,Business rules development
Junior developer mentoring,1,1,Junior developer mentoring
Murex Front Office,1,1,Murex Front Office
Mx 3.1,1,1,Mx 3.1
Transaction Processing,1,1,Transaction Processing
Trade Lifecycle Management,1,1,Trade Lifecycle Management
Pricing Booking,1,1,Pricing Booking
Straight-Through Processing,1,1,Straight-Through Processing
Asset Class Expertise,1,1,Asset Class Expertise
Training Management,1,1,Training Management
HP ProLiant Servers,1,1,HP ProLiant Servers
3PAR Storage,1,1,3PAR Storage
Rack Server Installation,1,1,Rack Server Installation
Network Device Troubleshooting,1,1,Network Device Troubleshooting
On-site Repair,1,1,On-site Repair
SignalR Real-time,1,1,SignalR Real-time
D3.js Visualization,1,1,D3.js Visualization
Web API Development,1,1,Web API Development
Prophet modeling,1,1,Prophet modeling
SAS analytics,1,1,SAS analytics
IFRS 17 implementation,1,1,IFRS 17 implementation
Actuarial valuation,1,1,Actuarial valuation
M&A advisory,1,1,M&A advisory
Capital management,1,1,Capital management
Supplier Cost Analysis,1,1,Supplier Cost Analysis
Telecom Procurement,1,1,Telecom Procurement
Financial Cost Modeling,1,1,Financial Cost Modeling
Individual Contributor,1,1,Individual Contributor
Business Process Outsourcing,1,1,Business Process Outsourcing
Database Monitoring,1,1,Database Monitoring
AWS Infrastructure,1,1,AWS Infrastructure
Exchange 2019,1,1,Exchange 2019
eDiscovery,1,1,eDiscovery
Make/CMake,1,1,Make/CMake
Team Foundation Server,1,1,Team Foundation Server
Barcode Programming,1,1,Barcode Programming
Technical Support Engineering,1,1,Technical Support Engineering
Huawei Delivery Processes,1,1,Huawei Delivery Processes
Fixed Network,1,1,Fixed Network
FTTX Deployment,1,1,FTTX Deployment
Business Risk Management,1,1,Business Risk Management
Engineering Inspection,1,1,Engineering Inspection
Outbound Sales,1,1,Outbound Sales
B2B Sales,1,1,B2B Sales
International Market Expansion,1,1,International Market Expansion
Implementation support,1,1,Implementation support
Cloud Fundamentals,1,1,Cloud Fundamentals
Business Central Administration,1,1,Business Central Administration
Bank Reconciliation,1,1,Bank Reconciliation
Email Management,1,1,Email Management
Property Management,1,1,Property Management
Document Filing,1,1,Document Filing
Scheduling Coordination,1,1,Scheduling Coordination
CTRM/ETRM Systems,1,1,CTRM/ETRM Systems
Green Finance,1,1,Green Finance
Backend Investigation,1,1,Backend Investigation
Product Modeling,1,1,Product Modeling
Shopify administration,1,1,Shopify administration
WiFi setup,1,1,WiFi setup
Cloud Strategy,1,1,Cloud Strategy
TCO Analysis,1,1,TCO Analysis
Go-to-Market,1,1,Go-to-Market
Product Advisory,1,1,Product Advisory
IT Compliance Management,1,1,IT Compliance Management
ISO 27001 Lead Auditor,1,1,ISO 27001 Lead Auditor
Postman Testing,1,1,Postman Testing
Jira Xray,1,1,Jira Xray
IT Upgrade Planning,1,1,IT Upgrade Planning
Solution Installation,1,1,Solution Installation
System Health Check,1,1,System Health Check
RPA Testing,1,1,RPA Testing
Bot Deployment,1,1,Bot Deployment
ICT Equipment Commissioning,1,1,ICT Equipment Commissioning
Cybersecurity Incident Response,1,1,Cybersecurity Incident Response
Data Integrity Management,1,1,Data Integrity Management
Help Desk Collaboration,1,1,Help Desk Collaboration
Customer Complaint Resolution,1,1,Customer Complaint Resolution
SAP EHS,1,1,SAP EHS
Label Design,1,1,Label Design
Dangerous Goods Compliance,1,1,Dangerous Goods Compliance
SAP MDM,1,1,SAP MDM
Master Data Governance,1,1,Master Data Governance
cbs MDV,1,1,cbs MDV
Software-Hardware Integration,1,1,Software-Hardware Integration
POS Management,1,1,POS Management
Technology Procurement,1,1,Technology Procurement
Scope Definition,1,1,Scope Definition
ESXi Management,1,1,ESXi Management
vCenter Administration,1,1,vCenter Administration
Event Log Analysis,1,1,Event Log Analysis
Billing Processing,1,1,Billing Processing
Management Information Systems,1,1,Management Information Systems
Cloud server management,1,1,Cloud server management
Nginx web server,1,1,Nginx web server
HAProxy load balancing,1,1,HAProxy load balancing
Industrial engineering,1,1,Industrial engineering
Manufacturing engineering,1,1,Manufacturing engineering
Peplink Load Balancer,1,1,Peplink Load Balancer
Cisco Catalyst Switches,1,1,Cisco Catalyst Switches
Juniper Firewall,1,1,Juniper Firewall
Cisco IP Phone,1,1,Cisco IP Phone
Data Center Design,1,1,Data Center Design
Backup Monitoring,1,1,Backup Monitoring
Disk Space Management,1,1,Disk Space Management
Dell SAN,1,1,Dell SAN
IT Asset Setup,1,1,IT Asset Setup
Microsoft MCSA,1,1,Microsoft MCSA
Virtualization (Hypervisor),1,1,Virtualization (Hypervisor)
Genesys Cloud,1,1,Genesys Cloud
CCaaS Platform,1,1,CCaaS Platform
Omnichannel Architecture,1,1,Omnichannel Architecture
Queuing & Routing,1,1,Queuing & Routing
Call Flow Design,1,1,Call Flow Design
Conversational Flows,1,1,Conversational Flows
Genesys Cloud Architect,1,1,Genesys Cloud Architect
Outbound Dialer Campaigns,1,1,Outbound Dialer Campaigns
VoIP/SIP Endpoints,1,1,VoIP/SIP Endpoints
Malware Protection,1,1,Malware Protection
Security Operations Leadership,1,1,Security Operations Leadership
Portfolio Planning,1,1,Portfolio Planning
Salesforce Apex,1,1,Salesforce Apex
External Sync Agents,1,1,External Sync Agents
IQ/OQ/PQ Validation,1,1,IQ/OQ/PQ Validation
21 CFR Part 11,1,1,21 CFR Part 11
GxP Risk Assessment,1,1,GxP Risk Assessment
Data Historian Management,1,1,Data Historian Management
Six Sigma Methodology,1,1,Six Sigma Methodology
ISO 13485 Compliance,1,1,ISO 13485 Compliance
FDA 21 CFR 820,1,1,FDA 21 CFR 820
Procurement Software,1,1,Procurement Software
Coupa Procurement,1,1,Coupa Procurement
Supplier Performance Assessment,1,1,Supplier Performance Assessment
Azure Management,1,1,Azure Management
WMS troubleshooting,1,1,WMS troubleshooting
IT Asset Analysis,1,1,IT Asset Analysis
Warranty Claims,1,1,Warranty Claims
Pre-sales demo,1,1,Pre-sales demo
Issue analysis,1,1,Issue analysis
Fast learning,1,1,Fast learning
Wireless Security Assessment,1,1,Wireless Security Assessment
Technical Resource Planning,1,1,Technical Resource Planning
GPEN Certification,1,1,GPEN Certification
Canva,1,1,Canva
Telecommunication Support,1,1,Telecommunication Support
Microsoft System Center,1,1,Microsoft System Center
VMware Hypervisor Administration,1,1,VMware Hypervisor Administration
Microsoft Hyper-V Administration,1,1,Microsoft Hyper-V Administration
Veeam Backup Recovery,1,1,Veeam Backup Recovery
DHCP DNS Configuration,1,1,DHCP DNS Configuration
Application Cloning,1,1,Application Cloning
Oracle OBIEE,1,1,Oracle OBIEE
Pega SSA,1,1,Pega SSA
Pega 8.8,1,1,Pega 8.8
Schema Administration,1,1,Schema Administration
Pega Security,1,1,Pega Security
Branching Strategies,1,1,Branching Strategies
Cpk analysis,1,1,Cpk analysis
Failure investigation,1,1,Failure investigation
Manufacturing release,1,1,Manufacturing release
Finance and Operations,1,1,Finance and Operations
Product Configurator,1,1,Product Configurator
General Ledger Migration,1,1,General Ledger Migration
Vendor Master Management,1,1,Vendor Master Management
Uniface,1,1,Uniface
OutSystems,1,1,OutSystems
BizTalk,1,1,BizTalk
MS Dynamics,1,1,MS Dynamics
Forecasting,1,1,Forecasting
iSAMS Administration,1,1,iSAMS Administration
Timetable Management,1,1,Timetable Management
Analytical Reporting,1,1,Analytical Reporting
Data Confidentiality,1,1,Data Confidentiality
Finance Integration,1,1,Finance Integration
Fraud Management,1,1,Fraud Management
BRD Analysis,1,1,BRD Analysis
Technical Delivery Management,1,1,Technical Delivery Management
Exchange Server Management,1,1,Exchange Server Management
Hyper-V Clustering,1,1,Hyper-V Clustering
L2 Issue Management,1,1,L2 Issue Management
Testing & Validation,1,1,Testing & Validation
Citrix Administration,1,1,Citrix Administration
Wireless Controller Management,1,1,Wireless Controller Management
Modbus protocol,1,1,Modbus protocol
Container Security,1,1,Container Security
SOC 2 Compliance,1,1,SOC 2 Compliance
cURL,1,1,cURL
Data Aggregation,1,1,Data Aggregation
PC Setup,1,1,PC Setup
Sales Reporting,1,1,Sales Reporting
Government Reporting,1,1,Government Reporting
Serenity,1,1,Serenity
UX/UI Collaboration,1,1,UX/UI Collaboration
Data-Driven Analysis,1,1,Data-Driven Analysis
Web Product Management,1,1,Web Product Management
Ticketing System Maintenance,1,1,Ticketing System Maintenance
Turnstile Gate Integration,1,1,Turnstile Gate Integration
GPS Tracker Installation,1,1,GPS Tracker Installation
AWS ECS,1,1,AWS ECS
Silk Performer,1,1,Silk Performer
Tricentis Flood,1,1,Tricentis Flood
.NET Performance Testing,1,1,.NET Performance Testing
Mobile Performance Testing,1,1,Mobile Performance Testing
Test Automation Scripting,1,1,Test Automation Scripting
MES Administration,1,1,MES Administration
WAN/LAN Networking,1,1,WAN/LAN Networking
Ivanti Service Desk,1,1,Ivanti Service Desk
IT Budget Forecasting,1,1,IT Budget Forecasting
CAPEX Planning,1,1,CAPEX Planning
Low-Latency Design,1,1,Low-Latency Design
High-Availability Systems,1,1,High-Availability Systems
Hardware control,1,1,Hardware control
Semiconductor domain,1,1,Semiconductor domain
HSM configuration,1,1,HSM configuration
AES encryption,1,1,AES encryption
Tokenization,1,1,Tokenization
Debit card integration,1,1,Debit card integration
Card management system,1,1,Card management system
Testim,1,1,Testim
Applitools,1,1,Applitools
Notion,1,1,Notion
Excel Dashboard,1,1,Excel Dashboard
Revit,1,1,Revit
BIM 360,1,1,BIM 360
Navisworks,1,1,Navisworks
Dynamo,1,1,Dynamo
Inventor,1,1,Inventor
I-Logic,1,1,I-Logic
Vault,1,1,Vault
MDS/MEP,1,1,MDS/MEP
Structural Modeling,1,1,Structural Modeling
MEP Coordination,1,1,MEP Coordination
JAMF Administration,1,1,JAMF Administration
Cisco Equipment Installation,1,1,Cisco Equipment Installation
Jira Workflow Design,1,1,Jira Workflow Design
Jira Plugin Development,1,1,Jira Plugin Development
Citrix XenApp,1,1,Citrix XenApp
Citrix XenDesktop,1,1,Citrix XenDesktop
Citrix Workspace,1,1,Citrix Workspace
Citrix NetScaler,1,1,Citrix NetScaler
VDI Incident Management,1,1,VDI Incident Management
Provisioning Services,1,1,Provisioning Services
Network Concepts,1,1,Network Concepts
SQL Relational Databases,1,1,SQL Relational Databases
Hardware Asset Management,1,1,Hardware Asset Management
IT Configuration Management,1,1,IT Configuration Management
ServiceNow License Manager,1,1,ServiceNow License Manager
Asset Lifecycle Management,1,1,Asset Lifecycle Management
Murex Reporting,1,1,Murex Reporting
FX Options,1,1,FX Options
Interest Rate Swaps,1,1,Interest Rate Swaps
Browser Debugging,1,1,Browser Debugging
UI/UX Prototyping,1,1,UI/UX Prototyping
Cloud security (AWS),1,1,Cloud security (AWS)
SOC coordination,1,1,SOC coordination
VM Migration,1,1,VM Migration
Kernel Patching,1,1,Kernel Patching
IP network design,1,1,IP network design
MPLS VPN,1,1,MPLS VPN
MPLS TE,1,1,MPLS TE
IPv6 deployment,1,1,IPv6 deployment
Service migration,1,1,Service migration
Huawei DC products,1,1,Huawei DC products
Cisco CCIE certification,1,1,Cisco CCIE certification
Juniper JNCIE certification,1,1,Juniper JNCIE certification
Service integration,1,1,Service integration
Quality Assurance Testing,1,1,Quality Assurance Testing
NetBackup,1,1,NetBackup
Nutanix,1,1,Nutanix
OpenStack,1,1,OpenStack
Commvault,1,1,Commvault
ERP Consulting,1,1,ERP Consulting
Solution Documentation,1,1,Solution Documentation
Remote Installation,1,1,Remote Installation
Desktop hardware troubleshooting,1,1,Desktop hardware troubleshooting
Video conferencing equipment,1,1,Video conferencing equipment
Web Front-End,1,1,Web Front-End
Scalable Back-End,1,1,Scalable Back-End
OutSystems Platform,1,1,OutSystems Platform
Industrial Ethernet,1,1,Industrial Ethernet
Profibus,1,1,Profibus
Profinet,1,1,Profinet
IT Security Audits,1,1,IT Security Audits
AWS networking,1,1,AWS networking
AWS security,1,1,AWS security
Web3 integration,1,1,Web3 integration
DevOps collaboration,1,1,DevOps collaboration
Application Pen Testing,1,1,Application Pen Testing
Infrastructure Pen Testing,1,1,Infrastructure Pen Testing
Nessus,1,1,Nessus
Nmap,1,1,Nmap
SQLmap,1,1,SQLmap
Telephony Support,1,1,Telephony Support
E-commerce Order Processing,1,1,E-commerce Order Processing
Product Uploading,1,1,Product Uploading
Marketing Campaign Management,1,1,Marketing Campaign Management
Customer Experience,1,1,Customer Experience
Channel Optimization,1,1,Channel Optimization
Process Hazard Analysis,1,1,Process Hazard Analysis
Functional Safety Engineering,1,1,Functional Safety Engineering
Inherent Safety Design,1,1,Inherent Safety Design
Hazard Management Planning,1,1,Hazard Management Planning
ENVID Review,1,1,ENVID Review
Human Factors Engineering,1,1,Human Factors Engineering
Model Review,1,1,Model Review
Engineering Mentorship,1,1,Engineering Mentorship
Telerik,1,1,Telerik
UiPath Orchestrator,1,1,UiPath Orchestrator
Remote IT support,1,1,Remote IT support
Onboarding offboarding,1,1,Onboarding offboarding
Quote-to-Cash,1,1,Quote-to-Cash
SAP CRM,1,1,SAP CRM
CPQ tooling,1,1,CPQ tooling
Smartsheet,1,1,Smartsheet
DocuSign,1,1,DocuSign
Cloud deal expertise,1,1,Cloud deal expertise
Legal contract validation,1,1,Legal contract validation
Electrical Architecture,1,1,Electrical Architecture
Electronics Architecture,1,1,Electronics Architecture
Wiring Harness Design,1,1,Wiring Harness Design
Electrical Distribution,1,1,Electrical Distribution
Vehicle Launch Process,1,1,Vehicle Launch Process
Harness Routing,1,1,Harness Routing
Layout Design,1,1,Layout Design
Automotive Standards,1,1,Automotive Standards
Microsoft Certified Systems Engineer,1,1,Microsoft Certified Systems Engineer
Request Fulfilment,1,1,Request Fulfilment
Kofax RPA,1,1,Kofax RPA
BPM,1,1,BPM
ASP.NET Web API,1,1,ASP.NET Web API
API Versioning,1,1,API Versioning
Swagger Documentation,1,1,Swagger Documentation
Error Monitoring,1,1,Error Monitoring
VMware vCenter,1,1,VMware vCenter
ESXi Administration,1,1,ESXi Administration
Virtualization Operations,1,1,Virtualization Operations
Shift Handover,1,1,Shift Handover
System Operations,1,1,System Operations
SAP APO DP,1,1,SAP APO DP
SAP APO SNP,1,1,SAP APO SNP
SAP IBP implementation,1,1,SAP IBP implementation
PPDS,1,1,PPDS
CIF integration,1,1,CIF integration
SAP PI,1,1,SAP PI
Demand Planning,1,1,Demand Planning
Supply Planning,1,1,Supply Planning
MRP,1,1,MRP
DRP,1,1,DRP
GATP,1,1,GATP
Solution Manager,1,1,Solution Manager
CCSA,1,1,CCSA
WAN/LAN Configuration,1,1,WAN/LAN Configuration
Cisco NAC,1,1,Cisco NAC
Digital Phone Systems,1,1,Digital Phone Systems
Documentation maintenance,1,1,Documentation maintenance
Call Center Experience,1,1,Call Center Experience
Gulp,1,1,Gulp
WordPress theme development,1,1,WordPress theme development
Advanced Custom Fields,1,1,Advanced Custom Fields
Google Ad Manager,1,1,Google Ad Manager
Component Architecture,1,1,Component Architecture
Bahasa Indonesia,1,1,Bahasa Indonesia
Microsoft Solutions,1,1,Microsoft Solutions
PSADT deployment,1,1,PSADT deployment
Puppet,1,1,Puppet
E‑Commerce Payments,1,1,E‑Commerce Payments
Wrike Project Management,1,1,Wrike Project Management
Sure Step Methodology,1,1,Sure Step Methodology
Object-oriented PHP,1,1,Object-oriented PHP
MxML,1,1,MxML
MxTest automation,1,1,MxTest automation
Exchange workflows,1,1,Exchange workflows
Technical guidance,1,1,Technical guidance
Apple hardware repair,1,1,Apple hardware repair
Jamf device management,1,1,Jamf device management
ACiT certification,1,1,ACiT certification
ACMT certification,1,1,ACMT certification
Device security compliance,1,1,Device security compliance
VoIP troubleshooting,1,1,VoIP troubleshooting
Device provisioning,1,1,Device provisioning
Cross-platform optimization,1,1,Cross-platform optimization
Office 365 Deployment,1,1,Office 365 Deployment
Active Directory GPO,1,1,Active Directory GPO
Application Packaging,1,1,Application Packaging
Digital Workplace,1,1,Digital Workplace
Post-sales Consulting,1,1,Post-sales Consulting
Customer Proposal Development,1,1,Customer Proposal Development
Web server management,1,1,Web server management
Oracle SOA Suite,1,1,Oracle SOA Suite
Integration Architecture Design,1,1,Integration Architecture Design
Health-check Automation,1,1,Health-check Automation
Telecommunications Integration,1,1,Telecommunications Integration
Financial Services Integration,1,1,Financial Services Integration
Microservices Kafka,1,1,Microservices Kafka
Trusted Platform Module,1,1,Trusted Platform Module
TCG X.509 certificates,1,1,TCG X.509 certificates
BIOS development,1,1,BIOS development
SPDM protocol,1,1,SPDM protocol
AS400 RPG,1,1,AS400 RPG
Incident Support,1,1,Incident Support
HarmonyOS Development,1,1,HarmonyOS Development
Unix OS,1,1,Unix OS
IIS web server,1,1,IIS web server
GIS Operations,1,1,GIS Operations
TAOS Systems,1,1,TAOS Systems
Core Insurance Systems,1,1,Core Insurance Systems
High Availability Architecture,1,1,High Availability Architecture
Cybersecurity Best Practices,1,1,Cybersecurity Best Practices
ERP System Administration,1,1,ERP System Administration
System Customization,1,1,System Customization
Semiconductor Manufacturing IT,1,1,Semiconductor Manufacturing IT
Scrum Master Certification,1,1,Scrum Master Certification
Business Analyst Skills,1,1,Business Analyst Skills
Global Team Leadership,1,1,Global Team Leadership
Factory Automation Engineering,1,1,Factory Automation Engineering
Equipment Automation Integration,1,1,Equipment Automation Integration
Legacy System Reengineering,1,1,Legacy System Reengineering
24x7 Operations Support,1,1,24x7 Operations Support
Product Forecasting,1,1,Product Forecasting
Channel Partner Management,1,1,Channel Partner Management
Sales Data Analysis,1,1,Sales Data Analysis
Project Closure,1,1,Project Closure
Composition API,1,1,Composition API
Vuex,1,1,Vuex
Pinia,1,1,Pinia
Component Encapsulation,1,1,Component Encapsulation
Interview Skills,1,1,Interview Skills
Defect Documentation,1,1,Defect Documentation
Financial Domain Knowledge,1,1,Financial Domain Knowledge
CakePHP,1,1,CakePHP
JasperServer,1,1,JasperServer
Salesforce Data Cloud,1,1,Salesforce Data Cloud
Cross-Cloud Integration,1,1,Cross-Cloud Integration
Marketing Cloud Personalization,1,1,Marketing Cloud Personalization
Salesforce Certifications,1,1,Salesforce Certifications
Configuration Management Database,1,1,Configuration Management Database
ITAM Strategy,1,1,ITAM Strategy
Vendor Risk Management,1,1,Vendor Risk Management
Kibana Dashboards,1,1,Kibana Dashboards
CVE Analysis,1,1,CVE Analysis
PC Hardware,1,1,PC Hardware
SAP Product Costing,1,1,SAP Product Costing
SAP Material Ledger,1,1,SAP Material Ledger
Physical Security,1,1,Physical Security
Application Analysis,1,1,Application Analysis
Requirement Tracking,1,1,Requirement Tracking
Content Annotation,1,1,Content Annotation
Translation Skills,1,1,Translation Skills
Transcription Skills,1,1,Transcription Skills
Issue Detection,1,1,Issue Detection
Italian Language,1,1,Italian Language
Change Impact Evaluation,1,1,Change Impact Evaluation
Cloud Solutions Implementation,1,1,Cloud Solutions Implementation
Infrastructure Evaluation,1,1,Infrastructure Evaluation
Pandas (Python),1,1,Pandas (Python)
ADP system,1,1,ADP system
Japanese N1,1,1,Japanese N1
Data cleanup,1,1,Data cleanup
IT Hardware,1,1,IT Hardware
Demo Delivery,1,1,Demo Delivery
Emerging technologies,1,1,Emerging technologies
Office 365 Suite,1,1,Office 365 Suite
Veeam Backup O365,1,1,Veeam Backup O365
Looker Studio,1,1,Looker Studio
Quotation Preparation,1,1,Quotation Preparation
ISO 14001 Compliance,1,1,ISO 14001 Compliance
Customer Complaint Handling,1,1,Customer Complaint Handling
Payment Collection,1,1,Payment Collection
Fire Safety Regulations,1,1,Fire Safety Regulations
Fire Certificate Processing,1,1,Fire Certificate Processing
Technician Assessment,1,1,Technician Assessment
Fire Suppression Design,1,1,Fire Suppression Design
Fire Equipment Installation,1,1,Fire Equipment Installation
Bomba Licensing,1,1,Bomba Licensing
Telesales,1,1,Telesales
Order Processing,1,1,Order Processing
Mobile UI/UX Collaboration,1,1,Mobile UI/UX Collaboration
C# web development,1,1,C# web development
Reporting visualization,1,1,Reporting visualization
LES operation,1,1,LES operation
WMS maintenance,1,1,WMS maintenance
IT planning,1,1,IT planning
Communication coordination,1,1,Communication coordination
Automotive IT,1,1,Automotive IT
Prosci ADKAR,1,1,Prosci ADKAR
Communication Planning,1,1,Communication Planning
Organizational Change,1,1,Organizational Change
Patience,1,1,Patience
OS Patch Management,1,1,OS Patch Management
Retail System Support,1,1,Retail System Support
Batch Monitoring,1,1,Batch Monitoring
Managed File Transfer,1,1,Managed File Transfer
FortiGate,1,1,FortiGate
Palo Alto Networks,1,1,Palo Alto Networks
Cisco Security,1,1,Cisco Security
Trend Micro,1,1,Trend Micro
Multi-language Communication,1,1,Multi-language Communication
Scalable systems,1,1,Scalable systems
Data Consolidation,1,1,Data Consolidation
WAV Editing,1,1,WAV Editing
Sound Design Principles,1,1,Sound Design Principles
Audio Quality Assurance,1,1,Audio Quality Assurance
Gaming Audio Knowledge,1,1,Gaming Audio Knowledge
Incident Escalation Management,1,1,Incident Escalation Management
Portal Management,1,1,Portal Management
Policy Documentation,1,1,Policy Documentation
Premium Billing,1,1,Premium Billing
Investigative Skills,1,1,Investigative Skills
Shift Flexibility,1,1,Shift Flexibility
Compliance Adherence,1,1,Compliance Adherence
SAP IRPA,1,1,SAP IRPA
Full-cycle implementation,1,1,Full-cycle implementation
Project Risk Management,1,1,Project Risk Management
Appium Mobile Testing,1,1,Appium Mobile Testing
Advanced C++ Programming,1,1,Advanced C++ Programming
Vulkan API,1,1,Vulkan API
Direct3D 12,1,1,Direct3D 12
Real-time Ray Tracing,1,1,Real-time Ray Tracing
Entity Component System,1,1,Entity Component System
SIMD Optimization,1,1,SIMD Optimization
AI Pathfinding,1,1,AI Pathfinding
Audio DSP,1,1,Audio DSP
Template Metaprogramming,1,1,Template Metaprogramming
GPU Profiling,1,1,GPU Profiling
Ethernet/IP protocol,1,1,Ethernet/IP protocol
Profinet protocol,1,1,Profinet protocol
Modbus TCP,1,1,Modbus TCP
Cloud networking AWS,1,1,Cloud networking AWS
Network monitoring SolarWinds,1,1,Network monitoring SolarWinds
Azure Kubernetes Service,1,1,Azure Kubernetes Service
YAML pipelines,1,1,YAML pipelines
Azure App Service,1,1,Azure App Service
Azure Key Vault,1,1,Azure Key Vault
Blade Templating,1,1,Blade Templating
Product Presentation,1,1,Product Presentation
Sales Engineering,1,1,Sales Engineering
Quotation Management,1,1,Quotation Management
Robotics Automation,1,1,Robotics Automation
Bahasa Malaysia Communication,1,1,Bahasa Malaysia Communication
Dockerfile,1,1,Dockerfile
VMware ESX,1,1,VMware ESX
Payment Gateway APIs,1,1,Payment Gateway APIs
Hardware Security Module,1,1,Hardware Security Module
Data quality checks,1,1,Data quality checks
SAP UI5,1,1,SAP UI5
Object Oriented ABAP,1,1,Object Oriented ABAP
SLT Integration,1,1,SLT Integration
Cloud Foundry,1,1,Cloud Foundry
SAP Cloud Platform,1,1,SAP Cloud Platform
S/4HANA On-Premise,1,1,S/4HANA On-Premise
Microsoft Teams Collaboration,1,1,Microsoft Teams Collaboration
AWS Solution Architecture,1,1,AWS Solution Architecture
Azure Solution Architecture,1,1,Azure Solution Architecture
Cloud Pre-sales,1,1,Cloud Pre-sales
Network Load Balancing,1,1,Network Load Balancing
SSL/TLS Configuration,1,1,SSL/TLS Configuration
Wireless Access Point Setup,1,1,Wireless Access Point Setup
IPSec VPN Configuration,1,1,IPSec VPN Configuration
Fingerprint Scanner Integration,1,1,Fingerprint Scanner Integration
Digital Kiosk Management,1,1,Digital Kiosk Management
IT Equipment Configuration,1,1,IT Equipment Configuration
LESS/SCSS,1,1,LESS/SCSS
Hardware Assembly,1,1,Hardware Assembly
Schematics Interpretation,1,1,Schematics Interpretation
Component Procurement,1,1,Component Procurement
Computer Hardware,1,1,Computer Hardware
Mobile Software Testing,1,1,Mobile Software Testing
Field Test Execution,1,1,Field Test Execution
QXDM Tool,1,1,QXDM Tool
QPST Tool,1,1,QPST Tool
Telecommunication Testing,1,1,Telecommunication Testing
Network Parameter Analysis,1,1,Network Parameter Analysis
OS Function Testing,1,1,OS Function Testing
Bug Detection,1,1,Bug Detection
Malay Communication,1,1,Malay Communication
TOGAF Certification,1,1,TOGAF Certification
Portfolio Demand Management,1,1,Portfolio Demand Management
L7 Firewall,1,1,L7 Firewall
VPN Services,1,1,VPN Services
Zend2 framework,1,1,Zend2 framework
SuiteCRM integration,1,1,SuiteCRM integration
ProcessMaker workflow,1,1,ProcessMaker workflow
MERN mobile development,1,1,MERN mobile development
UEBA analysis,1,1,UEBA analysis
Windows system administration,1,1,Windows system administration
DLP solutions,1,1,DLP solutions
Oracle Finance,1,1,Oracle Finance
AR/AP Settlement,1,1,AR/AP Settlement
Accounting System Design,1,1,Accounting System Design
Tax System Implementation,1,1,Tax System Implementation
Treasury Management,1,1,Treasury Management
OTC Process Knowledge,1,1,OTC Process Knowledge
PTP Process Knowledge,1,1,PTP Process Knowledge
RTR Process Knowledge,1,1,RTR Process Knowledge
ERP Application Support,1,1,ERP Application Support
Issue Diagnosis,1,1,Issue Diagnosis
IoT Security,1,1,IoT Security
Ticket Monitoring,1,1,Ticket Monitoring
24x7 Shift Support,1,1,24x7 Shift Support
Call Management System,1,1,Call Management System
Quality Reporting,1,1,Quality Reporting
Mercurial,1,1,Mercurial
Audit Liaison,1,1,Audit Liaison
Enterprise Pricing Systems,1,1,Enterprise Pricing Systems
Carbon Footprint Management,1,1,Carbon Footprint Management
Low-level programming,1,1,Low-level programming
High-performance coding,1,1,High-performance coding
Build systems,1,1,Build systems
Microwave Network Planning,1,1,Microwave Network Planning
Link Budget Analysis,1,1,Link Budget Analysis
Frequency Assignment,1,1,Frequency Assignment
Transmission Capacity Planning,1,1,Transmission Capacity Planning
Network Topology Design,1,1,Network Topology Design
DCN Planning,1,1,DCN Planning
Synchronization Planning,1,1,Synchronization Planning
BOQ Preparation,1,1,BOQ Preparation
Path-LOS Tool,1,1,Path-LOS Tool
Ethernet Service Planning,1,1,Ethernet Service Planning
Project Delivery Management,1,1,Project Delivery Management
Technical Proposal Review,1,1,Technical Proposal Review
Survey Report Validation,1,1,Survey Report Validation
Agile Transformation,1,1,Agile Transformation
Scrum Coaching,1,1,Scrum Coaching
Agile Metrics,1,1,Agile Metrics
Lean Practices,1,1,Lean Practices
SAFe Framework,1,1,SAFe Framework
Content Creation,1,1,Content Creation
Business Forecasting,1,1,Business Forecasting
Financial Systems Implementation,1,1,Financial Systems Implementation
Requirement Prototyping,1,1,Requirement Prototyping
UI Coordination,1,1,UI Coordination
Financial Product Knowledge,1,1,Financial Product Knowledge
NetSuite SuiteScript,1,1,NetSuite SuiteScript
Java Applets,1,1,Java Applets
Enterprise Development,1,1,Enterprise Development
Web Programming,1,1,Web Programming
Desktop Application Support,1,1,Desktop Application Support
Team Delegation,1,1,Team Delegation
NIST Standards,1,1,NIST Standards
Requirement Definition,1,1,Requirement Definition
Template Development,1,1,Template Development
Release Documentation,1,1,Release Documentation
Web Architecture,1,1,Web Architecture
Test procedures,1,1,Test procedures
Site testing,1,1,Site testing
Commissioning activities,1,1,Commissioning activities
Rail telecommunications,1,1,Rail telecommunications
Brownfield project delivery,1,1,Brownfield project delivery
Technical networking,1,1,Technical networking
Monitoring and Observability,1,1,Monitoring and Observability
SPA development,1,1,SPA development
ThinkPHP,1,1,ThinkPHP
EmpireCMS,1,1,EmpireCMS
Generative AI prompting,1,1,Generative AI prompting
Chain of Thought,1,1,Chain of Thought
Self-Ask Chains,1,1,Self-Ask Chains
PKI Administration,1,1,PKI Administration
Security Policy Tuning,1,1,Security Policy Tuning
CSIRT Coordination,1,1,CSIRT Coordination
Technical Scheduling,1,1,Technical Scheduling
Metrology Engineering,1,1,Metrology Engineering
Hardware Integration,1,1,Hardware Integration
Test Measurement,1,1,Test Measurement
Recruiting Processes,1,1,Recruiting Processes
Project Communication,1,1,Project Communication
Testing and Validation,1,1,Testing and Validation
Android APK Development,1,1,Android APK Development
TV Middleware,1,1,TV Middleware
HDMI CEC,1,1,HDMI CEC
Set-top Box,1,1,Set-top Box
ATSC 3.0,1,1,ATSC 3.0
HbbTV,1,1,HbbTV
Scaler Debugging,1,1,Scaler Debugging
Network Firewall,1,1,Network Firewall
Reverse Proxy,1,1,Reverse Proxy
Data Archival,1,1,Data Archival
Elixir,1,1,Elixir
Infrastructure Project Management,1,1,Infrastructure Project Management
Vendor Registration,1,1,Vendor Registration
Workflow Controls,1,1,Workflow Controls
Java Spark,1,1,Java Spark
Cassandra DB,1,1,Cassandra DB
AWS Redshift,1,1,AWS Redshift
z/OS Mainframe,1,1,z/OS Mainframe
CICS Transaction,1,1,CICS Transaction
JCL Scripting,1,1,JCL Scripting
VSAM Files,1,1,VSAM Files
REXX Scripting,1,1,REXX Scripting
Easytrieve Reporting,1,1,Easytrieve Reporting
SOAR integration,1,1,SOAR integration
NDR monitoring,1,1,NDR monitoring
Regular expression scripting,1,1,Regular expression scripting
Security policy review,1,1,Security policy review
FortiProxy administration,1,1,FortiProxy administration
Web proxy configuration,1,1,Web proxy configuration
SSL interception,1,1,SSL interception
FortiGate configuration,1,1,FortiGate configuration
Active Directory authentication,1,1,Active Directory authentication
ServiceNow incident handling,1,1,ServiceNow incident handling
Cisco router operation,1,1,Cisco router operation
High availability infrastructure,1,1,High availability infrastructure
PMO Experience,1,1,PMO Experience
Leadership Potential,1,1,Leadership Potential
Data Privacy Impact Assessment,1,1,Data Privacy Impact Assessment
OneTrust platform,1,1,OneTrust platform
Privacy Program Management,1,1,Privacy Program Management
Data Subject Rights handling,1,1,Data Subject Rights handling
Data Breach Response,1,1,Data Breach Response
Audit facilitation,1,1,Audit facilitation
MS Office advanced,1,1,MS Office advanced
ELV Project Management,1,1,ELV Project Management
Supplier Management,1,1,Supplier Management
Audit methodology,1,1,Audit methodology
Internal controls,1,1,Internal controls
Compliance plan development,1,1,Compliance plan development
SOC1 Review,1,1,SOC1 Review
SOC2 Review,1,1,SOC2 Review
COSO Framework,1,1,COSO Framework
Third-Party Audit,1,1,Third-Party Audit
SQL Oracle,1,1,SQL Oracle
Web UI Design,1,1,Web UI Design
Security Operations Centre,1,1,Security Operations Centre
Digital Roadmap Implementation,1,1,Digital Roadmap Implementation
Well Completion,1,1,Well Completion
Software Simulation,1,1,Software Simulation
Licensed Engineer,1,1,Licensed Engineer
NHibernate,1,1,NHibernate
IP phone management,1,1,IP phone management
PRINCE2,1,1,PRINCE2
IT Security Maintenance,1,1,IT Security Maintenance
Timeline Development,1,1,Timeline Development
Tibero Database,1,1,Tibero Database
Database Clustering,1,1,Database Clustering
Cisco Switches,1,1,Cisco Switches
Laptop troubleshooting,1,1,Laptop troubleshooting
Network connectivity,1,1,Network connectivity
IT asset audit,1,1,IT asset audit
Debugging and Troubleshooting,1,1,Debugging and Troubleshooting
Kerberos Authentication,1,1,Kerberos Authentication
Access Control Review,1,1,Access Control Review
Log Monitoring,1,1,Log Monitoring
Identity Governance,1,1,Identity Governance
Database Backup & Recovery,1,1,Database Backup & Recovery
AWS Cloud Database,1,1,AWS Cloud Database
GCP Cloud Database,1,1,GCP Cloud Database
SAP Master Data,1,1,SAP Master Data
Material Master,1,1,Material Master
Routings Management,1,1,Routings Management
Winshuttle Scripting,1,1,Winshuttle Scripting
Agile Point,1,1,Agile Point
Motion controller integration,1,1,Motion controller integration
Equipment control systems,1,1,Equipment control systems
SEMI standards,1,1,SEMI standards
Schematic analysis,1,1,Schematic analysis
C# scripting,1,1,C# scripting
PlayCanvas,1,1,PlayCanvas
Spark AR,1,1,Spark AR
Effect House,1,1,Effect House
AR/VR development,1,1,AR/VR development
SRS Documentation,1,1,SRS Documentation
SharePoint 2013,1,1,SharePoint 2013
Windows Workflow Foundation,1,1,Windows Workflow Foundation
InfoPath Forms,1,1,InfoPath Forms
FMEA Analysis,1,1,FMEA Analysis
Automation Engineering,1,1,Automation Engineering
Field Engineering,1,1,Field Engineering
Tetra Radio,1,1,Tetra Radio
GSM Protocol,1,1,GSM Protocol
ICT Integration,1,1,ICT Integration
Energy Industry Knowledge,1,1,Energy Industry Knowledge
Netflix OSS,1,1,Netflix OSS
Mobile programming,1,1,Mobile programming
Flowchart Design,1,1,Flowchart Design
Windows Communication Foundation,1,1,Windows Communication Foundation
Model View Controller,1,1,Model View Controller
FortiManager,1,1,FortiManager
FortiAnalyzer,1,1,FortiAnalyzer
FortiGuard SOCaaS,1,1,FortiGuard SOCaaS
NGFW,1,1,NGFW
Sketching,1,1,Sketching
SolidWorks,1,1,SolidWorks
Pro/ENGINEER,1,1,Pro/ENGINEER
Rhino 3D,1,1,Rhino 3D
Adobe After Effects,1,1,Adobe After Effects
Human Factors Research,1,1,Human Factors Research
Industrial Design,1,1,Industrial Design
Design for Manufacturing,1,1,Design for Manufacturing
Storyboarding,1,1,Storyboarding
Quality metrics reporting,1,1,Quality metrics reporting
Software QA processes,1,1,Software QA processes
Performance evaluation,1,1,Performance evaluation
Event-Driven Design,1,1,Event-Driven Design
Swift FIN Protocol,1,1,Swift FIN Protocol
Product Integration,1,1,Product Integration
Transaction Monitoring,1,1,Transaction Monitoring
Billing Reconciliation,1,1,Billing Reconciliation
Data Storage Management,1,1,Data Storage Management
ICT Project Delivery,1,1,ICT Project Delivery
Multi-cultural Team Leadership,1,1,Multi-cultural Team Leadership
Data Center Integration,1,1,Data Center Integration
Smart City Solutions,1,1,Smart City Solutions
Delivery Assurance,1,1,Delivery Assurance
Business Capability Mapping,1,1,Business Capability Mapping
Elastic Beanstalk,1,1,Elastic Beanstalk
PMI Certification,1,1,PMI Certification
Sarbanes-Oxley Compliance,1,1,Sarbanes-Oxley Compliance
LAN/WAN Configuration,1,1,LAN/WAN Configuration
IP Network Configuration,1,1,IP Network Configuration
Apache HTTPD,1,1,Apache HTTPD
Tomcat Administration,1,1,Tomcat Administration
Unix/Linux Admin,1,1,Unix/Linux Admin
Windows Admin,1,1,Windows Admin
Spring Java,1,1,Spring Java
JavaScript AJAX,1,1,JavaScript AJAX
Flutter Dart,1,1,Flutter Dart
VPN tunneling,1,1,VPN tunneling
Network design software,1,1,Network design software
Ruckus networking,1,1,Ruckus networking
High-density Wi‑Fi,1,1,High-density Wi‑Fi
IPTV networking,1,1,IPTV networking
Cloud controller management,1,1,Cloud controller management
DNS/DHCP services,1,1,DNS/DHCP services
Heat mapping,1,1,Heat mapping
Microsoft Dynamics 365 CE,1,1,Microsoft Dynamics 365 CE
Dataverse,1,1,Dataverse
Service Level Reporting,1,1,Service Level Reporting
Shipping Logistics,1,1,Shipping Logistics
SAP Cloud ALM,1,1,SAP Cloud ALM
ERP Process Knowledge,1,1,ERP Process Knowledge
Automation RPA,1,1,Automation RPA
Lucidchart tool,1,1,Lucidchart tool
Mentoring junior staff,1,1,Mentoring junior staff
Intrusion Prevention System,1,1,Intrusion Prevention System
Security Incident Troubleshooting,1,1,Security Incident Troubleshooting
Network Security Assessment,1,1,Network Security Assessment
Application Security Assessment,1,1,Application Security Assessment
System Security Assessment,1,1,System Security Assessment
Technical Report Writing,1,1,Technical Report Writing
JDE/MTech,1,1,JDE/MTech
Load Balancer Management,1,1,Load Balancer Management
AWS Cloud Networking,1,1,AWS Cloud Networking
Azure Cloud Networking,1,1,Azure Cloud Networking
Azure Storage Explorer,1,1,Azure Storage Explorer
Service Governance,1,1,Service Governance
Service Activation,1,1,Service Activation
ITIL Process,1,1,ITIL Process
Git Management,1,1,Git Management
Gadget repair,1,1,Gadget repair
Mathematical analysis,1,1,Mathematical analysis
Component fabrication,1,1,Component fabrication
Test equipment operation,1,1,Test equipment operation
Repair manual reading,1,1,Repair manual reading
Customer liaison,1,1,Customer liaison
VAT compliance,1,1,VAT compliance
IFRS reporting,1,1,IFRS reporting
Tax risk management,1,1,Tax risk management
Cash forecasting,1,1,Cash forecasting
Loan covenant monitoring,1,1,Loan covenant monitoring
Bank relationship management,1,1,Bank relationship management
Financial risk mitigation,1,1,Financial risk mitigation
Currency risk management,1,1,Currency risk management
Interest rate risk management,1,1,Interest rate risk management
Tax law expertise,1,1,Tax law expertise
Mobile Product Development,1,1,Mobile Product Development
Release Planning,1,1,Release Planning
Build vs Buy,1,1,Build vs Buy
IT Cost Optimization,1,1,IT Cost Optimization
Compliance Architecture,1,1,Compliance Architecture
WAN connectivity,1,1,WAN connectivity
Aruba SDWAN,1,1,Aruba SDWAN
Architectural modeling,1,1,Architectural modeling
ISO 27002,1,1,ISO 27002
Red Team Exercises,1,1,Red Team Exercises
Information Governance,1,1,Information Governance
PDPA Compliance,1,1,PDPA Compliance
Java Card,1,1,Java Card
Smartcard Development,1,1,Smartcard Development
LAN/Wireless networking,1,1,LAN/Wireless networking
ERP Globe 3,1,1,ERP Globe 3
IT inventory control,1,1,IT inventory control
Elastic,1,1,Elastic
Regex,1,1,Regex
Shopify Development,1,1,Shopify Development
Twig,1,1,Twig
HTML5/CSS,1,1,HTML5/CSS
Azure Data Services,1,1,Azure Data Services
Redis Administration,1,1,Redis Administration
LS Retail,1,1,LS Retail
Application Configuration,1,1,Application Configuration
Server technologies,1,1,Server technologies
Vietnamese communication,1,1,Vietnamese communication
Infor SyteLine,1,1,Infor SyteLine
Cross-cultural Leadership,1,1,Cross-cultural Leadership
Multi-site Rollout,1,1,Multi-site Rollout
Global Matrix Coordination,1,1,Global Matrix Coordination
Financial Forecasting,1,1,Financial Forecasting
Project Cost Control,1,1,Project Cost Control
Supplier Selection,1,1,Supplier Selection
Investment Analysis,1,1,Investment Analysis
Earned Value Management,1,1,Earned Value Management
Excel Modeling,1,1,Excel Modeling
Security Vulnerability Assessment,1,1,Security Vulnerability Assessment
Debian Linux,1,1,Debian Linux
Marketing Campaigns,1,1,Marketing Campaigns
Customer Follow-up,1,1,Customer Follow-up
IT System Configuration,1,1,IT System Configuration
Online Marketing,1,1,Online Marketing
IT Security Policies,1,1,IT Security Policies
Commercial Acumen,1,1,Commercial Acumen
Feature Prioritization,1,1,Feature Prioritization
Critical Manufacturing MES,1,1,Critical Manufacturing MES
C#.NET,1,1,C#.NET
Tibco,1,1,Tibco
IIBA ECBA,1,1,IIBA ECBA
Entity Relationship Diagram,1,1,Entity Relationship Diagram
Access Rights Management,1,1,Access Rights Management
vSAN,1,1,vSAN
HP OneView,1,1,HP OneView
Cisco Intersight,1,1,Cisco Intersight
Cisco CIMC,1,1,Cisco CIMC
ESXi patching,1,1,ESXi patching
Lifecycle Manager,1,1,Lifecycle Manager
HPE servers,1,1,HPE servers
IT Hardware Diagnostics,1,1,IT Hardware Diagnostics
Go-live Planning,1,1,Go-live Planning
English Mandarin Bilingual,1,1,English Mandarin Bilingual
Insurance Portal Knowledge,1,1,Insurance Portal Knowledge
Desktop Configuration,1,1,Desktop Configuration
Memory Optimization,1,1,Memory Optimization
Crash Analysis,1,1,Crash Analysis
Adobe Campaign,1,1,Adobe Campaign
Perforce SCM,1,1,Perforce SCM
Unreal Engine build,1,1,Unreal Engine build
Console build pipelines,1,1,Console build pipelines
LiveOps tools,1,1,LiveOps tools
Junior mentorship,1,1,Junior mentorship
Game flow analysis,1,1,Game flow analysis
Tool development,1,1,Tool development
Thymeleaf templating,1,1,Thymeleaf templating
Equipment commissioning,1,1,Equipment commissioning
Equipment repair,1,1,Equipment repair
Re-certification,1,1,Re-certification
PHP 7,1,1,PHP 7
GitHub Versioning,1,1,GitHub Versioning
Next-Gen Firewall,1,1,Next-Gen Firewall
Micro-segmentation,1,1,Micro-segmentation
PKI,1,1,PKI
SAP BW/4HANA,1,1,SAP BW/4HANA
BusinessObjects WebI,1,1,BusinessObjects WebI
SAP SD/MM,1,1,SAP SD/MM
Eclipse BW Perspective,1,1,Eclipse BW Perspective
DWDM,1,1,DWDM
OTN,1,1,OTN
Optical Transport,1,1,Optical Transport
e-OTDR Monitoring,1,1,e-OTDR Monitoring
Network Management System,1,1,Network Management System
Service Provisioning,1,1,Service Provisioning
Trouble Ticket Management,1,1,Trouble Ticket Management
Titanium Framework,1,1,Titanium Framework
Telecom Knowledge,1,1,Telecom Knowledge
Site Deployment,1,1,Site Deployment
Executive Reporting,1,1,Executive Reporting
Firewall Implementation,1,1,Firewall Implementation
Fortinet,1,1,Fortinet
MM Integration,1,1,MM Integration
SD Integration,1,1,SD Integration
Asset Accounting,1,1,Asset Accounting
Cost Center Accounting,1,1,Cost Center Accounting
Database,1,1,Database
Vision Systems,1,1,Vision Systems
IO Control,1,1,IO Control
Semiconductor Experience,1,1,Semiconductor Experience
Service Catalogue,1,1,Service Catalogue
Knowledge Sharing,1,1,Knowledge Sharing
SAP WMS,1,1,SAP WMS
AutoML,1,1,AutoML
ChatGPT integration,1,1,ChatGPT integration
LAN Administration,1,1,LAN Administration
CPE Installation,1,1,CPE Installation
Connectivity Troubleshooting,1,1,Connectivity Troubleshooting
Customer Upselling,1,1,Customer Upselling
CA1C Certification,1,1,CA1C Certification
CA2C Certification,1,1,CA2C Certification
CFOT Certification,1,1,CFOT Certification
Site Visit Coordination,1,1,Site Visit Coordination
HVAC Systems,1,1,HVAC Systems
Contractor Coordination,1,1,Contractor Coordination
DNS/DHCP,1,1,DNS/DHCP
NetSuite ERP,1,1,NetSuite ERP
Testing Deployment,1,1,Testing Deployment
Bluecoat Proxy,1,1,Bluecoat Proxy
Pulse Secure VPN,1,1,Pulse Secure VPN
Network Auditing,1,1,Network Auditing
Service Improvement Roadmap,1,1,Service Improvement Roadmap
Data Modelling,1,1,Data Modelling
Logging & Monitoring,1,1,Logging & Monitoring
Peer Review,1,1,Peer Review
VoIP administration,1,1,VoIP administration
Aruba solutions,1,1,Aruba solutions
Cisco Meraki,1,1,Cisco Meraki
Component Communication,1,1,Component Communication
Code Standards,1,1,Code Standards
SIBS CIF,1,1,SIBS CIF
SIBS Deposit,1,1,SIBS Deposit
SIBS Loan,1,1,SIBS Loan
SDLC Implementation,1,1,SDLC Implementation
Scalability Optimization,1,1,Scalability Optimization
SAP Project Implementation,1,1,SAP Project Implementation
CMDB,1,1,CMDB
Business Application Management,1,1,Business Application Management
Server Mapping,1,1,Server Mapping
Common Service Data Model,1,1,Common Service Data Model
MS Teams,1,1,MS Teams
Riverbed Optimization,1,1,Riverbed Optimization
Network Architecture Design,1,1,Network Architecture Design
CSV Compliance,1,1,CSV Compliance
Telecommunication Systems,1,1,Telecommunication Systems
OAuth2 Security,1,1,OAuth2 Security
NetSuite,1,1,NetSuite
CRM Documentation,1,1,CRM Documentation
Clinical Laboratory Knowledge,1,1,Clinical Laboratory Knowledge
IT Proficiency,1,1,IT Proficiency
Cloudflare Configuration,1,1,Cloudflare Configuration
Encryption,1,1,Encryption
Big Data Handling,1,1,Big Data Handling
xAAS,1,1,xAAS
Relationship Management,1,1,Relationship Management
B2B SaaS Sales,1,1,B2B SaaS Sales
Cloud Software Selling,1,1,Cloud Software Selling
Cross-selling & Upselling,1,1,Cross-selling & Upselling
Enterprise Account Management,1,1,Enterprise Account Management
POS System Configuration,1,1,POS System Configuration
macOS Configuration,1,1,macOS Configuration
iOS/Android Support,1,1,iOS/Android Support
Network Router Configuration,1,1,Network Router Configuration
Test Data Preparation,1,1,Test Data Preparation
MS Word,1,1,MS Word
VB scripting,1,1,VB scripting
Modbus communication,1,1,Modbus communication
Profinet networking,1,1,Profinet networking
SCADA system design,1,1,SCADA system design
Embedded software testing,1,1,Embedded software testing
Browser testing,1,1,Browser testing
Database validation,1,1,Database validation
BDD testing,1,1,BDD testing
TDD testing,1,1,TDD testing
PractiTest tool,1,1,PractiTest tool
Veeva Vault,1,1,Veeva Vault
Veeva Platform Administration,1,1,Veeva Platform Administration
Regulatory Validation,1,1,Regulatory Validation
SME Collaboration,1,1,SME Collaboration
Life Sciences Knowledge,1,1,Life Sciences Knowledge
Programme Management,1,1,Programme Management
Operational Readiness,1,1,Operational Readiness
Technical Problem Solving,1,1,Technical Problem Solving
GitHub CI/CD,1,1,GitHub CI/CD
SDWAN Deployment,1,1,SDWAN Deployment
Firewall Virtualization,1,1,Firewall Virtualization
VPN Concentrator,1,1,VPN Concentrator
DMVPN,1,1,DMVPN
Complex Event Processing,1,1,Complex Event Processing
Cloud Implementation,1,1,Cloud Implementation
Decision Management,1,1,Decision Management
High-Volume Transactions,1,1,High-Volume Transactions
OpenID Connect,1,1,OpenID Connect
SSO,1,1,SSO
ISO Document Control,1,1,ISO Document Control
Web Application Customization,1,1,Web Application Customization
Deposit product expertise,1,1,Deposit product expertise
Loan underwriting,1,1,Loan underwriting
Core banking platforms,1,1,Core banking platforms
Consulting leadership,1,1,Consulting leadership
IaaS Troubleshooting,1,1,IaaS Troubleshooting
PaaS Support,1,1,PaaS Support
Customer Success,1,1,Customer Success
AWS Certification,1,1,AWS Certification
Azure Certification,1,1,Azure Certification
GCP Certification,1,1,GCP Certification
Resource Provisioning,1,1,Resource Provisioning
Relational Database Management,1,1,Relational Database Management
Software Development Optimization,1,1,Software Development Optimization
Azure Entra ID,1,1,Azure Entra ID
ADFS,1,1,ADFS
Entra Connect,1,1,Entra Connect
AGPM,1,1,AGPM
Windows LAPS,1,1,Windows LAPS
SCOM Monitoring,1,1,SCOM Monitoring
Zalenium,1,1,Zalenium
Component Integration Testing,1,1,Component Integration Testing
IT systems administration,1,1,IT systems administration
User Security,1,1,User Security
Procurement Applications,1,1,Procurement Applications
Coupa,1,1,Coupa
Ivalua,1,1,Ivalua
Cutover Migration,1,1,Cutover Migration
Supplier Lifecycle Management,1,1,Supplier Lifecycle Management
DB2/400,1,1,DB2/400
Remedy Workflow,1,1,Remedy Workflow
MIS Reporting,1,1,MIS Reporting
Payroll Software Sales,1,1,Payroll Software Sales
HR Solutions Marketing,1,1,HR Solutions Marketing
Rails 7,1,1,Rails 7
RSpec,1,1,RSpec
Throttling,1,1,Throttling
HRMS support,1,1,HRMS support
Process Flow Design,1,1,Process Flow Design
Securities Trading Knowledge,1,1,Securities Trading Knowledge
FDA compliance,1,1,FDA compliance
Salesforce CPQ,1,1,Salesforce CPQ
Salesforce Billing,1,1,Salesforce Billing
Integration Services,1,1,Integration Services
TippingPoint IPS,1,1,TippingPoint IPS
F5 WAF,1,1,F5 WAF
24/7 technical support,1,1,24/7 technical support
Linux Familiarity,1,1,Linux Familiarity
Defect Analysis,1,1,Defect Analysis
CMake build,1,1,CMake build
Shared memory,1,1,Shared memory
Report Analysis,1,1,Report Analysis
Strategic Insights,1,1,Strategic Insights
Customer Journey Mapping,1,1,Customer Journey Mapping
Stakeholder Analysis,1,1,Stakeholder Analysis
Wireless AP setup,1,1,Wireless AP setup
Copier repair,1,1,Copier repair
Multifunction printer maintenance,1,1,Multifunction printer maintenance
Custom Theme Development,1,1,Custom Theme Development
AJAX Requests,1,1,AJAX Requests
ACE12,1,1,ACE12
Swagger,1,1,Swagger
Red Hat Fuse,1,1,Red Hat Fuse
Enterprise Service Bus,1,1,Enterprise Service Bus
Magento CMS,1,1,Magento CMS
AS/SET programming,1,1,AS/SET programming
SIT/UAT Testing,1,1,SIT/UAT Testing
System Health Monitoring,1,1,System Health Monitoring
BO Transport Jobs,1,1,BO Transport Jobs
Reporting Troubleshooting,1,1,Reporting Troubleshooting
Liaison Coordination,1,1,Liaison Coordination
Call Center Support,1,1,Call Center Support
Web/Mobile Application Support,1,1,Web/Mobile Application Support
Protocol Analyzer Development,1,1,Protocol Analyzer Development
Kernel Development,1,1,Kernel Development
OS-Independent Applications,1,1,OS-Independent Applications
High-Speed Board Design,1,1,High-Speed Board Design
Intune Management,1,1,Intune Management
Nutanix Hypervisor,1,1,Nutanix Hypervisor
IT Recruitment,1,1,IT Recruitment
Management Reporting,1,1,Management Reporting
SharePoint support,1,1,SharePoint support
WiFi access point setup,1,1,WiFi access point setup
JDE Knowledge,1,1,JDE Knowledge
eCommerce catalogue management,1,1,eCommerce catalogue management
Product data analysis,1,1,Product data analysis
CPQ configuration,1,1,CPQ configuration
eProcurement integration,1,1,eProcurement integration
Quality assurance auditing,1,1,Quality assurance auditing
SIP trunking,1,1,SIP trunking
VoIP protocols,1,1,VoIP protocols
SS7/ISUP,1,1,SS7/ISUP
RTP streaming,1,1,RTP streaming
MGCP protocol,1,1,MGCP protocol
Splunk monitoring,1,1,Splunk monitoring
VoLTE support,1,1,VoLTE support
STIR/SHAKEN,1,1,STIR/SHAKEN
FreeSWITCH server,1,1,FreeSWITCH server
MS Teams integration,1,1,MS Teams integration
Telecom standards,1,1,Telecom standards
Calibration Management,1,1,Calibration Management
Agile QA,1,1,Agile QA
Firmware Testing,1,1,Firmware Testing
Subscriber database management,1,1,Subscriber database management
Microsoft Access,1,1,Microsoft Access
Distribution logistics,1,1,Distribution logistics
Label formatting,1,1,Label formatting
Subscription order processing,1,1,Subscription order processing
Market segmentation analysis,1,1,Market segmentation analysis
Cost tracking,1,1,Cost tracking
Workflow coordination,1,1,Workflow coordination
LAN Management,1,1,LAN Management
ERP Training,1,1,ERP Training
Oracle Exadata,1,1,Oracle Exadata
Exadata Cloud,1,1,Exadata Cloud
Amazon RDS,1,1,Amazon RDS
Digital Workplace Architecture,1,1,Digital Workplace Architecture
GSM Core Networks,1,1,GSM Core Networks
RPA UiPath,1,1,RPA UiPath
Help Desk Documentation,1,1,Help Desk Documentation
Strapi CMS,1,1,Strapi CMS
Vercel Hosting,1,1,Vercel Hosting
Internationalisation Support,1,1,Internationalisation Support
Finance Domain Knowledge,1,1,Finance Domain Knowledge
Budget Variance Analysis,1,1,Budget Variance Analysis
IT Infrastructure Procurement,1,1,IT Infrastructure Procurement
Dashboard Monitoring,1,1,Dashboard Monitoring
Smartphone support,1,1,Smartphone support
POS System Management,1,1,POS System Management
CCTV Troubleshooting,1,1,CCTV Troubleshooting
NFT integration,1,1,NFT integration
API debugging,1,1,API debugging
Team mentorship,1,1,Team mentorship
Industrial IoT,1,1,Industrial IoT
Azure Boards,1,1,Azure Boards
GTest,1,1,GTest
Software Test Methodologies,1,1,Software Test Methodologies
Financial Software Testing,1,1,Financial Software Testing
CloudWatch Monitoring,1,1,CloudWatch Monitoring
CloudTrail Logging,1,1,CloudTrail Logging
Cookie Management,1,1,Cookie Management
Data Privacy,1,1,Data Privacy
Consent Management,1,1,Consent Management
Privacy Policy Drafting,1,1,Privacy Policy Drafting
ECS,1,1,ECS
EKS,1,1,EKS
Azure Synapse Pipelines,1,1,Azure Synapse Pipelines
SAP Operations,1,1,SAP Operations
Regulatory analysis,1,1,Regulatory analysis
KYC procedures,1,1,KYC procedures
Cryptocurrency regulations,1,1,Cryptocurrency regulations
PMBOK,1,1,PMBOK
Business Requirement Document,1,1,Business Requirement Document
Functional Specification Document,1,1,Functional Specification Document
Room Database,1,1,Room Database
BGP MPLS,1,1,BGP MPLS
802.1x authentication,1,1,802.1x authentication
Aruba ClearPass,1,1,Aruba ClearPass
Firewall policy,1,1,Firewall policy
Software Diagnostics,1,1,Software Diagnostics
Contact Center Operations,1,1,Contact Center Operations
Radio Access Networks,1,1,Radio Access Networks
LTE Network Planning,1,1,LTE Network Planning
UMTS Protocols,1,1,UMTS Protocols
GSM Technologies,1,1,GSM Technologies
BSC/RNC Configuration,1,1,BSC/RNC Configuration
NodeB/eNodeB Integration,1,1,NodeB/eNodeB Integration
Operational Process Development,1,1,Operational Process Development
Storage Virtualization,1,1,Storage Virtualization
SAN/NAS,1,1,SAN/NAS
Solution Presentation,1,1,Solution Presentation
Partner Management,1,1,Partner Management
Native JavaScript,1,1,Native JavaScript
SDLC Processes,1,1,SDLC Processes
Sales Coaching,1,1,Sales Coaching
Photography,1,1,Photography
On-the-Job Training,1,1,On-the-Job Training
Internal Audit Standards,1,1,Internal Audit Standards
Japanese (JLPT N2),1,1,Japanese (JLPT N2)
Storage systems,1,1,Storage systems
Peripheral devices,1,1,Peripheral devices
Smart Hands,1,1,Smart Hands
IMACD Process,1,1,IMACD Process
CVS Version Control,1,1,CVS Version Control
Import Documentation,1,1,Import Documentation
Freight Forwarding,1,1,Freight Forwarding
Epicor ERP,1,1,Epicor ERP
Customer Service KPI,1,1,Customer Service KPI
Stock Management,1,1,Stock Management
Site Security,1,1,Site Security
ISO Auditing,1,1,ISO Auditing
PABX Troubleshooting,1,1,PABX Troubleshooting
Enterprise Application Support,1,1,Enterprise Application Support
IT Policy Enforcement,1,1,IT Policy Enforcement
Casino Environment Support,1,1,Casino Environment Support
Control System Design,1,1,Control System Design
HVAC Control Systems,1,1,HVAC Control Systems
Routing Technologies,1,1,Routing Technologies
Switching Technologies,1,1,Switching Technologies
ISP Environment,1,1,ISP Environment
Visual Studio IDE,1,1,Visual Studio IDE
Machine vision integration,1,1,Machine vision integration
Cognex VisionPro,1,1,Cognex VisionPro
Keyence XG,1,1,Keyence XG
Halcon vision,1,1,Halcon vision
Robotics interfacing,1,1,Robotics interfacing
Equipment qualification,1,1,Equipment qualification
Revision control,1,1,Revision control
Recommender Systems,1,1,Recommender Systems
BIA/BCP Management,1,1,BIA/BCP Management
Major Incident Coordination,1,1,Major Incident Coordination
Fault Diagnosis,1,1,Fault Diagnosis
Stress Management,1,1,Stress Management
Mainframe Administration,1,1,Mainframe Administration
ER Diagram,1,1,ER Diagram
PowerVM Virtualization,1,1,PowerVM Virtualization
KVM Hypervisor,1,1,KVM Hypervisor
KSH Scripting,1,1,KSH Scripting
HMC Management,1,1,HMC Management
VIOS Administration,1,1,VIOS Administration
HA/DR Design,1,1,HA/DR Design
Linux Operations,1,1,Linux Operations
HRIS data entry,1,1,HRIS data entry
HR data validation,1,1,HR data validation
Employee onboarding,1,1,Employee onboarding
Employee offboarding,1,1,Employee offboarding
Immigration support,1,1,Immigration support
Performance Coaching,1,1,Performance Coaching
Scheduling Management,1,1,Scheduling Management
Attendance Monitoring,1,1,Attendance Monitoring
Java Backend,1,1,Java Backend
Mobile Web Optimization,1,1,Mobile Web Optimization
WebView Integration,1,1,WebView Integration
Team Management,1,1,Team Management
Recruitment Coordination,1,1,Recruitment Coordination
GitHub Project,1,1,GitHub Project
NodeJS runtime,1,1,NodeJS runtime
Magento 2,1,1,Magento 2
Game Server Management,1,1,Game Server Management
Tencent Cloud,1,1,Tencent Cloud
XML Publisher,1,1,XML Publisher
Oracle Workflow,1,1,Oracle Workflow
Oracle Financials,1,1,Oracle Financials
IT infrastructure planning,1,1,IT infrastructure planning
IT audit compliance,1,1,IT audit compliance
Networking protocols,1,1,Networking protocols
ES6,1,1,ES6
ECMAScript,1,1,ECMAScript
Technical Interviewing,1,1,Technical Interviewing
Citrix Virtualization,1,1,Citrix Virtualization
Backup Procedures,1,1,Backup Procedures
Hybrid App Development,1,1,Hybrid App Development
Mobile Deployment,1,1,Mobile Deployment
Juniper JNCIS-INT,1,1,Juniper JNCIS-INT
MPLS Protocol,1,1,MPLS Protocol
Infrastructure Provisioning,1,1,Infrastructure Provisioning
MVP Delivery,1,1,MVP Delivery
SAP Functional,1,1,SAP Functional
SAP Technical Basis,1,1,SAP Technical Basis
SAP BW/BO,1,1,SAP BW/BO
Azure Logic Apps,1,1,Azure Logic Apps
Data Gateway Configuration,1,1,Data Gateway Configuration
Multi-Source Integration,1,1,Multi-Source Integration
Procurement System Support,1,1,Procurement System Support
Customer Coordination,1,1,Customer Coordination
Equipment Procurement,1,1,Equipment Procurement
Production Partner Management,1,1,Production Partner Management
Problem Isolation,1,1,Problem Isolation
Apache Struts,1,1,Apache Struts
Struts 2,1,1,Struts 2
Enterprise Java Beans,1,1,Enterprise Java Beans
WebSphere MQ,1,1,WebSphere MQ
SQL/PLSQL,1,1,SQL/PLSQL
Fieldbus Configuration,1,1,Fieldbus Configuration
RF Delivery Coordination,1,1,RF Delivery Coordination
5G Optimization,1,1,5G Optimization
Atoll Planning Tool,1,1,Atoll Planning Tool
MapInfo GIS,1,1,MapInfo GIS
Google Earth Mapping,1,1,Google Earth Mapping
Smartcare Administration,1,1,Smartcare Administration
Discovery Administration,1,1,Discovery Administration
PCI Planning,1,1,PCI Planning
Parameter Configuration,1,1,Parameter Configuration
Throughput Analysis,1,1,Throughput Analysis
VIP Complaint Management,1,1,VIP Complaint Management
Database modeling,1,1,Database modeling
WooCommerce,1,1,WooCommerce
CSS/Sass,1,1,CSS/Sass
NGINX server,1,1,NGINX server
cPanel administration,1,1,cPanel administration
Gutenberg blocks,1,1,Gutenberg blocks
Cybersecurity Support,1,1,Cybersecurity Support
Technical Demonstrations,1,1,Technical Demonstrations
RFP Preparation,1,1,RFP Preparation
Agile Mindset,1,1,Agile Mindset
Costing Module,1,1,Costing Module
Multiplayer networking,1,1,Multiplayer networking
Game UI/UX design,1,1,Game UI/UX design
Decision Making,1,1,Decision Making
Google Firebase,1,1,Google Firebase
Azure Digital Twins,1,1,Azure Digital Twins
Amazon SageMaker,1,1,Amazon SageMaker
Amazon Rekognition,1,1,Amazon Rekognition
Machine Learning Algorithms,1,1,Machine Learning Algorithms
ML Troubleshooting,1,1,ML Troubleshooting
CIA,1,1,CIA
SAP Certified,1,1,SAP Certified
MCSE,1,1,MCSE
FlexHR HRMS,1,1,FlexHR HRMS
Parallel Run Support,1,1,Parallel Run Support
AS2 EDI,1,1,AS2 EDI
IDoc Processing,1,1,IDoc Processing
EDIFACT,1,1,EDIFACT
Change Request Support,1,1,Change Request Support
SLA Adherence,1,1,SLA Adherence
Apache HTTP Server,1,1,Apache HTTP Server
Middleware Patch Management,1,1,Middleware Patch Management
Automated UI Testing,1,1,Automated UI Testing
UI Performance Optimization,1,1,UI Performance Optimization
Core Switch,1,1,Core Switch
Aruba Controller,1,1,Aruba Controller
MCP,1,1,MCP
Revenue Operations,1,1,Revenue Operations
Commission Modeling,1,1,Commission Modeling
Partner Enablement,1,1,Partner Enablement
Backend API Development,1,1,Backend API Development
Impala,1,1,Impala
Erwin Data Modeler,1,1,Erwin Data Modeler
Data Lake Architecture,1,1,Data Lake Architecture
Content Development,1,1,Content Development
Information Design,1,1,Information Design
Media Production,1,1,Media Production
DITA Authoring,1,1,DITA Authoring
XML Editing,1,1,XML Editing
Legal Compliance,1,1,Legal Compliance
Feedback Analysis,1,1,Feedback Analysis
Fiber optic testing,1,1,Fiber optic testing
Cable patching,1,1,Cable patching
Plugin Development,1,1,Plugin Development
ABAP debugging,1,1,ABAP debugging
FICO integration,1,1,FICO integration
e-billing integration,1,1,e-billing integration
Tax reporting integration,1,1,Tax reporting integration
Solution architecture design,1,1,Solution architecture design
Global project coordination,1,1,Global project coordination
Subscription leasing expertise,1,1,Subscription leasing expertise
Financial Services Audit,1,1,Financial Services Audit
Data Center HVAC,1,1,Data Center HVAC
Sustainability Design,1,1,Sustainability Design
Hematology analyzer operation,1,1,Hematology analyzer operation
Instrument troubleshooting,1,1,Instrument troubleshooting
On-site training,1,1,On-site training
Laboratory workflow integration,1,1,Laboratory workflow integration
Product knowledge transfer,1,1,Product knowledge transfer
Sales technical support,1,1,Sales technical support
Manufacturer communication,1,1,Manufacturer communication
Remote Diagnosis,1,1,Remote Diagnosis
Tagalog communication,1,1,Tagalog communication
Contact center solutions,1,1,Contact center solutions
Concurrency patterns,1,1,Concurrency patterns
Transactional data,1,1,Transactional data
Large dataset handling,1,1,Large dataset handling
Multi-country collaboration,1,1,Multi-country collaboration
Data quality initiatives,1,1,Data quality initiatives
Ingestion platform,1,1,Ingestion platform
TLog data,1,1,TLog data
Zeplin design,1,1,Zeplin design
Electromechanical assembly,1,1,Electromechanical assembly
Quality inspection,1,1,Quality inspection
Mechanical repair,1,1,Mechanical repair
Electrical testing,1,1,Electrical testing
CyberArk,1,1,CyberArk
Deal Registration,1,1,Deal Registration
Voucher Processing,1,1,Voucher Processing
Check Management,1,1,Check Management
Deposit Verification,1,1,Deposit Verification
Healthcare Finance,1,1,Healthcare Finance
Proof of Concept Testing,1,1,Proof of Concept Testing
Network topology,1,1,Network topology
E-commerce implementation,1,1,E-commerce implementation
HRM systems,1,1,HRM systems
Koa.js,1,1,Koa.js
Socket Programming,1,1,Socket Programming
Animal Husbandry,1,1,Animal Husbandry
Crop Management,1,1,Crop Management
Irrigation Management,1,1,Irrigation Management
Pest Control,1,1,Pest Control
Soil Testing,1,1,Soil Testing
Farm Equipment Operation,1,1,Farm Equipment Operation
Harvest Planning,1,1,Harvest Planning
Sustainable Agriculture,1,1,Sustainable Agriculture
Farm Budgeting,1,1,Farm Budgeting
Conceptual Modeling,1,1,Conceptual Modeling
IT project support,1,1,IT project support
Microsoft MCP,1,1,Microsoft MCP
Strategic Marketing Planning,1,1,Strategic Marketing Planning
ROI Optimization,1,1,ROI Optimization
Campaign Budgeting,1,1,Campaign Budgeting
Zoho CRM Integration,1,1,Zoho CRM Integration
Operating System Deployment,1,1,Operating System Deployment
Incident Documentation,1,1,Incident Documentation
Help Desk Escalation,1,1,Help Desk Escalation
Reaper DAW,1,1,Reaper DAW
FTP management,1,1,FTP management
QA editing,1,1,QA editing
File archiving,1,1,File archiving
Computer Networking,1,1,Computer Networking
Windows Operating System,1,1,Windows Operating System
Product Training,1,1,Product Training
GIS Development,1,1,GIS Development
IT Support Management,1,1,IT Support Management
Audit & Risk Management,1,1,Audit & Risk Management
Network & Server Administration,1,1,Network & Server Administration
Social Media Support,1,1,Social Media Support
IT Reporting,1,1,IT Reporting
Dyeing Machine Integration,1,1,Dyeing Machine Integration
Fast‑paced Multitasking,1,1,Fast‑paced Multitasking
2FA Implementation,1,1,2FA Implementation
SAP SRM,1,1,SAP SRM
Enterprise Buyer Portal,1,1,Enterprise Buyer Portal
Supplier Self-Service,1,1,Supplier Self-Service
Logistic Invoice Verification,1,1,Logistic Invoice Verification
Purchasing Process,1,1,Purchasing Process
Pricing Procedure Configuration,1,1,Pricing Procedure Configuration
Cross-Module Integration,1,1,Cross-Module Integration
Server hardware,1,1,Server hardware
Linux OS installation,1,1,Linux OS installation
RMA processing,1,1,RMA processing
Industrial PC maintenance,1,1,Industrial PC maintenance
SQL backup restore,1,1,SQL backup restore
Manufacturing system management,1,1,Manufacturing system management
Warehouse system support,1,1,Warehouse system support
System automation,1,1,System automation
IT Performance Management,1,1,IT Performance Management
RegTech Compliance,1,1,RegTech Compliance
BNM Guidelines,1,1,BNM Guidelines
Microsoft Business Central,1,1,Microsoft Business Central
Technology Risk Management,1,1,Technology Risk Management
Cyber Security Assessment,1,1,Cyber Security Assessment
KRI Monitoring,1,1,KRI Monitoring
MDM administration,1,1,MDM administration
ERP software support,1,1,ERP software support
POS system maintenance,1,1,POS system maintenance
Electronic Medical Record,1,1,Electronic Medical Record
Exadata Administration,1,1,Exadata Administration
Data Guard,1,1,Data Guard
Chef Automation,1,1,Chef Automation
Virtual Private Cloud,1,1,Virtual Private Cloud
.NET (VB),1,1,.NET (VB)
Technical Team Leadership,1,1,Technical Team Leadership
Google API,1,1,Google API
Facebook API,1,1,Facebook API
IT Application Controls,1,1,IT Application Controls
Clarity PPM,1,1,Clarity PPM
Agile sprint planning,1,1,Agile sprint planning
Logistics Planning,1,1,Logistics Planning
Material Planning,1,1,Material Planning
Microsoft Dynamics ERP,1,1,Microsoft Dynamics ERP
Data Import/Export,1,1,Data Import/Export
Alarm systems,1,1,Alarm systems
Lenel integration,1,1,Lenel integration
CCure integration,1,1,CCure integration
Milestone integration,1,1,Milestone integration
Presentation preparation,1,1,Presentation preparation
LAN,1,1,LAN
WAN,1,1,WAN
Hardware Compliance,1,1,Hardware Compliance
SOP Documentation,1,1,SOP Documentation
Mechanical Inspection,1,1,Mechanical Inspection
Application Setup,1,1,Application Setup
IDS/IPS Solutions,1,1,IDS/IPS Solutions
Alert Tuning,1,1,Alert Tuning
Incident Lifecycle,1,1,Incident Lifecycle
Network Perimeter Defense,1,1,Network Perimeter Defense
Data Center Ops,1,1,Data Center Ops
ISO SOC2 compliance,1,1,ISO SOC2 compliance
Octopus Deploy,1,1,Octopus Deploy
Security guidelines,1,1,Security guidelines
IDoc Handling,1,1,IDoc Handling
ALE Configuration,1,1,ALE Configuration
HPC cluster design,1,1,HPC cluster design
Job scheduler management,1,1,Job scheduler management
Parallel programming,1,1,Parallel programming
MPI programming,1,1,MPI programming
Caffe framework,1,1,Caffe framework
OpenFOAM software,1,1,OpenFOAM software
ANSYS software,1,1,ANSYS software
GPU acceleration,1,1,GPU acceleration
High-speed interconnects,1,1,High-speed interconnects
Real-time Monitoring,1,1,Real-time Monitoring
Ubiquiti Access Points,1,1,Ubiquiti Access Points
Break/Fix,1,1,Break/Fix
Apple macOS,1,1,Apple macOS
Print Services,1,1,Print Services
ArcGIS Desktop,1,1,ArcGIS Desktop
ArcGIS Pro,1,1,ArcGIS Pro
ArcGIS Server,1,1,ArcGIS Server
ArcGIS Enterprise,1,1,ArcGIS Enterprise
Web GIS,1,1,Web GIS
FME,1,1,FME
Data Interoperability,1,1,Data Interoperability
Esri Certification,1,1,Esri Certification
MS365 Administration,1,1,MS365 Administration
SharePoint Management,1,1,SharePoint Management
Dynamics NAV,1,1,Dynamics NAV
Incident Triage,1,1,Incident Triage
Desktop Security,1,1,Desktop Security
Server Security,1,1,Server Security
EDI/IDoc,1,1,EDI/IDoc
3PL Integration,1,1,3PL Integration
International Supply Chain,1,1,International Supply Chain
Handheld Scanning,1,1,Handheld Scanning
SAP FICO Configuration,1,1,SAP FICO Configuration
SAP BI/BW,1,1,SAP BI/BW
Cost Accounting,1,1,Cost Accounting
Cisco CUCM,1,1,Cisco CUCM
Cisco CUE,1,1,Cisco CUE
H323 Protocols,1,1,H323 Protocols
MGCP Signaling,1,1,MGCP Signaling
RTP/RTCP Troubleshooting,1,1,RTP/RTCP Troubleshooting
Voice Gateway Configuration,1,1,Voice Gateway Configuration
Backup Restore Procedures,1,1,Backup Restore Procedures
Enterprise ASR/ISR,1,1,Enterprise ASR/ISR
Cisco WebEx Cloud Calling,1,1,Cisco WebEx Cloud Calling
Painting Inspection,1,1,Painting Inspection
Nondestructive Testing,1,1,Nondestructive Testing
Asset Integrity Assessment,1,1,Asset Integrity Assessment
Coating Inspection,1,1,Coating Inspection
Surface Preparation,1,1,Surface Preparation
Corrosion Assessment,1,1,Corrosion Assessment
Cybersecurity Architecture,1,1,Cybersecurity Architecture
Cybersecurity Compliance,1,1,Cybersecurity Compliance
AV System Design,1,1,AV System Design
Crestron Programming,1,1,Crestron Programming
Extron Integration,1,1,Extron Integration
AMX Control,1,1,AMX Control
Polycom Video Conferencing,1,1,Polycom Video Conferencing
Biamp Audio Engineering,1,1,Biamp Audio Engineering
ClearOne DSP,1,1,ClearOne DSP
QSC Amplifier Setup,1,1,QSC Amplifier Setup
Cisco Collaboration,1,1,Cisco Collaboration
CTS Certification,1,1,CTS Certification
BOM Development,1,1,BOM Development
Functional Drawings,1,1,Functional Drawings
Site Survey,1,1,Site Survey
Core Data,1,1,Core Data
Core Animation,1,1,Core Animation
OOP Design Patterns,1,1,OOP Design Patterns
OAF Development,1,1,OAF Development
BI Publisher,1,1,BI Publisher
Informatica ODI,1,1,Informatica ODI
JIRA Issue Tracking,1,1,JIRA Issue Tracking
ACE12 Integration,1,1,ACE12 Integration
Message Broker,1,1,Message Broker
XML Messaging,1,1,XML Messaging
WSDL Services,1,1,WSDL Services
Reverse Engineering,1,1,Reverse Engineering
Murex Connectivity,1,1,Murex Connectivity
Visa MasterCard Compliance,1,1,Visa MasterCard Compliance
DRP Testing,1,1,DRP Testing
Security Access Management,1,1,Security Access Management
Cardlink System Knowledge,1,1,Cardlink System Knowledge
Operational Cost Management,1,1,Operational Cost Management
MongoDB NoSQL,1,1,MongoDB NoSQL
AIX Server Management,1,1,AIX Server Management
VMware Virtualization Administration,1,1,VMware Virtualization Administration
BCP DR Coordination,1,1,BCP DR Coordination
IT Security Hardening,1,1,IT Security Hardening
Incident Problem Management,1,1,Incident Problem Management
AX to D365 Migration,1,1,AX to D365 Migration
Implementation Consulting,1,1,Implementation Consulting
Visual Design,1,1,Visual Design
Mobile App Lifecycle,1,1,Mobile App Lifecycle
App Architecture,1,1,App Architecture
Die Attach,1,1,Die Attach
Wire Bonding,1,1,Wire Bonding
OGP Measurement,1,1,OGP Measurement
Plasma Cleaning,1,1,Plasma Cleaning
Laser Cutting,1,1,Laser Cutting
Yield Analysis,1,1,Yield Analysis
Operator Training,1,1,Operator Training
Machine Troubleshooting,1,1,Machine Troubleshooting
SaaS Solutions,1,1,SaaS Solutions
RFP Processing,1,1,RFP Processing
Google Cloud SQL,1,1,Google Cloud SQL
S/4HANA Finance,1,1,S/4HANA Finance
Management Accounting,1,1,Management Accounting
Automotive Industry Knowledge,1,1,Automotive Industry Knowledge
Juniper Netscreen,1,1,Juniper Netscreen
HP Aruba Switching,1,1,HP Aruba Switching
Cisco Viptela,1,1,Cisco Viptela
WLAN Controller Implementation,1,1,WLAN Controller Implementation
Network Security Policies,1,1,Network Security Policies
Firmware Upgrade Management,1,1,Firmware Upgrade Management
Remote Network Support,1,1,Remote Network Support
Bot troubleshooting,1,1,Bot troubleshooting
Salesforce Lightning,1,1,Salesforce Lightning
Outage Management,1,1,Outage Management
Field Service Coordination,1,1,Field Service Coordination
Third-Party Libraries,1,1,Third-Party Libraries
RFQ/RFP Preparation,1,1,RFQ/RFP Preparation
Status Reporting,1,1,Status Reporting
Issue Debugging,1,1,Issue Debugging
Database Access Control,1,1,Database Access Control
Data Integrity Constraints,1,1,Data Integrity Constraints
FastReport reporting,1,1,FastReport reporting
Composer,1,1,Composer
Software Configuration Management,1,1,Software Configuration Management
Defect Debugging,1,1,Defect Debugging
L3 Technical Support,1,1,L3 Technical Support
CIM Systems,1,1,CIM Systems
Application Performance Monitoring,1,1,Application Performance Monitoring
Global Deployment,1,1,Global Deployment
JBoss Administration,1,1,JBoss Administration
MQ,1,1,MQ
EJB,1,1,EJB
Ant Build,1,1,Ant Build
NUnit,1,1,NUnit
CDN Architecture,1,1,CDN Architecture
Caching Technologies,1,1,Caching Technologies
Pricing Negotiation,1,1,Pricing Negotiation
Product Evaluation,1,1,Product Evaluation
SQL Troubleshooting,1,1,SQL Troubleshooting
SAP APO,1,1,SAP APO
SAP IBP,1,1,SAP IBP
OMP Platform,1,1,OMP Platform
o9 Platform,1,1,o9 Platform
Demand Planning Systems,1,1,Demand Planning Systems
Credit Administration,1,1,Credit Administration
Property Development,1,1,Property Development
Billing Collections,1,1,Billing Collections
Loan Documentation,1,1,Loan Documentation
IFCA Net,1,1,IFCA Net
Odoo module customization,1,1,Odoo module customization
Odoo migration,1,1,Odoo migration
Odoo debugging,1,1,Odoo debugging
ERP functional knowledge,1,1,ERP functional knowledge
Timesheet,1,1,Timesheet
HR,1,1,HR
Performance debugging,1,1,Performance debugging
System design patterns,1,1,System design patterns
System Health Auditing,1,1,System Health Auditing
Network Hardware Troubleshooting,1,1,Network Hardware Troubleshooting
POS System Administration,1,1,POS System Administration
OS Patching,1,1,OS Patching
Technical Research,1,1,Technical Research
XRF Buy-off,1,1,XRF Buy-off
SCADA Monitoring,1,1,SCADA Monitoring
Data Logger Operation,1,1,Data Logger Operation
DI Water Handling,1,1,DI Water Handling
KPIV Monitoring,1,1,KPIV Monitoring
KPOV Monitoring,1,1,KPOV Monitoring
7S Lean Practices,1,1,7S Lean Practices
Database testing,1,1,Database testing
Amazon Connect,1,1,Amazon Connect
Zoom Administration,1,1,Zoom Administration
Cisco Call Manager,1,1,Cisco Call Manager
Voice Infrastructure Design,1,1,Voice Infrastructure Design
Multisite Voice Support,1,1,Multisite Voice Support
Workday Financials,1,1,Workday Financials
ERP Financial Management,1,1,ERP Financial Management
General Ledger Management,1,1,General Ledger Management
Budgeting and Forecasting,1,1,Budgeting and Forecasting
Procure-to-Pay,1,1,Procure-to-Pay
Fixed Asset Management,1,1,Fixed Asset Management
Workday Certification,1,1,Workday Certification
Financial Process Design,1,1,Financial Process Design
AS400 Platform,1,1,AS400 Platform
OpenAI,1,1,OpenAI
CMS Management,1,1,CMS Management
VoIP provisioning,1,1,VoIP provisioning
L2 troubleshooting,1,1,L2 troubleshooting
VMware NSX,1,1,VMware NSX
TDD/BDD,1,1,TDD/BDD
Network Encryption,1,1,Network Encryption
Manufacturing Systems Security,1,1,Manufacturing Systems Security
Compliance Assurance,1,1,Compliance Assurance
OSPF configuration,1,1,OSPF configuration
VLAN implementation,1,1,VLAN implementation
Software release,1,1,Software release
Security Information Event Management,1,1,Security Information Event Management
RFID Integration,1,1,RFID Integration
Audio-Visual Setup,1,1,Audio-Visual Setup
Helpdesk Coordination,1,1,Helpdesk Coordination
Cognos Analytics,1,1,Cognos Analytics
Metadata Design,1,1,Metadata Design
MATLAB Software,1,1,MATLAB Software
RapidMiner Tool,1,1,RapidMiner Tool
SSG,1,1,SSG
QML Development,1,1,QML Development
Battery Testing,1,1,Battery Testing
EE Schematic Analysis,1,1,EE Schematic Analysis
JEE,1,1,JEE
WildFly,1,1,WildFly
Routing Device Management,1,1,Routing Device Management
Security Appliance Maintenance,1,1,Security Appliance Maintenance
Storage System Management,1,1,Storage System Management
Technical Issue Diagnosis,1,1,Technical Issue Diagnosis
Roadmap Creation,1,1,Roadmap Creation
Product Vision,1,1,Product Vision
Workflow Logic,1,1,Workflow Logic
Anaconda,1,1,Anaconda
Jupyter Lab,1,1,Jupyter Lab
Hugging Face Transformers,1,1,Hugging Face Transformers
Critical Equipment Maintenance,1,1,Critical Equipment Maintenance
EPMS Monitoring,1,1,EPMS Monitoring
BMS Monitoring,1,1,BMS Monitoring
Fire System Alarms,1,1,Fire System Alarms
Azure Information Protection,1,1,Azure Information Protection
Office 365 Migration,1,1,Office 365 Migration
Cross-Forest Migration,1,1,Cross-Forest Migration
Endpoint Deployment,1,1,Endpoint Deployment
Stakeholder Workshops,1,1,Stakeholder Workshops
Scope of Work,1,1,Scope of Work
Kotlin Coroutines,1,1,Kotlin Coroutines
Koin DI,1,1,Koin DI
Android Architecture,1,1,Android Architecture
Feature Toggle,1,1,Feature Toggle
Network Systems,1,1,Network Systems
Red Hat,1,1,Red Hat
BigFix Management,1,1,BigFix Management
AWS Kinesis,1,1,AWS Kinesis
AWS SQS/SNS,1,1,AWS SQS/SNS
MCDST Certification,1,1,MCDST Certification
Loading and Unloading,1,1,Loading and Unloading
Order Picking,1,1,Order Picking
Stock Control,1,1,Stock Control
Scrap Management,1,1,Scrap Management
Waste Disposal,1,1,Waste Disposal
Warehouse Housekeeping,1,1,Warehouse Housekeeping
Van Driving,1,1,Van Driving
Driver License,1,1,Driver License
Traffic Compliance,1,1,Traffic Compliance
Platform integration,1,1,Platform integration
Data-driven Decision,1,1,Data-driven Decision
IoT Product Development,1,1,IoT Product Development
Analytics & Metrics,1,1,Analytics & Metrics
Defensive driving,1,1,Defensive driving
Vehicle maintenance,1,1,Vehicle maintenance
Route navigation,1,1,Route navigation
Administrative support,1,1,Administrative support
Punctuality,1,1,Punctuality
WCAG Accessibility,1,1,WCAG Accessibility
Siebel Server Administration,1,1,Siebel Server Administration
OBIEE Application Server,1,1,OBIEE Application Server
High Availability Configuration,1,1,High Availability Configuration
Active Directory Integration,1,1,Active Directory Integration
Kivy framework,1,1,Kivy framework
BeeWare,1,1,BeeWare
PyQt,1,1,PyQt
Machine learning integration,1,1,Machine learning integration
Database archival,1,1,Database archival
macOS Imaging,1,1,macOS Imaging
Security product analysis,1,1,Security product analysis
Technical escalation,1,1,Technical escalation
Technical Assistance Center support,1,1,Technical Assistance Center support
Unity Editor,1,1,Unity Editor
Blender modeling,1,1,Blender modeling
Maya modeling,1,1,Maya modeling
SAST DAST testing,1,1,SAST DAST testing
WebMethods Integration Server,1,1,WebMethods Integration Server
ActiveMQ Messaging,1,1,ActiveMQ Messaging
SOA Architecture,1,1,SOA Architecture
XML Web Services,1,1,XML Web Services
WSDL Design,1,1,WSDL Design
HTTP/SSL Security,1,1,HTTP/SSL Security
T-SQL Stored Procedures,1,1,T-SQL Stored Procedures
IoT device integration,1,1,IoT device integration
On-site installation,1,1,On-site installation
Biomedical engineering,1,1,Biomedical engineering
React Testing Library,1,1,React Testing Library
Apollo,1,1,Apollo
Malware reverse engineering,1,1,Malware reverse engineering
Log collection,1,1,Log collection
Cyber threat intelligence,1,1,Cyber threat intelligence
Browser Rendering,1,1,Browser Rendering
Testing Strategies,1,1,Testing Strategies
AWS Certified,1,1,AWS Certified
Azure Certified,1,1,Azure Certified
GCP Certified,1,1,GCP Certified
IPsec,1,1,IPsec
Socks5 proxy,1,1,Socks5 proxy
Retail POS,1,1,Retail POS
IDS,1,1,IDS
JUnit Testing,1,1,JUnit Testing
Appium Testing,1,1,Appium Testing
ERP analysis,1,1,ERP analysis
Cocos extensions,1,1,Cocos extensions
Game performance optimization,1,1,Game performance optimization
Bug testing,1,1,Bug testing
Web Server Integration,1,1,Web Server Integration
Backend Systems Integration,1,1,Backend Systems Integration
Business Continuity Management,1,1,Business Continuity Management
ServiceNow GRC,1,1,ServiceNow GRC
Update Set Deployment,1,1,Update Set Deployment
Atlassian ecosystem,1,1,Atlassian ecosystem
Monday.com,1,1,Monday.com
Aha!,1,1,Aha!
Oracle JD Edwards,1,1,Oracle JD Edwards
Oracle Fusion Cloud,1,1,Oracle Fusion Cloud
RFgen,1,1,RFgen
Printer Driver Setup,1,1,Printer Driver Setup
WiFi Router Configuration,1,1,WiFi Router Configuration
NAS Storage Management,1,1,NAS Storage Management
Domain Services Management,1,1,Domain Services Management
Cloud Server Basics,1,1,Cloud Server Basics
LED Screen Configuration,1,1,LED Screen Configuration
IoT Device Management,1,1,IoT Device Management
Retail Sales,1,1,Retail Sales
IT Product Knowledge,1,1,IT Product Knowledge
Diagnostic Tools,1,1,Diagnostic Tools
SOC Leadership,1,1,SOC Leadership
Playbook Development,1,1,Playbook Development
IT GRC,1,1,IT GRC
Confluence documentation,1,1,Confluence documentation
Cloud Project Delivery,1,1,Cloud Project Delivery
Non‑SAP Platforms,1,1,Non‑SAP Platforms
POC Development,1,1,POC Development
MS Power Automate,1,1,MS Power Automate
Intelligent Document Processing,1,1,Intelligent Document Processing
Orchestrator Scheduling,1,1,Orchestrator Scheduling
RPA Troubleshooting,1,1,RPA Troubleshooting
Nagios,1,1,Nagios
IPVPN Services,1,1,IPVPN Services
IP Telephony,1,1,IP Telephony
WAN Technologies,1,1,WAN Technologies
TELCO Liaison,1,1,TELCO Liaison
24x7 Shift,1,1,24x7 Shift
Focus groups,1,1,Focus groups
Market surveys,1,1,Market surveys
Digital analytics,1,1,Digital analytics
Client servicing,1,1,Client servicing
Observability engineering,1,1,Observability engineering
Telemetry data,1,1,Telemetry data
Platform engineering,1,1,Platform engineering
Technical mentorship,1,1,Technical mentorship
Architecture consulting,1,1,Architecture consulting
Technical metrics,1,1,Technical metrics
Complex technology environments,1,1,Complex technology environments
Strategic Roadmapping,1,1,Strategic Roadmapping
Technical Enablement,1,1,Technical Enablement
IT Sales,1,1,IT Sales
Classic ASP,1,1,Classic ASP
Order Routing,1,1,Order Routing
Equity Trading,1,1,Equity Trading
MVVM pattern,1,1,MVVM pattern
Field Testing,1,1,Field Testing
Test Instrumentation,1,1,Test Instrumentation
RF Measurements,1,1,RF Measurements
Signal Integrity,1,1,Signal Integrity
Hardware Validation,1,1,Hardware Validation
Production ML,1,1,Production ML
Operational Risk Management,1,1,Operational Risk Management
Privacy Regulation,1,1,Privacy Regulation
Vulnerability Testing,1,1,Vulnerability Testing
Cybersecurity Training,1,1,Cybersecurity Training
TikTok Marketing,1,1,TikTok Marketing
XiaoHongShu Advertising,1,1,XiaoHongShu Advertising
WeChat Campaigns,1,1,WeChat Campaigns
Digital Marketing Analytics,1,1,Digital Marketing Analytics
ROI Analysis,1,1,ROI Analysis
5G RAN,1,1,5G RAN
4G RAN,1,1,4G RAN
3GPP specifications,1,1,3GPP specifications
RAN troubleshooting,1,1,RAN troubleshooting
NDP planning,1,1,NDP planning
MSRBS/DSS/CA configuration,1,1,MSRBS/DSS/CA configuration
Customer support processes,1,1,Customer support processes
Solution implementation approval,1,1,Solution implementation approval
AWS Cloud Computing,1,1,AWS Cloud Computing
Aliyun Cloud Platform,1,1,Aliyun Cloud Platform
Cloud Infrastructure Support,1,1,Cloud Infrastructure Support
Database Backup Management,1,1,Database Backup Management
System Availability Monitoring,1,1,System Availability Monitoring
Functional Requirement Management,1,1,Functional Requirement Management
Bank Interface Integration,1,1,Bank Interface Integration
System Test Strategy,1,1,System Test Strategy
Retail Banking Domain,1,1,Retail Banking Domain
Artifactory,1,1,Artifactory
ActiveMQ,1,1,ActiveMQ
Intune Administration,1,1,Intune Administration
AirWatch Workspace ONE,1,1,AirWatch Workspace ONE
Windows Server 2016,1,1,Windows Server 2016
Device Troubleshooting,1,1,Device Troubleshooting
Apple Business Manager,1,1,Apple Business Manager
Back-testing,1,1,Back-testing
Integration Studio,1,1,Integration Studio
HCM integration,1,1,HCM integration
Cloud applications,1,1,Cloud applications
Application modeling,1,1,Application modeling
Camstar,1,1,Camstar
PMI Framework,1,1,PMI Framework
High Voltage Battery,1,1,High Voltage Battery
Propulsion Systems,1,1,Propulsion Systems
Industrialization Process,1,1,Industrialization Process
Milestone Governance,1,1,Milestone Governance
Warranty Analysis,1,1,Warranty Analysis
Project Quality Assurance,1,1,Project Quality Assurance
Supplier Quality,1,1,Supplier Quality
Story Estimation,1,1,Story Estimation
Distributed Team Leadership,1,1,Distributed Team Leadership
iOS Swift,1,1,iOS Swift
Apache Cordova,1,1,Apache Cordova
Metrics Analysis,1,1,Metrics Analysis
User Reporting,1,1,User Reporting
Customer Focus,1,1,Customer Focus
Contract Drafting,1,1,Contract Drafting
MES data maintenance,1,1,MES data maintenance
Process route management,1,1,Process route management
Product info maintenance,1,1,Product info maintenance
Independent problem solving,1,1,Independent problem solving
BNM RMiT Compliance,1,1,BNM RMiT Compliance
IT Policy Management,1,1,IT Policy Management
Technical Design,1,1,Technical Design
Trading Knowledge,1,1,Trading Knowledge
Oscilloscope Use,1,1,Oscilloscope Use
MarTech,1,1,MarTech
AdTech,1,1,AdTech
AI technologies,1,1,AI technologies
HTTP/HTTPS,1,1,HTTP/HTTPS
Nutanix AOS,1,1,Nutanix AOS
Trend Micro Security,1,1,Trend Micro Security
Ivanti Asset Management,1,1,Ivanti Asset Management
SEO-friendly Development,1,1,SEO-friendly Development
IBM Cloud Pak,1,1,IBM Cloud Pak
IBM App Connect,1,1,IBM App Connect
IBM API Connect,1,1,IBM API Connect
IBM DataPower,1,1,IBM DataPower
SOAP protocol,1,1,SOAP protocol
gRPC protocol,1,1,gRPC protocol
AS/400 CL,1,1,AS/400 CL
LifeAsia,1,1,LifeAsia
Group400,1,1,Group400
Code Merge,1,1,Code Merge
SonarQube analysis,1,1,SonarQube analysis
Network Security Configuration,1,1,Network Security Configuration
Work Order Management,1,1,Work Order Management
User Interface Support,1,1,User Interface Support
Behavioural Driven Development,1,1,Behavioural Driven Development
Cloud-first Development,1,1,Cloud-first Development
Software Scalability,1,1,Software Scalability
Technical Workshop Facilitation,1,1,Technical Workshop Facilitation
SAP FSCM,1,1,SAP FSCM
SAP RAP,1,1,SAP RAP
Research Methodology,1,1,Research Methodology
Commercial Operations,1,1,Commercial Operations
Agile DevOps,1,1,Agile DevOps
Specification by Example,1,1,Specification by Example
Apache Nginx,1,1,Apache Nginx
PAM Security,1,1,PAM Security
Tivoli Monitoring,1,1,Tivoli Monitoring
Incident Analysis,1,1,Incident Analysis
Backlog Grooming,1,1,Backlog Grooming
Microsoft Hypervisor,1,1,Microsoft Hypervisor
AKS platform,1,1,AKS platform
Server clustering,1,1,Server clustering
Machine Testing,1,1,Machine Testing
AlpineJS,1,1,AlpineJS
Resource Utilization,1,1,Resource Utilization
Alteryx Automation,1,1,Alteryx Automation
Leadership Coaching,1,1,Leadership Coaching
PMO Coordination,1,1,PMO Coordination
JCL,1,1,JCL
CICS,1,1,CICS
CardLink,1,1,CardLink
Vision Plus,1,1,Vision Plus
Easytrieve,1,1,Easytrieve
EFTPOS systems,1,1,EFTPOS systems
JVM,1,1,JVM
Concurrent Programming,1,1,Concurrent Programming
Privacy Computing,1,1,Privacy Computing
Procurement Strategy,1,1,Procurement Strategy
Building Services,1,1,Building Services
Fit-out Design,1,1,Fit-out Design
Civil Structural Engineering,1,1,Civil Structural Engineering
OpenAPI NSwag,1,1,OpenAPI NSwag
Terminal commands,1,1,Terminal commands
WAN Configuration,1,1,WAN Configuration
L2/L3 Protocols,1,1,L2/L3 Protocols
IT Equipment Setup,1,1,IT Equipment Setup
Cloud Infrastructure Design,1,1,Cloud Infrastructure Design
Serverless Functions,1,1,Serverless Functions
ABAP S/4HANA,1,1,ABAP S/4HANA
IDoc Development,1,1,IDoc Development
User Exits,1,1,User Exits
BADIs,1,1,BADIs
EFTPOS Integration,1,1,EFTPOS Integration
SuccessFactors Configuration,1,1,SuccessFactors Configuration
HR Process Design,1,1,HR Process Design
Fluent Chinese,1,1,Fluent Chinese
EDR,1,1,EDR
DLP,1,1,DLP
WAF,1,1,WAF
PAM,1,1,PAM
CNAPP,1,1,CNAPP
CIS Benchmark,1,1,CIS Benchmark
CDN Management,1,1,CDN Management
UiPath Studio,1,1,UiPath Studio
Automation workflow design,1,1,Automation workflow design
Logging implementation,1,1,Logging implementation
Troubleshooting support,1,1,Troubleshooting support
Jira Bug Tracking,1,1,Jira Bug Tracking
Linux Testing,1,1,Linux Testing
Windows Testing,1,1,Windows Testing
Pressure Vessel Design,1,1,Pressure Vessel Design
Hydraulic System Design,1,1,Hydraulic System Design
SolidWorks CAD,1,1,SolidWorks CAD
ASME Boiler Code,1,1,ASME Boiler Code
Welding Process Knowledge,1,1,Welding Process Knowledge
Machining Operations,1,1,Machining Operations
Finite Element Analysis,1,1,Finite Element Analysis
GD&T,1,1,GD&T
Process Engineering,1,1,Process Engineering
Telecom installation,1,1,Telecom installation
Cable splicing,1,1,Cable splicing
Antenna inspection,1,1,Antenna inspection
Tower rigging,1,1,Tower rigging
Height safety,1,1,Height safety
Climbing certification,1,1,Climbing certification
ZTE project experience,1,1,ZTE project experience
Coaxial termination,1,1,Coaxial termination
Atlassian JIRA,1,1,Atlassian JIRA
WAN administration,1,1,WAN administration
Report design,1,1,Report design
IT team leadership,1,1,IT team leadership
System housekeeping,1,1,System housekeeping
O365 Exchange,1,1,O365 Exchange
Linux Shell,1,1,Linux Shell
HBuilder,1,1,HBuilder
Social Media API,1,1,Social Media API
Mobile Web Apps,1,1,Mobile Web Apps
Deployment,1,1,Deployment
POS System Integration,1,1,POS System Integration
IT Device Deployment,1,1,IT Device Deployment
Security Operations Management,1,1,Security Operations Management
Fire Inspection Procedures,1,1,Fire Inspection Procedures
Facility Maintenance,1,1,Facility Maintenance
Minor Electrical Repairs,1,1,Minor Electrical Repairs
Purchase Order Preparation,1,1,Purchase Order Preparation
Route Planning Malaysia,1,1,Route Planning Malaysia
Customer Service Etiquette,1,1,Customer Service Etiquette
LAN/WAN deployment,1,1,LAN/WAN deployment
Azure Identity Management,1,1,Azure Identity Management
Cloud Infrastructure Security,1,1,Cloud Infrastructure Security
MECM Administration,1,1,MECM Administration
Ansible Playbooks,1,1,Ansible Playbooks
Database Replication,1,1,Database Replication
Workday Integration,1,1,Workday Integration
Enterprise Interface Builder (EIB),1,1,Enterprise Interface Builder (EIB)
Workday Reporting,1,1,Workday Reporting
Workday Business Processes,1,1,Workday Business Processes
Calculated Fields,1,1,Calculated Fields
Workday Security Roles,1,1,Workday Security Roles
WordPress CMS,1,1,WordPress CMS
SEM Campaigns,1,1,SEM Campaigns
Photoshop Editing,1,1,Photoshop Editing
Product Data Entry,1,1,Product Data Entry
E-commerce Catalog Management,1,1,E-commerce Catalog Management
Customer Service Coordination,1,1,Customer Service Coordination
Web Services API,1,1,Web Services API
E-Commerce Deployment,1,1,E-Commerce Deployment
Big Data Solutions,1,1,Big Data Solutions
Parallel Processing,1,1,Parallel Processing
phpMyAdmin administration,1,1,phpMyAdmin administration
Procurement ERP,1,1,Procurement ERP
Supplier master data,1,1,Supplier master data
RFP creation,1,1,RFP creation
Auction setup,1,1,Auction setup
Interdisciplinary teamwork,1,1,Interdisciplinary teamwork
Implementation,1,1,Implementation
Treasury Software,1,1,Treasury Software
IIS Configuration,1,1,IIS Configuration
Vite bundler,1,1,Vite bundler
Online Banking,1,1,Online Banking
Voice Services,1,1,Voice Services
Process Monitoring,1,1,Process Monitoring
AS2,1,1,AS2
SFTP,1,1,SFTP
Corporate Governance,1,1,Corporate Governance
Board Meeting Coordination,1,1,Board Meeting Coordination
Startup Experience,1,1,Startup Experience
Project Standards Compliance,1,1,Project Standards Compliance
DMAIC methodology,1,1,DMAIC methodology
Business Process Reengineering,1,1,Business Process Reengineering
GIAC Certification,1,1,GIAC Certification
Multi-Vendor Integration,1,1,Multi-Vendor Integration
Telerik Reporting,1,1,Telerik Reporting
Database Recovery,1,1,Database Recovery
Hardware Management,1,1,Hardware Management
Software Management,1,1,Software Management
WAN/LAN Engineering,1,1,WAN/LAN Engineering
Audit Trail Monitoring,1,1,Audit Trail Monitoring
Splunk Queries,1,1,Splunk Queries
Cisco Network Security,1,1,Cisco Network Security
SAP Solutions,1,1,SAP Solutions
Project Handover,1,1,Project Handover
Security staff training,1,1,Security staff training
Protocol development,1,1,Protocol development
RPA (Kofax),1,1,RPA (Kofax)
VMAX Administration,1,1,VMAX Administration
PowerScale Isilon,1,1,PowerScale Isilon
RecoverPoint Replication,1,1,RecoverPoint Replication
Connectrix MDS,1,1,Connectrix MDS
Block Storage,1,1,Block Storage
File NAS,1,1,File NAS
LUN Provisioning,1,1,LUN Provisioning
LVM Management,1,1,LVM Management
ZFS SVM,1,1,ZFS SVM
Couchbase DB,1,1,Couchbase DB
Zookeeper,1,1,Zookeeper
Product customization,1,1,Product customization
Wi‑Fi management,1,1,Wi‑Fi management
SilverPeak SD-WAN,1,1,SilverPeak SD-WAN
Full Stack,1,1,Full Stack
Android support,1,1,Android support
VMware Horizon,1,1,VMware Horizon
UAG,1,1,UAG
SFCS support,1,1,SFCS support
DB troubleshooting,1,1,DB troubleshooting
Manufacturing process design,1,1,Manufacturing process design
Radio Communications,1,1,Radio Communications
LTE Technology,1,1,LTE Technology
Tetra Systems,1,1,Tetra Systems
Technical SOW,1,1,Technical SOW
E2E Architecture,1,1,E2E Architecture
5G Networks,1,1,5G Networks
System Requirements,1,1,System Requirements
Semiconductor IPN planning,1,1,Semiconductor IPN planning
Production ramp-down,1,1,Production ramp-down
Inventory stockpiling,1,1,Inventory stockpiling
Cost effectiveness analysis,1,1,Cost effectiveness analysis
Single Page Applications,1,1,Single Page Applications
DORA Metrics,1,1,DORA Metrics
Worksy Payroll,1,1,Worksy Payroll
Schedule Planning,1,1,Schedule Planning
Progress Monitoring,1,1,Progress Monitoring
Client Liaison,1,1,Client Liaison
SIEM Analysis,1,1,SIEM Analysis
Windows Command Line,1,1,Windows Command Line
Service Management Processes,1,1,Service Management Processes
Microsoft Certified IT Professional,1,1,Microsoft Certified IT Professional
Embedded Linux,1,1,Embedded Linux
WLAN fundamentals,1,1,WLAN fundamentals
Qualcomm Atheros,1,1,Qualcomm Atheros
Access point design,1,1,Access point design
Benefits Realization,1,1,Benefits Realization
PHP MVC,1,1,PHP MVC
Cyber Risk Management,1,1,Cyber Risk Management
RMIT compliance,1,1,RMIT compliance
RCSA facilitation,1,1,RCSA facilitation
Key Risk Indicators,1,1,Key Risk Indicators
ESG risk analysis,1,1,ESG risk analysis
Audit Trail Analysis,1,1,Audit Trail Analysis
Cybersecurity Collaboration,1,1,Cybersecurity Collaboration
Controls Compliance,1,1,Controls Compliance
Salesforce Configuration,1,1,Salesforce Configuration
Mentoring Junior Developers,1,1,Mentoring Junior Developers
Change Set Deployment,1,1,Change Set Deployment
Full Stack Architecture,1,1,Full Stack Architecture
Sage 300 Cloud,1,1,Sage 300 Cloud
ERP Process Mapping,1,1,ERP Process Mapping
ESXi,1,1,ESXi
User Administration,1,1,User Administration
Server Hardware Maintenance,1,1,Server Hardware Maintenance
Cisco Telephony Systems,1,1,Cisco Telephony Systems
Alcatel Telephony Systems,1,1,Alcatel Telephony Systems
Equipment Integration,1,1,Equipment Integration
UKG Dimensions,1,1,UKG Dimensions
Kronos Timekeeper,1,1,Kronos Timekeeper
Time & Attendance Configuration,1,1,Time & Attendance Configuration
Payroll System Integration,1,1,Payroll System Integration
HR Integration,1,1,HR Integration
Advanced Scheduling,1,1,Advanced Scheduling
WDM Device Management,1,1,WDM Device Management
Accruals Management,1,1,Accruals Management
Absence Management,1,1,Absence Management
Training Documentation,1,1,Training Documentation
Business Requirements Elicitation,1,1,Business Requirements Elicitation
Domino Mail,1,1,Domino Mail
Trade Finance Systems,1,1,Trade Finance Systems
Swift Message Monitoring,1,1,Swift Message Monitoring
AWR Analysis,1,1,AWR Analysis
SOAR Automation,1,1,SOAR Automation
ATT&CK Mapping,1,1,ATT&CK Mapping
Network Forensics,1,1,Network Forensics
EDR Management,1,1,EDR Management
IDS/IPS Tuning,1,1,IDS/IPS Tuning
Real-time Data,1,1,Real-time Data
SAC Modeling,1,1,SAC Modeling
Data Blending,1,1,Data Blending
SAP Cloud Connector,1,1,SAP Cloud Connector
System Development Planning,1,1,System Development Planning
VLOOKUP Functions,1,1,VLOOKUP Functions
Verilog,1,1,Verilog
SystemVerilog,1,1,SystemVerilog
UVM methodology,1,1,UVM methodology
AXI bus protocol,1,1,AXI bus protocol
Low power design,1,1,Low power design
Assertion coding,1,1,Assertion coding
Functional coverage,1,1,Functional coverage
Clock generation,1,1,Clock generation
Infor LN,1,1,Infor LN
ERP Service Management,1,1,ERP Service Management
Server Hardware Replacement,1,1,Server Hardware Replacement
Cable Testing,1,1,Cable Testing
Data Protection Compliance,1,1,Data Protection Compliance
Insurance Application Knowledge,1,1,Insurance Application Knowledge
OCR,1,1,OCR
Access Development,1,1,Access Development
Analytical Troubleshooting,1,1,Analytical Troubleshooting
Camel,1,1,Camel
CXF,1,1,CXF
Spring Batch,1,1,Spring Batch
WebLogic Portal,1,1,WebLogic Portal
HP Workstations,1,1,HP Workstations
Thin Clients,1,1,Thin Clients
Retail POS Solutions,1,1,Retail POS Solutions
Digital Signage,1,1,Digital Signage
RFI/RFP Response,1,1,RFI/RFP Response
Networking Technologies,1,1,Networking Technologies
Windows/Linux OS,1,1,Windows/Linux OS
Sales Cloud,1,1,Sales Cloud
Service Cloud,1,1,Service Cloud
Windows OS Administration,1,1,Windows OS Administration
Printer/Scanner Support,1,1,Printer/Scanner Support
OS Imaging,1,1,OS Imaging
CA Deployment,1,1,CA Deployment
Ariba Supplier Registration,1,1,Ariba Supplier Registration
MDG Change Validation,1,1,MDG Change Validation
Data Issue Analysis,1,1,Data Issue Analysis
Word Documentation,1,1,Word Documentation
Supplier Performance Tracking,1,1,Supplier Performance Tracking
Mandarin Reading,1,1,Mandarin Reading
Operating system configuration,1,1,Operating system configuration
Digital Experience Platform,1,1,Digital Experience Platform
Product Information Management,1,1,Product Information Management
Digital Asset Management,1,1,Digital Asset Management
Solution Configuration,1,1,Solution Configuration
GSuite,1,1,GSuite
CAPEX Management,1,1,CAPEX Management
Desktop Application Training,1,1,Desktop Application Training
Murex FO,1,1,Murex FO
Murex 3.1,1,1,Murex 3.1
VaR calculation,1,1,VaR calculation
Pricing models,1,1,Pricing models
Trade workflow analysis,1,1,Trade workflow analysis
eTradepad configuration,1,1,eTradepad configuration
Simulation viewer,1,1,Simulation viewer
FX IR derivatives,1,1,FX IR derivatives
Risk sensitivity analysis,1,1,Risk sensitivity analysis
POS troubleshooting,1,1,POS troubleshooting
Software inventory,1,1,Software inventory
Service Ticketing,1,1,Service Ticketing
Customer Escalation,1,1,Customer Escalation
Technology Planning,1,1,Technology Planning
Azure infrastructure,1,1,Azure infrastructure
Software refactoring,1,1,Software refactoring
LLM Evaluation,1,1,LLM Evaluation
RAI Tools,1,1,RAI Tools
RAGAS,1,1,RAGAS
Guardrails.ai,1,1,Guardrails.ai
Data Preparation,1,1,Data Preparation
DCS integration,1,1,DCS integration
RTU configuration,1,1,RTU configuration
MCC panel design,1,1,MCC panel design
Low voltage switchgear,1,1,Low voltage switchgear
Process control instrumentation,1,1,Process control instrumentation
Electrical schematics,1,1,Electrical schematics
FAT/SAT testing,1,1,FAT/SAT testing
Site commissioning,1,1,Site commissioning
Murex Datamart,1,1,Murex Datamart
Sybase SQL,1,1,Sybase SQL
CFD simulation,1,1,CFD simulation
HVAC engineering,1,1,HVAC engineering
Thermal analysis,1,1,Thermal analysis
Data center cooling,1,1,Data center cooling
CRAC unit expertise,1,1,CRAC unit expertise
Bill of Quantity,1,1,Bill of Quantity
BICSI standards knowledge,1,1,BICSI standards knowledge
TIA standards knowledge,1,1,TIA standards knowledge
Pytest,1,1,Pytest
Server Migration,1,1,Server Migration
Microsoft MCITP,1,1,Microsoft MCITP
Babel plugin development,1,1,Babel plugin development
ESLint plugin development,1,1,ESLint plugin development
Webpack configuration,1,1,Webpack configuration
Vite integration,1,1,Vite integration
Front-end tooling,1,1,Front-end tooling
Browser APIs,1,1,Browser APIs
SQL Server Architecture,1,1,SQL Server Architecture
MVP,1,1,MVP
Mobile Architecture,1,1,Mobile Architecture
Risk Identification,1,1,Risk Identification
Decisioning Solutions,1,1,Decisioning Solutions
Fraud Detection,1,1,Fraud Detection
Banking Fintech Knowledge,1,1,Banking Fintech Knowledge
Bare-metal programming,1,1,Bare-metal programming
RTL validation,1,1,RTL validation
Verification methodology,1,1,Verification methodology
Level 2 Troubleshooting,1,1,Level 2 Troubleshooting
Advanced PowerPoint,1,1,Advanced PowerPoint
Banking Lending Knowledge,1,1,Banking Lending Knowledge
Testing & Acceptance,1,1,Testing & Acceptance
Deployment Planning,1,1,Deployment Planning
HTML and CSS,1,1,HTML and CSS
Game QA,1,1,Game QA
Health Monitoring,1,1,Health Monitoring
5G Technology,1,1,5G Technology
Telco Protocols,1,1,Telco Protocols
Tender Analysis,1,1,Tender Analysis
Customization Estimation,1,1,Customization Estimation
Demo Environment Management,1,1,Demo Environment Management
Security Solutions,1,1,Security Solutions
Technical Negotiation,1,1,Technical Negotiation
Event Triggers,1,1,Event Triggers
Alfresco ECM,1,1,Alfresco ECM
MRP Systems,1,1,MRP Systems
WMS Development,1,1,WMS Development
EDI,1,1,EDI
SAP Crystal Reports,1,1,SAP Crystal Reports
GitHub collaboration,1,1,GitHub collaboration
ISO 45001,1,1,ISO 45001
ISO 37001,1,1,ISO 37001
Quality Management Systems,1,1,Quality Management Systems
Cybersecurity Advisory,1,1,Cybersecurity Advisory
User Awareness Training,1,1,User Awareness Training
Moody's RiskAuthority,1,1,Moody's RiskAuthority
Production Release Support,1,1,Production Release Support
Moodle Administration,1,1,Moodle Administration
Zoom Conferencing,1,1,Zoom Conferencing
Hate Speech Detection,1,1,Hate Speech Detection
Social Media Monitoring,1,1,Social Media Monitoring
Hindi Language Proficiency,1,1,Hindi Language Proficiency
Vietnamese Language Proficiency,1,1,Vietnamese Language Proficiency
Cultural Sensitivity,1,1,Cultural Sensitivity
Print Server Administration,1,1,Print Server Administration
Software Auditing,1,1,Software Auditing
Server Architecture,1,1,Server Architecture
Red Hat Enterprise Linux,1,1,Red Hat Enterprise Linux
IBM AIX,1,1,IBM AIX
Technical Advisory,1,1,Technical Advisory
OPCENTER Designer Coding,1,1,OPCENTER Designer Coding
MIO Development,1,1,MIO Development
Portal Studio Development,1,1,Portal Studio Development
Semiconductor Back-End,1,1,Semiconductor Back-End
PAT Testing,1,1,PAT Testing
Informix 4GL,1,1,Informix 4GL
IBM Informix,1,1,IBM Informix
Windows batch scripting,1,1,Windows batch scripting
System development lifecycle,1,1,System development lifecycle
Predictive Dialer,1,1,Predictive Dialer
Analytical Research,1,1,Analytical Research
HP NonStop,1,1,HP NonStop
TAL COBOL,1,1,TAL COBOL
Base24 Classic,1,1,Base24 Classic
ePolicy Orchestrator,1,1,ePolicy Orchestrator
Diebold Nixdorf Middleware,1,1,Diebold Nixdorf Middleware
NCR Transact-X,1,1,NCR Transact-X
ATM/CDM Solutions,1,1,ATM/CDM Solutions
Procurement and Deployment,1,1,Procurement and Deployment
Website Management,1,1,Website Management
Internal Auditing,1,1,Internal Auditing
Batch Performance Tuning,1,1,Batch Performance Tuning
Distributed Application Architecture,1,1,Distributed Application Architecture
ERD Design,1,1,ERD Design
Test Script Review,1,1,Test Script Review
CMMI Process,1,1,CMMI Process
Business analytics,1,1,Business analytics
Big Data analysis,1,1,Big Data analysis
Data capture,1,1,Data capture
Sourcetree,1,1,Sourcetree
Project Portfolio Management,1,1,Project Portfolio Management
Resource Coordination,1,1,Resource Coordination
Technical Maintenance,1,1,Technical Maintenance
Tape Backup,1,1,Tape Backup
Scope Planning,1,1,Scope Planning
Cost Planning,1,1,Cost Planning
Migration Projects,1,1,Migration Projects
Windows/Linux Administration,1,1,Windows/Linux Administration
Cloud Connectivity,1,1,Cloud Connectivity
Collaboration Management,1,1,Collaboration Management
Access Recertification,1,1,Access Recertification
Security Self-Assessment,1,1,Security Self-Assessment
Governance Liaison,1,1,Governance Liaison
Cloud Optimization,1,1,Cloud Optimization
Java Spring,1,1,Java Spring
Meraki Firewall,1,1,Meraki Firewall
CCTV Administration,1,1,CCTV Administration
VoIP Management,1,1,VoIP Management
Inbound Call Handling,1,1,Inbound Call Handling
Upselling Techniques,1,1,Upselling Techniques
Bahasa Melayu Communication,1,1,Bahasa Melayu Communication
Rotational Shift Scheduling,1,1,Rotational Shift Scheduling
Batch scripting,1,1,Batch scripting
Apache server,1,1,Apache server
Data flow modeling,1,1,Data flow modeling
Programming Skills,1,1,Programming Skills
Sensor Integration,1,1,Sensor Integration
IoT Platform,1,1,IoT Platform
JMP,1,1,JMP
Minitab,1,1,Minitab
Equipment Automation,1,1,Equipment Automation
Process FMEA,1,1,Process FMEA
Control Plan Development,1,1,Control Plan Development
User Interviews,1,1,User Interviews
Service Design,1,1,Service Design
Dovetail,1,1,Dovetail
Network Firmware Updates,1,1,Network Firmware Updates
User Flows,1,1,User Flows
Website Optimization,1,1,Website Optimization
Mobile Web,1,1,Mobile Web
Test case analysis,1,1,Test case analysis
Optical Fibre,1,1,Optical Fibre
Provisioning Automation,1,1,Provisioning Automation
Oracle Packages,1,1,Oracle Packages
Dynamic SQL,1,1,Dynamic SQL
Oracle Collections,1,1,Oracle Collections
Database Triggers,1,1,Database Triggers
Talend Big Data,1,1,Talend Big Data
Talend Components,1,1,Talend Components
HRMS administration,1,1,HRMS administration
Data stewardship,1,1,Data stewardship
Employee data management,1,1,Employee data management
Coaching & Mentoring,1,1,Coaching & Mentoring
Zend Framework,1,1,Zend Framework
Insomnia,1,1,Insomnia
Layer 3 Switching,1,1,Layer 3 Switching
WAN Troubleshooting,1,1,WAN Troubleshooting
LAN Connectivity,1,1,LAN Connectivity
CCNA Routing Switching,1,1,CCNA Routing Switching
CCNA Wireless,1,1,CCNA Wireless
Workforce Scheduling,1,1,Workforce Scheduling
Dynamics 365 Supply Chain,1,1,Dynamics 365 Supply Chain
TFS/Git,1,1,TFS/Git
Lasernet reporting,1,1,Lasernet reporting
Logic Apps,1,1,Logic Apps
Pivotal Tracker,1,1,Pivotal Tracker
Defect Identification,1,1,Defect Identification
Dual Write integration,1,1,Dual Write integration
Change Order Management,1,1,Change Order Management
Schedule Monitoring,1,1,Schedule Monitoring
EMV certification,1,1,EMV certification
CDET testing,1,1,CDET testing
ADVT assessment,1,1,ADVT assessment
MTIP integration,1,1,MTIP integration
Terminal hardware,1,1,Terminal hardware
Communication protocols,1,1,Communication protocols
ESLint,1,1,ESLint
Static Code Analysis,1,1,Static Code Analysis
Tooling Development,1,1,Tooling Development
Pre-sales Demonstration,1,1,Pre-sales Demonstration
Software Demo,1,1,Software Demo
Imaging Data Management,1,1,Imaging Data Management
Healthcare Software,1,1,Healthcare Software
Product Launch Management,1,1,Product Launch Management
Roadshow Planning,1,1,Roadshow Planning
APAC Client Engagement,1,1,APAC Client Engagement
Optometry Imaging,1,1,Optometry Imaging
Data Platform Optimization,1,1,Data Platform Optimization
Core PHP,1,1,Core PHP
Client Coordination,1,1,Client Coordination
Control Systems Familiarity,1,1,Control Systems Familiarity
Electrical Instrumentation,1,1,Electrical Instrumentation
Project Closeout,1,1,Project Closeout
Virus monitoring,1,1,Virus monitoring
IT license management,1,1,IT license management
Email account setup,1,1,Email account setup
User permissions,1,1,User permissions
CloudWatch Alerts,1,1,CloudWatch Alerts
GitOps Workflow,1,1,GitOps Workflow
SAP Plant Maintenance,1,1,SAP Plant Maintenance
Functional Specification Design,1,1,Functional Specification Design
RFP Development,1,1,RFP Development
Blueprint Documentation,1,1,Blueprint Documentation
Privileged account management,1,1,Privileged account management
Credential rotation,1,1,Credential rotation
Session management,1,1,Session management
Video annotation,1,1,Video annotation
Data labeling,1,1,Data labeling
IBM Planning Analytics,1,1,IBM Planning Analytics
TM1 Modeling,1,1,TM1 Modeling
PAW Development,1,1,PAW Development
Financial Planning,1,1,Financial Planning
JCR API,1,1,JCR API
Telecom Project Experience,1,1,Telecom Project Experience
Travel Flexibility,1,1,Travel Flexibility
SNOMED CT coding,1,1,SNOMED CT coding
LOINC coding,1,1,LOINC coding
ICD-10 coding,1,1,ICD-10 coding
Laboratory workflow analysis,1,1,Laboratory workflow analysis
Instrument interface configuration,1,1,Instrument interface configuration
Documentation and reporting,1,1,Documentation and reporting
WiFi router setup,1,1,WiFi router setup
Cocoa frameworks,1,1,Cocoa frameworks
XCTest testing,1,1,XCTest testing
Fastlane CI,1,1,Fastlane CI
Buildkite CI,1,1,Buildkite CI
Cocoapods dependency,1,1,Cocoapods dependency
Apollo Server,1,1,Apollo Server
Service reliability,1,1,Service reliability
Lean thinking,1,1,Lean thinking
ABAP OOP,1,1,ABAP OOP
SAP ECC6,1,1,SAP ECC6
SAPScript,1,1,SAPScript
RFC Communication,1,1,RFC Communication
Debugging ABAP,1,1,Debugging ABAP
Computer Troubleshooting,1,1,Computer Troubleshooting
User Requirement Analysis,1,1,User Requirement Analysis
System Tuning,1,1,System Tuning
Kafka Administration,1,1,Kafka Administration
Redis Management,1,1,Redis Management
Outlook Migration,1,1,Outlook Migration
English Bahasa Malaysia,1,1,English Bahasa Malaysia
System Backup,1,1,System Backup
Cisco Network Appliances,1,1,Cisco Network Appliances
ETL Data Integration,1,1,ETL Data Integration
Front-end Performance,1,1,Front-end Performance
vRealize Automation,1,1,vRealize Automation
NSX networking,1,1,NSX networking
vSAN storage,1,1,vSAN storage
SDN design,1,1,SDN design
HCI implementation,1,1,HCI implementation
SQL Server DBA,1,1,SQL Server DBA
Functional Requirements,1,1,Functional Requirements
Swift Interfaces,1,1,Swift Interfaces
Payment Gateway,1,1,Payment Gateway
LLM development,1,1,LLM development
Electronic Engineering,1,1,Electronic Engineering
ICT Project Management,1,1,ICT Project Management
LV Systems,1,1,LV Systems
JKR Standards,1,1,JKR Standards
GitHub Copilot,1,1,GitHub Copilot
VPN Troubleshooting,1,1,VPN Troubleshooting
Express.js framework,1,1,Express.js framework
Jest testing,1,1,Jest testing
Device compatibility testing,1,1,Device compatibility testing
Network performance testing,1,1,Network performance testing
Platform compliance testing,1,1,Platform compliance testing
Bug tracking (JIRA),1,1,Bug tracking (JIRA)
Smoke testing,1,1,Smoke testing
KNIME,1,1,KNIME
Splunk Logging,1,1,Splunk Logging
Logz.io Monitoring,1,1,Logz.io Monitoring
Document Processing,1,1,Document Processing
24/7 Operations,1,1,24/7 Operations
React Hooks,1,1,React Hooks
Redux Toolkit,1,1,Redux Toolkit
RTK Query,1,1,RTK Query
CSS/LESS,1,1,CSS/LESS
I18N,1,1,I18N
Mocha,1,1,Mocha
RIP2 routing,1,1,RIP2 routing
NFV orchestration,1,1,NFV orchestration
IP-VPN configuration,1,1,IP-VPN configuration
ITIL v3 Foundation,1,1,ITIL v3 Foundation
Laptop hardware diagnostics,1,1,Laptop hardware diagnostics
Motherboard repair,1,1,Motherboard repair
Firmware upgrade,1,1,Firmware upgrade
ESD safety,1,1,ESD safety
Component testing,1,1,Component testing
Troubleshooting laptops,1,1,Troubleshooting laptops
Power chipset replacement,1,1,Power chipset replacement
DC jack repair,1,1,DC jack repair
Fan replacement,1,1,Fan replacement
SPC setup,1,1,SPC setup
Manufacturing support,1,1,Manufacturing support
JAXB,1,1,JAXB
Unix/Linux commands,1,1,Unix/Linux commands
Audit Remediation,1,1,Audit Remediation
Neural Networks,1,1,Neural Networks
KYC Compliance,1,1,KYC Compliance
Payments Escalation,1,1,Payments Escalation
Python backend,1,1,Python backend
Rust systems,1,1,Rust systems
Solidity smart contracts,1,1,Solidity smart contracts
Statistical Testing,1,1,Statistical Testing
Cypress Automation,1,1,Cypress Automation
Quality Assurance Processes,1,1,Quality Assurance Processes
Trading system support,1,1,Trading system support
Derivatives trading,1,1,Derivatives trading
Monitoring processes,1,1,Monitoring processes
SQLAlchemy,1,1,SQLAlchemy
Conda,1,1,Conda
Multi-process Architecture,1,1,Multi-process Architecture
AWS CodeCommit,1,1,AWS CodeCommit
Monitoring Automation,1,1,Monitoring Automation
Project Financial Management,1,1,Project Financial Management
Foreign Currency Hedging,1,1,Foreign Currency Hedging
Forecasting Reporting,1,1,Forecasting Reporting
Month-End Closing,1,1,Month-End Closing
CPM Certification,1,1,CPM Certification
Business Administration,1,1,Business Administration
WebDynpro,1,1,WebDynpro
SD/MM,1,1,SD/MM
Plugin Integration,1,1,Plugin Integration
WooCommerce Setup,1,1,WooCommerce Setup
Managed Services,1,1,Managed Services
Java Spring Boot,1,1,Java Spring Boot
JBoss Application Server,1,1,JBoss Application Server
JWT,1,1,JWT
Security Systems Administration,1,1,Security Systems Administration
Safety Regulations,1,1,Safety Regulations
Shared Services,1,1,Shared Services
Laptop hardware support,1,1,Laptop hardware support
Ticketing system documentation,1,1,Ticketing system documentation
Windows driver development,1,1,Windows driver development
User-mode driver development,1,1,User-mode driver development
WinDBG debugging,1,1,WinDBG debugging
PMO Management,1,1,PMO Management
Project Management Methodology,1,1,Project Management Methodology
Timesheet Reporting,1,1,Timesheet Reporting
IT Audit Coordination,1,1,IT Audit Coordination
Functional Design,1,1,Functional Design
Testing Methodologies,1,1,Testing Methodologies
General Insurance Knowledge,1,1,General Insurance Knowledge
Underwriting Processes,1,1,Underwriting Processes
Claims Management,1,1,Claims Management
IT Vendor Coordination,1,1,IT Vendor Coordination
Clean Code Practices,1,1,Clean Code Practices
Ownership,1,1,Ownership
Azure Cloud Management,1,1,Azure Cloud Management
Cybersecurity Operations,1,1,Cybersecurity Operations
IDPS Management,1,1,IDPS Management
Network Firewall Configuration,1,1,Network Firewall Configuration
Uniformance Operations,1,1,Uniformance Operations
Plant Computing,1,1,Plant Computing
L3/L4 Support,1,1,L3/L4 Support
Digitalization Engineering,1,1,Digitalization Engineering
Electronic Logbooks,1,1,Electronic Logbooks
Process Control Systems,1,1,Process Control Systems
Testing and Rollout,1,1,Testing and Rollout
Mentoring Junior Engineers,1,1,Mentoring Junior Engineers
PMI Methodology,1,1,PMI Methodology
Security Incident Analysis,1,1,Security Incident Analysis
LAN/WAN/VPN,1,1,LAN/WAN/VPN
Router Administration,1,1,Router Administration
Spiceworks Ticketing,1,1,Spiceworks Ticketing
Partner Relationship Management,1,1,Partner Relationship Management
GTM Strategy,1,1,GTM Strategy
Revenue Forecasting,1,1,Revenue Forecasting
Pipeline Review,1,1,Pipeline Review
Marketing Enablement,1,1,Marketing Enablement
Wired Networking,1,1,Wired Networking
HCI,1,1,HCI
VDI,1,1,VDI
Angular 17,1,1,Angular 17
Blazor Web Framework,1,1,Blazor Web Framework
Debugging Refactoring,1,1,Debugging Refactoring
Low Voltage Maintenance,1,1,Low Voltage Maintenance
Network KPI Management,1,1,Network KPI Management
Electrical Safety Compliance,1,1,Electrical Safety Compliance
DC UPS Management,1,1,DC UPS Management
Air‑Conditioning Maintenance,1,1,Air‑Conditioning Maintenance
Fire‑fighting System Maintenance,1,1,Fire‑fighting System Maintenance
Chargeman Certification,1,1,Chargeman Certification
Electrical Fault Diagnosis,1,1,Electrical Fault Diagnosis
O&M Scheduling,1,1,O&M Scheduling
Electrical Regulations Knowledge,1,1,Electrical Regulations Knowledge
MuleSoft,1,1,MuleSoft
LEMP stack,1,1,LEMP stack
Product Development Collaboration,1,1,Product Development Collaboration
Bid Requirement Gathering,1,1,Bid Requirement Gathering
Demo Execution,1,1,Demo Execution
ITIL v4 Foundation,1,1,ITIL v4 Foundation
ITIL Intermediate Operational Support,1,1,ITIL Intermediate Operational Support
Service Desk Leadership,1,1,Service Desk Leadership
SLA/KPI Management,1,1,SLA/KPI Management
Product Data Management,1,1,Product Data Management
LED Documentation,1,1,LED Documentation
Process Control,1,1,Process Control
ISO8583 messaging,1,1,ISO8583 messaging
EMV integration,1,1,EMV integration
SecDevOps practices,1,1,SecDevOps practices
HSM encryption,1,1,HSM encryption
SVM,1,1,SVM
Metabase,1,1,Metabase
Component Reusability,1,1,Component Reusability
I2C interface,1,1,I2C interface
SPI interface,1,1,SPI interface
UART communication,1,1,UART communication
FreeRTOS OS,1,1,FreeRTOS OS
USB peripheral,1,1,USB peripheral
CDN Troubleshooting,1,1,CDN Troubleshooting
Product Delivery,1,1,Product Delivery
Influence Skills,1,1,Influence Skills
LED screen installation,1,1,LED screen installation
On-site service,1,1,On-site service
RMA handling,1,1,RMA handling
FAT planning,1,1,FAT planning
Commissioning testing,1,1,Commissioning testing
SAP Release Management,1,1,SAP Release Management
Azure Architecture,1,1,Azure Architecture
Landing Zone Design,1,1,Landing Zone Design
Container Workloads,1,1,Container Workloads
Conditional Access,1,1,Conditional Access
Privileged Identity Management,1,1,Privileged Identity Management
FinOps Management,1,1,FinOps Management
Cloud Administration,1,1,Cloud Administration
ARM architecture,1,1,ARM architecture
SAS interface,1,1,SAS interface
Conversion funnel analysis,1,1,Conversion funnel analysis
PHP 5,1,1,PHP 5
Opencart Development,1,1,Opencart Development
Magento API,1,1,Magento API
LAMP Administration,1,1,LAMP Administration
Replication Failover,1,1,Replication Failover
Front-end Technologies,1,1,Front-end Technologies
User Lifecycle Management,1,1,User Lifecycle Management
Surveillance System Support,1,1,Surveillance System Support
Programming Knowledge,1,1,Programming Knowledge
Cisco Firepower,1,1,Cisco Firepower
Wi-Fi Solutions,1,1,Wi-Fi Solutions
MS Visio,1,1,MS Visio
Security SIEM,1,1,Security SIEM
Huawei Cloud Operations,1,1,Huawei Cloud Operations
Security technologies,1,1,Security technologies
Cloud technical support,1,1,Cloud technical support
Kotlin Multiplatform,1,1,Kotlin Multiplatform
LaunchDarkly Feature Flags,1,1,LaunchDarkly Feature Flags
Ktor HTTP Client,1,1,Ktor HTTP Client
Silverlake Banking,1,1,Silverlake Banking
Microsoft Defender for Endpoint,1,1,Microsoft Defender for Endpoint
M365 Security,1,1,M365 Security
GitOps workflows,1,1,GitOps workflows
CKAD certification,1,1,CKAD certification
CKA certification,1,1,CKA certification
System Performance Tuning,1,1,System Performance Tuning
Data Replication,1,1,Data Replication
Visual Studio Code,1,1,Visual Studio Code
Technical Assessment,1,1,Technical Assessment
Azure Solutions,1,1,Azure Solutions
KissFlow Development,1,1,KissFlow Development
Front-end Customization,1,1,Front-end Customization
2D/3D Graphics,1,1,2D/3D Graphics
Game Architecture,1,1,Game Architecture
Game Development Pipeline,1,1,Game Development Pipeline
Warehouse Operations,1,1,Warehouse Operations
Health & Safety,1,1,Health & Safety
Forklift Operation,1,1,Forklift Operation
OSHA Compliance,1,1,OSHA Compliance
Shift Management,1,1,Shift Management
Records Management,1,1,Records Management
Mail Processing,1,1,Mail Processing
Courier Coordination,1,1,Courier Coordination
Facility Monitoring,1,1,Facility Monitoring
Stock Reconciliation,1,1,Stock Reconciliation
Attendance Tracking,1,1,Attendance Tracking
SAP B1 Implementation,1,1,SAP B1 Implementation
SAP SDK,1,1,SAP SDK
Finance Module Expertise,1,1,Finance Module Expertise
Network Operations Management,1,1,Network Operations Management
ITIL 4 Foundation,1,1,ITIL 4 Foundation
Incident Management Process,1,1,Incident Management Process
Security Compliance Audits,1,1,Security Compliance Audits
Metrics Tracking,1,1,Metrics Tracking
Backlog Prioritization,1,1,Backlog Prioritization
Payments Knowledge,1,1,Payments Knowledge
Solution Sizing,1,1,Solution Sizing
Wireless Site Survey,1,1,Wireless Site Survey
Heatmap Generation,1,1,Heatmap Generation
IP Configuration,1,1,IP Configuration
Visualforce Pages,1,1,Visualforce Pages
SFDC Metadata API,1,1,SFDC Metadata API
Flow Builder,1,1,Flow Builder
TPM integration,1,1,TPM integration
BMC management,1,1,BMC management
L1 Service Desk,1,1,L1 Service Desk
Point of Sale,1,1,Point of Sale
Telerik UI,1,1,Telerik UI
Blockchain Security,1,1,Blockchain Security
Curriculum Development,1,1,Curriculum Development
ISAE 3402,1,1,ISAE 3402
Security Controls Monitoring,1,1,Security Controls Monitoring
PCI PA-DSS,1,1,PCI PA-DSS
CAD/CAM design,1,1,CAD/CAM design
Machine calibration,1,1,Machine calibration
Analytical reasoning,1,1,Analytical reasoning
Schedule control,1,1,Schedule control
Ant,1,1,Ant
Data Review,1,1,Data Review
Data Housekeeping,1,1,Data Housekeeping
Fast-Paced Workflow,1,1,Fast-Paced Workflow
Web Content Review,1,1,Web Content Review
First-line support,1,1,First-line support
Wrike,1,1,Wrike
Network OS,1,1,Network OS
SAP Blueprint,1,1,SAP Blueprint
RICEFW Development,1,1,RICEFW Development
SAP Authorization,1,1,SAP Authorization
SAP Cutover,1,1,SAP Cutover
IT Asset Inventory,1,1,IT Asset Inventory
Technology Testing,1,1,Technology Testing
Production System Management,1,1,Production System Management
Incident logging,1,1,Incident logging
Oracle OFSAA,1,1,Oracle OFSAA
Hyperion,1,1,Hyperion
Fund Migration,1,1,Fund Migration
Asset Servicing,1,1,Asset Servicing
Custody Services,1,1,Custody Services
Cloud Scalability,1,1,Cloud Scalability
Recruitment & Onboarding,1,1,Recruitment & Onboarding
3D CAD,1,1,3D CAD
CAM Programming,1,1,CAM Programming
FEA Analysis,1,1,FEA Analysis
Project Consultancy,1,1,Project Consultancy
Security Metrics,1,1,Security Metrics
Trello,1,1,Trello
Bilingual Chinese English,1,1,Bilingual Chinese English
Amazon Redshift,1,1,Amazon Redshift
Data storytelling,1,1,Data storytelling
Retail analytics,1,1,Retail analytics
Fire Sprinkler Systems,1,1,Fire Sprinkler Systems
Fire Alarm Systems,1,1,Fire Alarm Systems
Installation Supervision,1,1,Installation Supervision
Fire Safety Engineering,1,1,Fire Safety Engineering
IT Staff Leadership,1,1,IT Staff Leadership
Linux Deployment,1,1,Linux Deployment
Data Modernization,1,1,Data Modernization
DevOps Engineering,1,1,DevOps Engineering
Svelte,1,1,Svelte
POS Integration,1,1,POS Integration
Spreadsheet Development,1,1,Spreadsheet Development
Payroll Integration,1,1,Payroll Integration
Telephony Integration,1,1,Telephony Integration
SDN Implementation,1,1,SDN Implementation
Domain-Driven Design,1,1,Domain-Driven Design
Responsive UI/UX,1,1,Responsive UI/UX
Bugsnag,1,1,Bugsnag
NDK,1,1,NDK
EDI Interface,1,1,EDI Interface
RESTful Integration,1,1,RESTful Integration
Supply Chain Integration,1,1,Supply Chain Integration
Automated Monitoring,1,1,Automated Monitoring
PC formatting,1,1,PC formatting
Server support,1,1,Server support
IT implementation,1,1,IT implementation
Mainframe Operations,1,1,Mainframe Operations
Capacity Monitoring,1,1,Capacity Monitoring
Asset Inventory Control,1,1,Asset Inventory Control
vCenter Server,1,1,vCenter Server
VMware HA,1,1,VMware HA
Prism Central,1,1,Prism Central
HPE 3PAR,1,1,HPE 3PAR
HPE Nimble,1,1,HPE Nimble
SAN Switch Zoning,1,1,SAN Switch Zoning
RAID Configuration,1,1,RAID Configuration
ATE development,1,1,ATE development
Test hardware design,1,1,Test hardware design
Probe card layout,1,1,Probe card layout
Mixed-signal testing,1,1,Mixed-signal testing
Digital test debugging,1,1,Digital test debugging
Test time optimization,1,1,Test time optimization
Test program conversion,1,1,Test program conversion
Electrical circuit analysis,1,1,Electrical circuit analysis
AI Vision,1,1,AI Vision
GCIH Certification,1,1,GCIH Certification
CSIH Certification,1,1,CSIH Certification
Finance Lead,1,1,Finance Lead
Product Costing,1,1,Product Costing
Greenfield Implementation,1,1,Greenfield Implementation
SAP Consulting,1,1,SAP Consulting
MS Dynamics AX,1,1,MS Dynamics AX
Manufacturing knowledge,1,1,Manufacturing knowledge
Distribution knowledge,1,1,Distribution knowledge
Firebird,1,1,Firebird
RDBMS Logic,1,1,RDBMS Logic
Data Warehouse Engineering,1,1,Data Warehouse Engineering
User Management,1,1,User Management
OceanBase,1,1,OceanBase
Chinese Language,1,1,Chinese Language
Shared Services Operations,1,1,Shared Services Operations
IT Project Deployment,1,1,IT Project Deployment
Incident Ticketing,1,1,Incident Ticketing
Cocos2d-x,1,1,Cocos2d-x
Web Game Development,1,1,Web Game Development
Content Writing,1,1,Content Writing
Audience Engagement,1,1,Audience Engagement
Editorial Planning,1,1,Editorial Planning
Nokia IP deployment,1,1,Nokia IP deployment
Site supervision,1,1,Site supervision
FO cable preparation,1,1,FO cable preparation
Hardware swap,1,1,Hardware swap
Power termination,1,1,Power termination
CRQ/ePTW processing,1,1,CRQ/ePTW processing
TP survey review,1,1,TP survey review
HAT support,1,1,HAT support
Network topology analysis,1,1,Network topology analysis
BOQ review,1,1,BOQ review
Installation MOP creation,1,1,Installation MOP creation
SharePoint documentation,1,1,SharePoint documentation
IP hardware troubleshooting,1,1,IP hardware troubleshooting
CSS Bootstrap,1,1,CSS Bootstrap
Employee Central,1,1,Employee Central
HRIS Implementation,1,1,HRIS Implementation
Enterprise Security Architecture,1,1,Enterprise Security Architecture
Cloud Security Solutions,1,1,Cloud Security Solutions
NIST SP 800-53,1,1,NIST SP 800-53
IBM FileNet,1,1,IBM FileNet
FileNet P8,1,1,FileNet P8
MVC Design Pattern,1,1,MVC Design Pattern
BEA WebLogic,1,1,BEA WebLogic
Cisco Telephony,1,1,Cisco Telephony
Shopify Liquid,1,1,Shopify Liquid
Shopify Theme Development,1,1,Shopify Theme Development
Conversion Rate Optimization,1,1,Conversion Rate Optimization
System upgrading,1,1,System upgrading
Integration troubleshooting,1,1,Integration troubleshooting
HiveQL,1,1,HiveQL
Pig Latin,1,1,Pig Latin
Spark Streaming,1,1,Spark Streaming
HR Management System,1,1,HR Management System
Cross Cultural Collaboration,1,1,Cross Cultural Collaboration
Waterfall Testing,1,1,Waterfall Testing
Mainframe Testing,1,1,Mainframe Testing
Multi-vendor Coordination,1,1,Multi-vendor Coordination
Cards Payments,1,1,Cards Payments
Project Design,1,1,Project Design
Solution integration,1,1,Solution integration
Troubleshooting coding,1,1,Troubleshooting coding
z/OS Administration,1,1,z/OS Administration
SAN Management,1,1,SAN Management
Enterprise Software Sales,1,1,Enterprise Software Sales
Territory Planning,1,1,Territory Planning
Strategic Account Management,1,1,Strategic Account Management
SaaS Sales,1,1,SaaS Sales
Market Strategy,1,1,Market Strategy
Quota Forecasting,1,1,Quota Forecasting
HTTP Networking,1,1,HTTP Networking
XML Parsing,1,1,XML Parsing
Unix/Linux CLI,1,1,Unix/Linux CLI
Relational SQL,1,1,Relational SQL
Ionic Angular,1,1,Ionic Angular
BitBucket Repository,1,1,BitBucket Repository
Liferay,1,1,Liferay
Cloud Accounting,1,1,Cloud Accounting
Two-Factor Authentication,1,1,Two-Factor Authentication
IT Project Planning,1,1,IT Project Planning
ServiceNow Architecture,1,1,ServiceNow Architecture
UI Policy Design,1,1,UI Policy Design
Security Controls Assessment,1,1,Security Controls Assessment
Red Team Simulation,1,1,Red Team Simulation
Third-Party Risk,1,1,Third-Party Risk
SaaS Platforms,1,1,SaaS Platforms
UI/UX Implementation,1,1,UI/UX Implementation
Agile software delivery,1,1,Agile software delivery
Bilingual Spanish,1,1,Bilingual Spanish
Expense Tracking,1,1,Expense Tracking
Crystal Reports Designer,1,1,Crystal Reports Designer
Report Performance Tuning,1,1,Report Performance Tuning
Algorithm Selection,1,1,Algorithm Selection
Micro Focus UFT,1,1,Micro Focus UFT
Workflow Management,1,1,Workflow Management
Test Script Design,1,1,Test Script Design
Website Performance,1,1,Website Performance
SQL subqueries,1,1,SQL subqueries
SQL joins,1,1,SQL joins
Oracle functions,1,1,Oracle functions
PL/SQL collections,1,1,PL/SQL collections
PL/SQL VARRAY,1,1,PL/SQL VARRAY
PL/SQL exception handling,1,1,PL/SQL exception handling
PL/SQL cursors,1,1,PL/SQL cursors
PL/SQL packages,1,1,PL/SQL packages
Project prioritization,1,1,Project prioritization
RMA Process,1,1,RMA Process
Cisco IOS,1,1,Cisco IOS
LLM Familiarity,1,1,LLM Familiarity
IT hardware deployment,1,1,IT hardware deployment
System health assessment,1,1,System health assessment
Project collaboration,1,1,Project collaboration
Material Management,1,1,Material Management
ColdFusion,1,1,ColdFusion
App Development,1,1,App Development
Outlook 365,1,1,Outlook 365
Availability Management,1,1,Availability Management
Wireframe Creation,1,1,Wireframe Creation
iOS UI Design,1,1,iOS UI Design
Android UI Design,1,1,Android UI Design
Design Pattern Documentation,1,1,Design Pattern Documentation
SAP BO,1,1,SAP BO
Adobe Experience Manager,1,1,Adobe Experience Manager
Oracle Eloqua,1,1,Oracle Eloqua
API Troubleshooting,1,1,API Troubleshooting
Web Analytics Debugging,1,1,Web Analytics Debugging
Digital Web Support,1,1,Digital Web Support
Security Configuration Management,1,1,Security Configuration Management
Data centre HVAC,1,1,Data centre HVAC
Power distribution design,1,1,Power distribution design
Uptime Institute Tier,1,1,Uptime Institute Tier
ICT infrastructure planning,1,1,ICT infrastructure planning
Bidding proposal development,1,1,Bidding proposal development
Customer negotiation,1,1,Customer negotiation
SolidWorks modeling,1,1,SolidWorks modeling
Web Application Design,1,1,Web Application Design
Global Sourcing,1,1,Global Sourcing
BOM Costing,1,1,BOM Costing
Supplier Performance Metrics,1,1,Supplier Performance Metrics
Network Procurement,1,1,Network Procurement
Total Cost of Ownership,1,1,Total Cost of Ownership
Remote access tools,1,1,Remote access tools
Training material development,1,1,Training material development
Cocoa Touch,1,1,Cocoa Touch
XCTest,1,1,XCTest
Buildkite,1,1,Buildkite
Service Reliability Engineering,1,1,Service Reliability Engineering
Training Needs Analysis,1,1,Training Needs Analysis
Program Evaluation,1,1,Program Evaluation
Technical Debt Management,1,1,Technical Debt Management
Enterprise Architecture Collaboration,1,1,Enterprise Architecture Collaboration
Customer Service Strategy,1,1,Customer Service Strategy
IT Audit Planning,1,1,IT Audit Planning
Issue Triage,1,1,Issue Triage
CI/CD Monitoring,1,1,CI/CD Monitoring
Cisco ACI Switches,1,1,Cisco ACI Switches
Leaf-Spine Design,1,1,Leaf-Spine Design
Huawei Switches,1,1,Huawei Switches
Network Patching,1,1,Network Patching
Microsoft Technologies,1,1,Microsoft Technologies
Coding Skills,1,1,Coding Skills
Cyber Defense,1,1,Cyber Defense
Security Standards,1,1,Security Standards
PowerShell automation,1,1,PowerShell automation
Threat intelligence integration,1,1,Threat intelligence integration
Log correlation rules,1,1,Log correlation rules
UEBA configuration,1,1,UEBA configuration
IAM access control,1,1,IAM access control
Well Data Interpretation,1,1,Well Data Interpretation
Sand Control Engineering,1,1,Sand Control Engineering
Job Planning,1,1,Job Planning
Field Operations,1,1,Field Operations
Banking Implementation,1,1,Banking Implementation
Client Implementation,1,1,Client Implementation
Lean Methodology,1,1,Lean Methodology
Plaster Application,1,1,Plaster Application
Cement Mixing,1,1,Cement Mixing
Construction Inspection,1,1,Construction Inspection
Blueprint Interpretation,1,1,Blueprint Interpretation
Lean Construction,1,1,Lean Construction
Material Estimation,1,1,Material Estimation
QA Standards,1,1,QA Standards
Deadline Management,1,1,Deadline Management
Upselling,1,1,Upselling
Networking Events,1,1,Networking Events
Computer setup,1,1,Computer setup
Oracle Data Integrator,1,1,Oracle Data Integrator
Webflow,1,1,Webflow
ITSM Ticketing,1,1,ITSM Ticketing
ETL Support,1,1,ETL Support
NOC Management,1,1,NOC Management
SAP Production Planning,1,1,SAP Production Planning
SAP PP Configuration,1,1,SAP PP Configuration
SAP PM Module,1,1,SAP PM Module
SAP WM Module,1,1,SAP WM Module
SAP LE Module,1,1,SAP LE Module
SAP System Testing,1,1,SAP System Testing
Business English,1,1,Business English
Event Planning,1,1,Event Planning
Grant Writing,1,1,Grant Writing
Monitoring Evaluation,1,1,Monitoring Evaluation
Fundraising,1,1,Fundraising
SAP Infrastructure,1,1,SAP Infrastructure
e-Commerce Testing,1,1,e-Commerce Testing
XML Publisher (XMLP),1,1,XML Publisher (XMLP)
Oracle Workflow Design,1,1,Oracle Workflow Design
Data Warehouse Modeling,1,1,Data Warehouse Modeling
Data Compliance,1,1,Data Compliance
Talend,1,1,Talend
Iteration Planning,1,1,Iteration Planning
User Story Elaboration,1,1,User Story Elaboration
Service Maintenance,1,1,Service Maintenance
Feedback Collaboration,1,1,Feedback Collaboration
Allegro,1,1,Allegro
Energy Trading,1,1,Energy Trading
IC Chip Inspection,1,1,IC Chip Inspection
RHCA Certification,1,1,RHCA Certification
Red Hat Satellite API,1,1,Red Hat Satellite API
AV equipment setup,1,1,AV equipment setup
Digital signage management,1,1,Digital signage management
Event AV support,1,1,Event AV support
LAN Cabling,1,1,LAN Cabling
SAP Fieldglass,1,1,SAP Fieldglass
SAP Ariba,1,1,SAP Ariba
ASAPIO Cloud Integrator,1,1,ASAPIO Cloud Integrator
Agile Activate Methodology,1,1,Agile Activate Methodology
Custom Reporting,1,1,Custom Reporting
Backup & Failover,1,1,Backup & Failover
Client Interviewing,1,1,Client Interviewing
Virtual Desktop,1,1,Virtual Desktop
Lean Process,1,1,Lean Process
SAP B1 Configuration,1,1,SAP B1 Configuration
IT Leadership,1,1,IT Leadership
Infrastructure Operations,1,1,Infrastructure Operations
Innovation Culture,1,1,Innovation Culture
SAP Procurement,1,1,SAP Procurement
ISMS Compliance,1,1,ISMS Compliance
Microsoft Certified Professional,1,1,Microsoft Certified Professional
Supplier Performance,1,1,Supplier Performance
IT Hardware Procurement,1,1,IT Hardware Procurement
Auction Management,1,1,Auction Management
Cloud application development,1,1,Cloud application development
Software product knowledge,1,1,Software product knowledge
Trade Processing,1,1,Trade Processing
Trade Reconciliation,1,1,Trade Reconciliation
Operations Administration,1,1,Operations Administration
Network Technologies,1,1,Network Technologies
Routing Equipment,1,1,Routing Equipment
Purchase Order Processing,1,1,Purchase Order Processing
SAP Business By Design,1,1,SAP Business By Design
Order Entry,1,1,Order Entry
User-Centric Design,1,1,User-Centric Design
On-Premise Solutions,1,1,On-Premise Solutions
Azure Analysis Services,1,1,Azure Analysis Services
Investment Banking,1,1,Investment Banking
IT Service Support,1,1,IT Service Support
Flutter Mobile,1,1,Flutter Mobile
LVM storage,1,1,LVM storage
Btrfs filesystem,1,1,Btrfs filesystem
EMR Management,1,1,EMR Management
HIS Administration,1,1,HIS Administration
Legacy System Migration,1,1,Legacy System Migration
SaaS Implementation,1,1,SaaS Implementation
Certified Analytics Professional,1,1,Certified Analytics Professional
Email Blast Platform,1,1,Email Blast Platform
DevSecOps Practices,1,1,DevSecOps Practices
Public Relations,1,1,Public Relations
Model Optimization,1,1,Model Optimization
OkHttp,1,1,OkHttp
Retrofit,1,1,Retrofit
Push Notifications,1,1,Push Notifications
Google Maps API,1,1,Google Maps API
CW1 Application Knowledge,1,1,CW1 Application Knowledge
Offshore Team Coordination,1,1,Offshore Team Coordination
Upgrade Management,1,1,Upgrade Management
MEP Engineering,1,1,MEP Engineering
Cleanroom Design,1,1,Cleanroom Design
Testing and Commissioning,1,1,Testing and Commissioning
OS/400 Administration,1,1,OS/400 Administration
iSeries PTF Management,1,1,iSeries PTF Management
BRMS Backup Recovery,1,1,BRMS Backup Recovery
PCI SOX Compliance,1,1,PCI SOX Compliance
IBM TCP/IP Networking,1,1,IBM TCP/IP Networking
SQL/400 Querying,1,1,SQL/400 Querying
HMC LPAR Management,1,1,HMC LPAR Management
IaaS Automation,1,1,IaaS Automation
Active Directory Federation,1,1,Active Directory Federation
Citrix Cloud,1,1,Citrix Cloud
Citrix Director,1,1,Citrix Director
Citrix ADC,1,1,Citrix ADC
Citrix Patch Management,1,1,Citrix Patch Management
ITSM incident resolution,1,1,ITSM incident resolution
GPO management,1,1,GPO management
CRM Administration,1,1,CRM Administration
Data Auditing,1,1,Data Auditing
Android OS,1,1,Android OS
AV System Integration,1,1,AV System Integration
Bash Shell,1,1,Bash Shell
Google Apps Script,1,1,Google Apps Script
Zapier,1,1,Zapier
SIP voice configuration,1,1,SIP voice configuration
Graylog logging,1,1,Graylog logging
WPF UI development,1,1,WPF UI development
Real-time embedded systems,1,1,Real-time embedded systems
RTOS development,1,1,RTOS development
ARM microcontroller programming,1,1,ARM microcontroller programming
Application Architecture,1,1,Application Architecture
Architecture Roadmapping,1,1,Architecture Roadmapping
EA Tool Evaluation,1,1,EA Tool Evaluation
Presales Presentation,1,1,Presales Presentation
Employee Relations,1,1,Employee Relations
Compensation Management,1,1,Compensation Management
Benefits Administration,1,1,Benefits Administration
HR Strategy,1,1,HR Strategy
Multi-country HR,1,1,Multi-country HR
RBAC Implementation,1,1,RBAC Implementation
ASP Classic,1,1,ASP Classic
Internet of Things,1,1,Internet of Things
Photocopier Repair,1,1,Photocopier Repair
Laptop Support,1,1,Laptop Support
Wireless Configuration,1,1,Wireless Configuration
Inventory Tracking,1,1,Inventory Tracking
HP Printer Repair,1,1,HP Printer Repair
Work Breakdown Structure,1,1,Work Breakdown Structure
Team Coaching,1,1,Team Coaching
Progress Tracking,1,1,Progress Tracking
Retail IT Systems,1,1,Retail IT Systems
Confluence Collaboration,1,1,Confluence Collaboration
Digital design,1,1,Digital design
Vision processing,1,1,Vision processing
Verification,1,1,Verification
Exchange Online,1,1,Exchange Online
Sophos Firewall,1,1,Sophos Firewall
SAP Functional Configuration,1,1,SAP Functional Configuration
SAP Upgrade Migration,1,1,SAP Upgrade Migration
Blueprint Development,1,1,Blueprint Development
Access Provisioning,1,1,Access Provisioning
Cybersecurity Monitoring,1,1,Cybersecurity Monitoring
Windows Server Management,1,1,Windows Server Management
MIS Compliance,1,1,MIS Compliance
Java SE,1,1,Java SE
CRM Support,1,1,CRM Support
Supply Chain Systems,1,1,Supply Chain Systems
HR Software Deployment,1,1,HR Software Deployment
Maintenance Coordination,1,1,Maintenance Coordination
Operations Support,1,1,Operations Support
XML Integration,1,1,XML Integration
FastLoad,1,1,FastLoad
MultiLoad,1,1,MultiLoad
TPump,1,1,TPump
BTEQ,1,1,BTEQ
SAP Concur Configuration,1,1,SAP Concur Configuration
Travel Expense Management,1,1,Travel Expense Management
Audit Rule Management,1,1,Audit Rule Management
KPI Dashboard Development,1,1,KPI Dashboard Development
Android Management,1,1,Android Management
iOS Management,1,1,iOS Management
Device Management,1,1,Device Management
Desktop Virtualization,1,1,Desktop Virtualization
Printer Management,1,1,Printer Management
Third-Party Risk Management,1,1,Third-Party Risk Management
CRISC,1,1,CRISC
Tabletop Exercises,1,1,Tabletop Exercises
Security Incident Handling,1,1,Security Incident Handling
Workflow orchestration,1,1,Workflow orchestration
Siemens Teamcenter,1,1,Siemens Teamcenter
Teamcenter ITK,1,1,Teamcenter ITK
PLMXML,1,1,PLMXML
MCAD Integration,1,1,MCAD Integration
Engineering Change Management,1,1,Engineering Change Management
VR development,1,1,VR development
3D modeling,1,1,3D modeling
Enhancement Planning,1,1,Enhancement Planning
HRMS,1,1,HRMS
Email Handling,1,1,Email Handling
Live Chat,1,1,Live Chat
NFV architecture,1,1,NFV architecture
Cloud platform design,1,1,Cloud platform design
VNF onboarding,1,1,VNF onboarding
SDN orchestration,1,1,SDN orchestration
Network dimensioning,1,1,Network dimensioning
Traffic forecasting,1,1,Traffic forecasting
Process Reengineering,1,1,Process Reengineering
C-suite Engagement,1,1,C-suite Engagement
IT Services Sales,1,1,IT Services Sales
Intelligent Automation,1,1,Intelligent Automation
SAP Sales,1,1,SAP Sales
Analytics Consulting,1,1,Analytics Consulting
Fintech Solutions,1,1,Fintech Solutions
Deal Closing,1,1,Deal Closing
High Voltage Maintenance,1,1,High Voltage Maintenance
Electrical Commissioning,1,1,Electrical Commissioning
HVDC Transmission,1,1,HVDC Transmission
Switchgear Installation,1,1,Switchgear Installation
Remote Diagnostics,1,1,Remote Diagnostics
Professional English,1,1,Professional English
Digital Grid Tools,1,1,Digital Grid Tools
Troubleshooting Analysis,1,1,Troubleshooting Analysis
Automatic Storage Management,1,1,Automatic Storage Management
Oracle SSO,1,1,Oracle SSO
Fusion Middleware,1,1,Fusion Middleware
Application Development Framework,1,1,Application Development Framework
Broadcom Automic,1,1,Broadcom Automic
Sabrix Tax,1,1,Sabrix Tax
Exadata Patching,1,1,Exadata Patching
OCI Certified,1,1,OCI Certified
Spring WebFlux,1,1,Spring WebFlux
Java multithreading,1,1,Java multithreading
Reactive Java,1,1,Reactive Java
AWS SQS,1,1,AWS SQS
Dynamics 365 CE,1,1,Dynamics 365 CE
Client Management,1,1,Client Management
webMethods Integration,1,1,webMethods Integration
ESB Development,1,1,ESB Development
WM TestSuite,1,1,WM TestSuite
BPM Modeling,1,1,BPM Modeling
JDBC Adapter,1,1,JDBC Adapter
SAP Adapter,1,1,SAP Adapter
Desktop Application Development,1,1,Desktop Application Development
Payment Operations Management,1,1,Payment Operations Management
Settlement Oversight,1,1,Settlement Oversight
Payment Product Knowledge,1,1,Payment Product Knowledge
Spare parts logistics,1,1,Spare parts logistics
API Documentation,1,1,API Documentation
Excel advanced,1,1,Excel advanced
Report automation,1,1,Report automation
REST API Testing,1,1,REST API Testing
Nessus Scanner,1,1,Nessus Scanner
Linux Security,1,1,Linux Security
Multi-agent pathfinding,1,1,Multi-agent pathfinding
Steel Fabrication,1,1,Steel Fabrication
Welding,1,1,Welding
Structural Erection,1,1,Structural Erection
Material Handling,1,1,Material Handling
Heavy Equipment Operation,1,1,Heavy Equipment Operation
Construction Site Supervision,1,1,Construction Site Supervision
Odoo Customization,1,1,Odoo Customization
Shift Team Leadership,1,1,Shift Team Leadership
First-Level Troubleshooting,1,1,First-Level Troubleshooting
Network Equipment Maintenance,1,1,Network Equipment Maintenance
Realm DB,1,1,Realm DB
Sputter Engineering,1,1,Sputter Engineering
HAMR Development,1,1,HAMR Development
Tribology Qualification,1,1,Tribology Qualification
Material Science,1,1,Material Science
Spring Tool Suite,1,1,Spring Tool Suite
Structural Design,1,1,Structural Design
Steel Structure Design,1,1,Steel Structure Design
RStab Software,1,1,RStab Software
BIM Modeling,1,1,BIM Modeling
Tender Estimating,1,1,Tender Estimating
Engineering Calculations,1,1,Engineering Calculations
Hilti PROFIS Suite,1,1,Hilti PROFIS Suite
Building Codes Compliance,1,1,Building Codes Compliance
Site Monitoring,1,1,Site Monitoring
Food & Beverage Projects,1,1,Food & Beverage Projects
Asterisk Dialer,1,1,Asterisk Dialer
VOIP Deployment,1,1,VOIP Deployment
Cloud Telephony,1,1,Cloud Telephony
Predictive Dialing,1,1,Predictive Dialing
Functional Support,1,1,Functional Support
Base SAS,1,1,Base SAS
SAS SQL,1,1,SAS SQL
SAS Macros,1,1,SAS Macros
SAS Access,1,1,SAS Access
SAS Procedures,1,1,SAS Procedures
Job Monitoring,1,1,Job Monitoring
Cloud Automation,1,1,Cloud Automation
DevOps Strategy,1,1,DevOps Strategy
Data manipulation,1,1,Data manipulation
Macro Programming,1,1,Macro Programming
ARCore,1,1,ARCore
3D Graphics Programming,1,1,3D Graphics Programming
OpenGL,1,1,OpenGL
Vulkan,1,1,Vulkan
Bootstrap UI,1,1,Bootstrap UI
Angular Material,1,1,Angular Material
Component-based Development,1,1,Component-based Development
Unstructured Data,1,1,Unstructured Data
Hydraulic Engineering,1,1,Hydraulic Engineering
Utility Relocation,1,1,Utility Relocation
Water Resources,1,1,Water Resources
Construction Standards,1,1,Construction Standards
Server Hardware Support,1,1,Server Hardware Support
Power Cycling,1,1,Power Cycling
Data Center Security,1,1,Data Center Security
RHCE Certification,1,1,RHCE Certification
Hardware Characterization,1,1,Hardware Characterization
VIP Support,1,1,VIP Support
PC Hardware Repair,1,1,PC Hardware Repair
JAMF Management,1,1,JAMF Management
Audio Visual Tech,1,1,Audio Visual Tech
Conferencing Systems,1,1,Conferencing Systems
Azure AD Sync,1,1,Azure AD Sync
SMTP,1,1,SMTP
3rd Line Support,1,1,3rd Line Support
Conceptual Design,1,1,Conceptual Design
Mathematics,1,1,Mathematics
Pressure Management,1,1,Pressure Management
SAP Process Orchestration,1,1,SAP Process Orchestration
Solace Messaging,1,1,Solace Messaging
SAP Advanced Event Mesh,1,1,SAP Advanced Event Mesh
SAP API Management,1,1,SAP API Management
Warranty Claims Processing,1,1,Warranty Claims Processing
Mechanical Troubleshooting,1,1,Mechanical Troubleshooting
Imaging Systems Knowledge,1,1,Imaging Systems Knowledge
Database Querying,1,1,Database Querying
MES Expertise,1,1,MES Expertise
System Lifecycle Management,1,1,System Lifecycle Management
Technical Review,1,1,Technical Review
Infrastructure Modernization,1,1,Infrastructure Modernization
Istio Service Mesh,1,1,Istio Service Mesh
Chrome DevTools,1,1,Chrome DevTools
Cybersecurity awareness training,1,1,Cybersecurity awareness training
Application Engineering,1,1,Application Engineering
RFQ Management,1,1,RFQ Management
Project Engineering,1,1,Project Engineering
ISV Integration,1,1,ISV Integration
MRO Knowledge,1,1,MRO Knowledge
General Ledger,1,1,General Ledger
Taxation Knowledge,1,1,Taxation Knowledge
SaaS ERP,1,1,SaaS ERP
Schedule Tracking,1,1,Schedule Tracking
ASP.NET C#,1,1,ASP.NET C#
Middleware Development,1,1,Middleware Development
Custom Dashboard Development,1,1,Custom Dashboard Development
GIS Support,1,1,GIS Support
Server Hardware Installation,1,1,Server Hardware Installation
Server Software Maintenance,1,1,Server Software Maintenance
IPS/IDS,1,1,IPS/IDS
SPC Implementation,1,1,SPC Implementation
Media Delivery Solutions,1,1,Media Delivery Solutions
Crossplane IaC,1,1,Crossplane IaC
Azure Migration,1,1,Azure Migration
OCI Migration,1,1,OCI Migration
Centralized Logging,1,1,Centralized Logging
IAM Governance,1,1,IAM Governance
Informix Administration,1,1,Informix Administration
Outlook Calendar Management,1,1,Outlook Calendar Management
Meeting Minutes,1,1,Meeting Minutes
Follow-up Coordination,1,1,Follow-up Coordination
Flexible Scheduling,1,1,Flexible Scheduling
Incident Recovery,1,1,Incident Recovery
AV technology,1,1,AV technology
Adobe Suite,1,1,Adobe Suite
Basic Database Support,1,1,Basic Database Support
IT SOP Audits,1,1,IT SOP Audits
Infrastructure engineering,1,1,Infrastructure engineering
Containerization platforms,1,1,Containerization platforms
Application migration,1,1,Application migration
Encryption techniques,1,1,Encryption techniques
Bloc State Management,1,1,Bloc State Management
Provider State Management,1,1,Provider State Management
Riverpod State Management,1,1,Riverpod State Management
Firebase Cloud Messaging,1,1,Firebase Cloud Messaging
OneSignal Integration,1,1,OneSignal Integration
AppsFlyer Integration,1,1,AppsFlyer Integration
Crashlytics Integration,1,1,Crashlytics Integration
Responsive UI Design,1,1,Responsive UI Design
Quantexa ETL,1,1,Quantexa ETL
Quantexa Scoring,1,1,Quantexa Scoring
File Deployment,1,1,File Deployment
5S Implementation,1,1,5S Implementation
CMMS Management,1,1,CMMS Management
Spare Parts Management,1,1,Spare Parts Management
Tooling Design,1,1,Tooling Design
Jig Design,1,1,Jig Design
Production Audit,1,1,Production Audit
Machinery Setup,1,1,Machinery Setup
Redis Pub/Sub,1,1,Redis Pub/Sub
WebSocket API,1,1,WebSocket API
Field service support,1,1,Field service support
Pre‑delivery inspection,1,1,Pre‑delivery inspection
Mechanical drawing interpretation,1,1,Mechanical drawing interpretation
Lean Development,1,1,Lean Development
B2B SaaS,1,1,B2B SaaS
Customer Research,1,1,Customer Research
BizTalk Server,1,1,BizTalk Server
Fault Troubleshooting,1,1,Fault Troubleshooting
Linux CLI,1,1,Linux CLI
Network Virtualization,1,1,Network Virtualization
Aruba Switching,1,1,Aruba Switching
Traffic Optimization,1,1,Traffic Optimization
Network pre-sales,1,1,Network pre-sales
DCN switching,1,1,DCN switching
WAN backbone design,1,1,WAN backbone design
Network security solutions,1,1,Network security solutions
ICT solution architecture,1,1,ICT solution architecture
ETQ Reliance,1,1,ETQ Reliance
QMS implementation,1,1,QMS implementation
SaaS integration,1,1,SaaS integration
Remote implementation,1,1,Remote implementation
Fastlane CI/CD,1,1,Fastlane CI/CD
HPUX OS,1,1,HPUX OS
Solaris OS,1,1,Solaris OS
Windows Security,1,1,Windows Security
Remediation Planning,1,1,Remediation Planning
Veeam Backup Replication,1,1,Veeam Backup Replication
Cisco Network Configuration,1,1,Cisco Network Configuration
ConnectWise Ticketing,1,1,ConnectWise Ticketing
Microsoft Entra,1,1,Microsoft Entra
Ticket Triage,1,1,Ticket Triage
Experiment design,1,1,Experiment design
Metric monitoring,1,1,Metric monitoring
Oracle Cloud,1,1,Oracle Cloud
YAML Scripting,1,1,YAML Scripting
Vulnerability Patching,1,1,Vulnerability Patching
SMT/EMS Expertise,1,1,SMT/EMS Expertise
Data Presentation,1,1,Data Presentation
Fluentd Logging,1,1,Fluentd Logging
Elasticsearch Engine,1,1,Elasticsearch Engine
Murex MX3.1,1,1,Murex MX3.1
Datamart configuration,1,1,Datamart configuration
Actuate eRD Pro,1,1,Actuate eRD Pro
Market risk reporting,1,1,Market risk reporting
Credit risk reporting,1,1,Credit risk reporting
Unix awk/sed/perl,1,1,Unix awk/sed/perl
Optimization Modeling,1,1,Optimization Modeling
Simulation Modeling,1,1,Simulation Modeling
Story Splitting,1,1,Story Splitting
ELV CCTV,1,1,ELV CCTV
Huawei Certification,1,1,Huawei Certification
Fortinet Security,1,1,Fortinet Security
Maintenance Testing,1,1,Maintenance Testing
Site Coordination,1,1,Site Coordination
WAN/LAN design,1,1,WAN/LAN design
Wi-Fi networking,1,1,Wi-Fi networking
Data centre management,1,1,Data centre management
DNS/DHCP administration,1,1,DNS/DHCP administration
TCP/IP troubleshooting,1,1,TCP/IP troubleshooting
Microsoft Network,1,1,Microsoft Network
Data backup and recovery,1,1,Data backup and recovery
Blockchain Architecture,1,1,Blockchain Architecture
Client-Server Development,1,1,Client-Server Development
Consensus Algorithms,1,1,Consensus Algorithms
Ethereum,1,1,Ethereum
Hyperledger Fabric,1,1,Hyperledger Fabric
GitLab Pipelines,1,1,GitLab Pipelines
Travis CI,1,1,Travis CI
S.O.L.I.D Principles,1,1,S.O.L.I.D Principles
SCSS,1,1,SCSS
Technical Delivery,1,1,Technical Delivery
Financial data handling,1,1,Financial data handling
Technology Risk Assessment,1,1,Technology Risk Assessment
IT Risk Awareness,1,1,IT Risk Awareness
PABX Support,1,1,PABX Support
CCTV Security,1,1,CCTV Security
OS Administration,1,1,OS Administration
Web Hosting,1,1,Web Hosting
ERP Accounting,1,1,ERP Accounting
SEO Analysis,1,1,SEO Analysis
File Management,1,1,File Management
SQLRPGLE,1,1,SQLRPGLE
Visual LANSA,1,1,Visual LANSA
RHEV Virtualization,1,1,RHEV Virtualization
Firmware Updates,1,1,Firmware Updates
High-performance Design,1,1,High-performance Design
Oracle Cloud Financials,1,1,Oracle Cloud Financials
Oracle ERP Cloud,1,1,Oracle ERP Cloud
Financials Implementation,1,1,Financials Implementation
Functional Design Documentation,1,1,Functional Design Documentation
Global Design Workshops,1,1,Global Design Workshops
SAP NetWeaver,1,1,SAP NetWeaver
ABAP Workbench,1,1,ABAP Workbench
SAP architecture,1,1,SAP architecture
Private Cloud,1,1,Private Cloud
Oracle ADF,1,1,Oracle ADF
ADF Faces,1,1,ADF Faces
ADF Business Components,1,1,ADF Business Components
IT Equipment Installation,1,1,IT Equipment Installation
IntelliJ IDEA,1,1,IntelliJ IDEA
HR analytics reporting,1,1,HR analytics reporting
Data Collection Automation,1,1,Data Collection Automation
Structured Data Processing,1,1,Structured Data Processing
Visual C++,1,1,Visual C++
MFC,1,1,MFC
Machine control software,1,1,Machine control software
Software development process,1,1,Software development process
Bookkeeping,1,1,Bookkeeping
Filing Management,1,1,Filing Management
Email Correspondence,1,1,Email Correspondence
System debugging,1,1,System debugging
Mockup Design,1,1,Mockup Design
IT Project Implementation,1,1,IT Project Implementation
English Writing,1,1,English Writing
Solution Consulting,1,1,Solution Consulting
GRC Request Management,1,1,GRC Request Management
Role Management,1,1,Role Management
Print Solutions,1,1,Print Solutions
MES Testing,1,1,MES Testing
Semiconductor MES,1,1,Semiconductor MES
Manufacturing WIP,1,1,Manufacturing WIP
AMAT FactoryWorks,1,1,AMAT FactoryWorks
Incident Debugging,1,1,Incident Debugging
AOSP Customization,1,1,AOSP Customization
LTE Specifications,1,1,LTE Specifications
DMR Specifications,1,1,DMR Specifications
Supabase,1,1,Supabase
Vercel,1,1,Vercel
Shopify API,1,1,Shopify API
VLSI synthesis,1,1,VLSI synthesis
Floor planning,1,1,Floor planning
Clock tree synthesis,1,1,Clock tree synthesis
Physical routing,1,1,Physical routing
Timing analysis,1,1,Timing analysis
Power optimization,1,1,Power optimization
DRC verification,1,1,DRC verification
LVS verification,1,1,LVS verification
Synopsys tools,1,1,Synopsys tools
Cadence tools,1,1,Cadence tools
LabVIEW programming,1,1,LabVIEW programming
Experimentation platforms,1,1,Experimentation platforms
Sitecore CMS,1,1,Sitecore CMS
Accessibility compliance,1,1,Accessibility compliance
Joomla,1,1,Joomla
Cross-browser debugging,1,1,Cross-browser debugging
InDesign,1,1,InDesign
Web CMS,1,1,Web CMS
CMS Plugin Configuration,1,1,CMS Plugin Configuration
Juniper EX/QFX,1,1,Juniper EX/QFX
Fortinet FortiGate,1,1,Fortinet FortiGate
CLI Troubleshooting,1,1,CLI Troubleshooting
ITSM Integration,1,1,ITSM Integration
IEC 62443 Segmentation,1,1,IEC 62443 Segmentation
OT/ICS Security,1,1,OT/ICS Security
Material Master Governance,1,1,Material Master Governance
IDoc Monitoring,1,1,IDoc Monitoring
LAN/WLAN Configuration,1,1,LAN/WLAN Configuration
Smart Hands Support,1,1,Smart Hands Support
Wi-Fi troubleshooting,1,1,Wi-Fi troubleshooting
ABBYY FlexiCapture,1,1,ABBYY FlexiCapture
Fiber Channel,1,1,Fiber Channel
iSCSI protocol,1,1,iSCSI protocol
SAN networking,1,1,SAN networking
NAS storage,1,1,NAS storage
Replication technologies,1,1,Replication technologies
Data de-duplication,1,1,Data de-duplication
Release Coordination,1,1,Release Coordination
Oil & Gas Knowledge,1,1,Oil & Gas Knowledge
Digitalization Technologies,1,1,Digitalization Technologies
Oracle ASM,1,1,Oracle ASM
AWS DMS,1,1,AWS DMS
RMAN backup,1,1,RMAN backup
PL/SQL scripting,1,1,PL/SQL scripting
AWR/ADDM analysis,1,1,AWR/ADDM analysis
Data Pump migration,1,1,Data Pump migration
Transportable Tablespaces,1,1,Transportable Tablespaces
Multi-tenant CDB,1,1,Multi-tenant CDB
GD&T analysis,1,1,GD&T analysis
PPAP compliance,1,1,PPAP compliance
AI LLM integration,1,1,AI LLM integration
Mechanical design review,1,1,Mechanical design review
Data processing,1,1,Data processing
JavaScript ES5,1,1,JavaScript ES5
AppDynamics,1,1,AppDynamics
Signal Processing,1,1,Signal Processing
IC Verification,1,1,IC Verification
Hardware Platform Development,1,1,Hardware Platform Development
System Verification,1,1,System Verification
Zscaler Internet Access,1,1,Zscaler Internet Access
Blue Coat ProxySG,1,1,Blue Coat ProxySG
F5 LTM Configuration,1,1,F5 LTM Configuration
VPN IPSec,1,1,VPN IPSec
Cisco Wireless LAN,1,1,Cisco Wireless LAN
Aruba Wireless LAN,1,1,Aruba Wireless LAN
Azure VNet Peering,1,1,Azure VNet Peering
Spanning Tree Protocol,1,1,Spanning Tree Protocol
WAN optimization,1,1,WAN optimization
Arista switching,1,1,Arista switching
QoS management,1,1,QoS management
DHCP services,1,1,DHCP services
Enterprise Routing,1,1,Enterprise Routing
RESTCONF API,1,1,RESTCONF API
YANG Modeling,1,1,YANG Modeling
CCNP Enterprise,1,1,CCNP Enterprise
MP BGP,1,1,MP BGP
Spine-Leaf architecture,1,1,Spine-Leaf architecture
Segment Routing,1,1,Segment Routing
Enterprise LAN/WAN,1,1,Enterprise LAN/WAN
VPN/NAC,1,1,VPN/NAC
L2/L3 Incident Management,1,1,L2/L3 Incident Management
Zscaler Zero Trust,1,1,Zscaler Zero Trust
DHCP & RADIUS,1,1,DHCP & RADIUS
ISP Circuit Support,1,1,ISP Circuit Support
24/7 Global Operations,1,1,24/7 Global Operations
Shop Floor Control,1,1,Shop Floor Control
Stackdriver Monitoring,1,1,Stackdriver Monitoring
Cloud SQL,1,1,Cloud SQL
Prescriptive Analytics,1,1,Prescriptive Analytics
AI Automation,1,1,AI Automation
ESG reporting,1,1,ESG reporting
GRI framework,1,1,GRI framework
ESRS framework,1,1,ESRS framework
TCFD framework,1,1,TCFD framework
ISSB standards,1,1,ISSB standards
Carbon accounting,1,1,Carbon accounting
Scope 1 reporting,1,1,Scope 1 reporting
Sustainability metrics,1,1,Sustainability metrics
B2B Marketing,1,1,B2B Marketing
Analytics Strategy,1,1,Analytics Strategy
Insight Generation,1,1,Insight Generation
Mandarin translation,1,1,Mandarin translation
English transcription,1,1,English transcription
Supply Chain Analytics,1,1,Supply Chain Analytics
Copilot Studio,1,1,Copilot Studio
HA/DR Implementation,1,1,HA/DR Implementation
DBA Leadership,1,1,DBA Leadership
Sybase ASE,1,1,Sybase ASE
MariaDB Administration,1,1,MariaDB Administration
Schema Design,1,1,Schema Design
PostgreSQL Administration,1,1,PostgreSQL Administration
Azure SQL Managed Instance,1,1,Azure SQL Managed Instance
SQL Server Performance Tuning,1,1,SQL Server Performance Tuning
Database High Availability,1,1,Database High Availability
Azure Monitoring,1,1,Azure Monitoring
Always On Availability Groups,1,1,Always On Availability Groups
Database Mirroring,1,1,Database Mirroring
Endpoint Detection,1,1,Endpoint Detection
SIEM Operations,1,1,SIEM Operations
EDR Solutions,1,1,EDR Solutions
Security Risk Analysis,1,1,Security Risk Analysis
Security Controls Implementation,1,1,Security Controls Implementation
Out-of-Hours Support,1,1,Out-of-Hours Support
Microsoft Defender XDR,1,1,Microsoft Defender XDR
Security Alert Triage,1,1,Security Alert Triage
SOC Procedures,1,1,SOC Procedures
Detection Tuning,1,1,Detection Tuning
REST API Automation,1,1,REST API Automation
UI Automation,1,1,UI Automation
Mobile Automation,1,1,Mobile Automation
Cucumber BDD,1,1,Cucumber BDD
AI-driven testing,1,1,AI-driven testing
SDVLC Documentation,1,1,SDVLC Documentation
QuickBI,1,1,QuickBI
AI-assisted development,1,1,AI-assisted development
Stakeholder facilitation,1,1,Stakeholder facilitation
Product Lifecycle Management,1,1,Product Lifecycle Management
ServiceNow CSA certification,1,1,ServiceNow CSA certification
Card Lifecycle Management,1,1,Card Lifecycle Management
Functional Specification Writing,1,1,Functional Specification Writing
Dashboard Creation,1,1,Dashboard Creation
Supply Chain Operations,1,1,Supply Chain Operations
PagerDuty,1,1,PagerDuty
DocumentDB,1,1,DocumentDB
Linux Networking,1,1,Linux Networking
Security Groups,1,1,Security Groups
Amazon EKS,1,1,Amazon EKS
ArgoCD GitOps,1,1,ArgoCD GitOps
Bitbucket Pipelines,1,1,Bitbucket Pipelines
Amazon ECR,1,1,Amazon ECR
SAST Scanning,1,1,SAST Scanning
Backstage Templates,1,1,Backstage Templates
AWS CloudWatch,1,1,AWS CloudWatch
SECS/GEM,1,1,SECS/GEM
AI-assisted coding,1,1,AI-assisted coding
Asynchronous communication,1,1,Asynchronous communication
WPF MVVM,1,1,WPF MVVM
PLC communication,1,1,PLC communication
MSBuild,1,1,MSBuild
C++ CMake,1,1,C++ CMake
Pipeline DAGs,1,1,Pipeline DAGs
Multi-project pipelines,1,1,Multi-project pipelines
Test parallelization,1,1,Test parallelization
Flaky test mitigation,1,1,Flaky test mitigation
SonarQube static analysis,1,1,SonarQube static analysis
AI model fine-tuning,1,1,AI model fine-tuning
Graph Algorithms,1,1,Graph Algorithms
Optimization Techniques,1,1,Optimization Techniques
Agent Orchestration,1,1,Agent Orchestration
Bias Mitigation,1,1,Bias Mitigation
Record deduplication,1,1,Record deduplication
SECS/GEM interface,1,1,SECS/GEM interface
Automation software development,1,1,Automation software development
Linux System Admin,1,1,Linux System Admin
MQTT Messaging,1,1,MQTT Messaging
Layer 2/3 switching,1,1,Layer 2/3 switching
VPN technologies,1,1,VPN technologies
Data center switching,1,1,Data center switching
VXLAN,1,1,VXLAN
Azure Firewall,1,1,Azure Firewall
ExpressRoute,1,1,ExpressRoute
Site-to-Site VPN,1,1,Site-to-Site VPN
IP-MPLS,1,1,IP-MPLS
WAN Implementation,1,1,WAN Implementation
IP CCTV,1,1,IP CCTV
Network solution design,1,1,Network solution design
Business network systems,1,1,Business network systems
Optical Fiber Networks,1,1,Optical Fiber Networks
Building Management Systems,1,1,Building Management Systems
UPS Monitoring,1,1,UPS Monitoring
Cooling System Management,1,1,Cooling System Management
Level 1 Troubleshooting,1,1,Level 1 Troubleshooting
Facility Operations,1,1,Facility Operations
Zscaler ZIA,1,1,Zscaler ZIA
Data Center Networking,1,1,Data Center Networking
Alteryx Designer,1,1,Alteryx Designer
Data quality analysis,1,1,Data quality analysis
Semi-structured data,1,1,Semi-structured data
Credit Risk Modeling,1,1,Credit Risk Modeling
Independent Delivery,1,1,Independent Delivery
SQL Server Reporting Services,1,1,SQL Server Reporting Services
Cohort Analysis,1,1,Cohort Analysis
Digital Marketing Metrics,1,1,Digital Marketing Metrics
Healthcare data analysis,1,1,Healthcare data analysis
Project support,1,1,Project support
SQL Starburst,1,1,SQL Starburst
Bitbucket SCM,1,1,Bitbucket SCM
Power Apps Integration,1,1,Power Apps Integration
Reference Data Management,1,1,Reference Data Management
Corporate Actions Processing,1,1,Corporate Actions Processing
ML/NLP Techniques,1,1,ML/NLP Techniques
Human-in-the-Loop,1,1,Human-in-the-Loop
Financial Document Analysis,1,1,Financial Document Analysis
Regulatory Research,1,1,Regulatory Research
Data Lifecycle Management,1,1,Data Lifecycle Management
English Vietnamese Fluency,1,1,English Vietnamese Fluency
Nintex Workflow,1,1,Nintex Workflow
Azure AI Search,1,1,Azure AI Search
dbt transformation,1,1,dbt transformation
Parquet format,1,1,Parquet format
AWS Serverless,1,1,AWS Serverless
Multi-tenant SaaS,1,1,Multi-tenant SaaS
Angular Frontend,1,1,Angular Frontend
CI/CD Automation,1,1,CI/CD Automation
AI Agent Development,1,1,AI Agent Development
Semantic Search,1,1,Semantic Search
Voice AI,1,1,Voice AI
Text-to-Speech,1,1,Text-to-Speech
Agent Workflows,1,1,Agent Workflows
MLOps Practices,1,1,MLOps Practices
AI Observability,1,1,AI Observability
Production Readiness,1,1,Production Readiness
XGBoost,1,1,XGBoost
Hyperparameter tuning,1,1,Hyperparameter tuning
Linux (Ubuntu),1,1,Linux (Ubuntu)
SSL Certificates,1,1,SSL Certificates
Data Pipeline Troubleshooting,1,1,Data Pipeline Troubleshooting
Databricks Workflows,1,1,Databricks Workflows
SQL T-SQL,1,1,SQL T-SQL
Kimball Methodology,1,1,Kimball Methodology
MS SSIS,1,1,MS SSIS
TimescaleDB,1,1,TimescaleDB
CloudWatch,1,1,CloudWatch
Visual Storytelling,1,1,Visual Storytelling
Branding Strategy,1,1,Branding Strategy
Social Media Design,1,1,Social Media Design
AI-Powered Design Tools,1,1,AI-Powered Design Tools
Figma AI,1,1,Figma AI
UX Research Methods,1,1,UX Research Methods
Cross-Platform Flow Design,1,1,Cross-Platform Flow Design
Visual Hierarchy Design,1,1,Visual Hierarchy Design
Product Roadmap Planning,1,1,Product Roadmap Planning
Mentorship & Coaching,1,1,Mentorship & Coaching
Stakeholder Workshop Facilitation,1,1,Stakeholder Workshop Facilitation
Persona Development,1,1,Persona Development
High-Fidelity Mockups,1,1,High-Fidelity Mockups
Design Handoff,1,1,Design Handoff
After Effects,1,1,After Effects
UI Motion Design,1,1,UI Motion Design
Visual Style Guide,1,1,Visual Style Guide
HUD Art Direction,1,1,HUD Art Direction
Iconography Design,1,1,Iconography Design
Color Theory,1,1,Color Theory
High Fidelity Prototyping,1,1,High Fidelity Prototyping
Cross Discipline Collaboration,1,1,Cross Discipline Collaboration
SAP FICO Integration,1,1,SAP FICO Integration
SAP SD Integration,1,1,SAP SD Integration
SAP MM Integration,1,1,SAP MM Integration
WBS Management,1,1,WBS Management
Project-to-Cash,1,1,Project-to-Cash
Engineer-to-Order,1,1,Engineer-to-Order
IDocs/BAPIs Integration,1,1,IDocs/BAPIs Integration
Fiori Project Apps,1,1,Fiori Project Apps
Embedded Analytics,1,1,Embedded Analytics
S/4HANA Administration,1,1,S/4HANA Administration
User Authorization,1,1,User Authorization
System Copy,1,1,System Copy
Transport Management,1,1,Transport Management
SAP PPDS,1,1,SAP PPDS
3rd Party Integration,1,1,3rd Party Integration
SAP Activate,1,1,SAP Activate
Testing Lifecycle,1,1,Testing Lifecycle
Integration Management,1,1,Integration Management
Blueprint Workshop,1,1,Blueprint Workshop
Authorization Design,1,1,Authorization Design
Process Transformation,1,1,Process Transformation
SAP SD Configuration,1,1,SAP SD Configuration
Order-to-Cash Process,1,1,Order-to-Cash Process
Pricing Procedures,1,1,Pricing Procedures
SAP S/4HANA SD,1,1,SAP S/4HANA SD
SAP Fiori Order Management,1,1,SAP Fiori Order Management
SD-FICO Integration,1,1,SD-FICO Integration
SD-MM Integration,1,1,SD-MM Integration
Logistics Execution Integration,1,1,Logistics Execution Integration
AMS Support,1,1,AMS Support
SIT/UAT Execution,1,1,SIT/UAT Execution
Functional Design Specification,1,1,Functional Design Specification
SAP Business Technology Platform,1,1,SAP Business Technology Platform
SAP AI Core,1,1,SAP AI Core
SAP Integration Suite,1,1,SAP Integration Suite
SAP HANA Cloud,1,1,SAP HANA Cloud
Machine Learning TensorFlow,1,1,Machine Learning TensorFlow
Machine Learning PyTorch,1,1,Machine Learning PyTorch
Generative AI Prompt Engineering,1,1,Generative AI Prompt Engineering
PMBOK Processes,1,1,PMBOK Processes
Budget Governance,1,1,Budget Governance
Portfolio Management,1,1,Portfolio Management
Airport Systems,1,1,Airport Systems
Intralogistics Automation,1,1,Intralogistics Automation
Mambu Platform,1,1,Mambu Platform
Acceptance Criteria Writing,1,1,Acceptance Criteria Writing
SaaS Solution Expertise,1,1,SaaS Solution Expertise
User Acceptance Testing Support,1,1,User Acceptance Testing Support
Analytical Communication,1,1,Analytical Communication
Programming Development,1,1,Programming Development
Infrastructure Awareness,1,1,Infrastructure Awareness
SDLC Validation,1,1,SDLC Validation
Supply Chain Optimization,1,1,Supply Chain Optimization
Scenario Simulation,1,1,Scenario Simulation
Endpoint Management,1,1,Endpoint Management
AI Assistants,1,1,AI Assistants
Service Level Agreement Management,1,1,Service Level Agreement Management
Troubleshooting automation,1,1,Troubleshooting automation
JavaScript ES6+,1,1,JavaScript ES6+
WebSockets integration,1,1,WebSockets integration
Vite build tool,1,1,Vite build tool
Rollup bundler,1,1,Rollup bundler
GitHub Actions CI,1,1,GitHub Actions CI
Vitest unit testing,1,1,Vitest unit testing
Vue Test Utils,1,1,Vue Test Utils
Playwright e2e testing,1,1,Playwright e2e testing
End-to-end testing,1,1,End-to-end testing
BIRT,1,1,BIRT
JSP pages,1,1,JSP pages
WildFly server,1,1,WildFly server
Apache SVN,1,1,Apache SVN
WebSphere server,1,1,WebSphere server
Murex Market Risk,1,1,Murex Market Risk
Murex Credit Risk,1,1,Murex Credit Risk
Value at Risk,1,1,Value at Risk
SQL Server 2012,1,1,SQL Server 2012
Risk System Analysis,1,1,Risk System Analysis
Risk Methodology Implementation,1,1,Risk Methodology Implementation
Telecom Systems,1,1,Telecom Systems
Mobile Broadband,1,1,Mobile Broadband
Billing Systems,1,1,Billing Systems
Provisioning Systems,1,1,Provisioning Systems
Order Management,1,1,Order Management
Jamf MDM,1,1,Jamf MDM
Windows Autopilot,1,1,Windows Autopilot
SSO protocols,1,1,SSO protocols
Linux endpoint management,1,1,Linux endpoint management
PLC Ladder Logic,1,1,PLC Ladder Logic
Distributed Control System,1,1,Distributed Control System
Rockwell Automation,1,1,Rockwell Automation
Siemens Control Systems,1,1,Siemens Control Systems
Emerson DeltaV,1,1,Emerson DeltaV
HMI/SCADA Integration,1,1,HMI/SCADA Integration
Electrical Panel Design,1,1,Electrical Panel Design
P&ID Development,1,1,P&ID Development
Process Control Engineering,1,1,Process Control Engineering
Data Centre Design,1,1,Data Centre Design
Power Distribution,1,1,Power Distribution
Cooling Systems,1,1,Cooling Systems
Technical Consultation,1,1,Technical Consultation
Project Sales,1,1,Project Sales
Thermal Management,1,1,Thermal Management
SSL/TLS certificates,1,1,SSL/TLS certificates
Zero-trust security,1,1,Zero-trust security
DPFMEA,1,1,DPFMEA
XML Layouts,1,1,XML Layouts
Shared Libraries,1,1,Shared Libraries
Observability Practices,1,1,Observability Practices
Android Studio Config,1,1,Android Studio Config
Java microservices,1,1,Java microservices
Stripe integration,1,1,Stripe integration
PayPal integration,1,1,PayPal integration
Webhook implementation,1,1,Webhook implementation
DNS & SSL management,1,1,DNS & SSL management
Website performance monitoring,1,1,Website performance monitoring
CMS administration,1,1,CMS administration
Multi-currency support,1,1,Multi-currency support
International URL redirects,1,1,International URL redirects
Task Tracking,1,1,Task Tracking
Procurement Documentation,1,1,Procurement Documentation
SDLC Practices,1,1,SDLC Practices
SAP WM,1,1,SAP WM
Global Team Management,1,1,Global Team Management
Program Delivery,1,1,Program Delivery
AI Governance,1,1,AI Governance
Executive Communication,1,1,Executive Communication
24/7 Shift,1,1,24/7 Shift
Circuit Diagram Interpretation,1,1,Circuit Diagram Interpretation
Testing Support,1,1,Testing Support
Semiconductor Testing,1,1,Semiconductor Testing
Cloud Incident Management,1,1,Cloud Incident Management
Runbook Creation,1,1,Runbook Creation
Proactive Troubleshooting,1,1,Proactive Troubleshooting
Hilt Dependency Injection,1,1,Hilt Dependency Injection
Coroutines and Flow,1,1,Coroutines and Flow
Android Keystore,1,1,Android Keystore
Biometric Authentication,1,1,Biometric Authentication
Play Integrity API,1,1,Play Integrity API
FCM Notifications,1,1,FCM Notifications
Instrumented Testing,1,1,Instrumented Testing
Test Automation Architecture,1,1,Test Automation Architecture
CI/CD Integration,1,1,CI/CD Integration
QA Leadership,1,1,QA Leadership
QA Processes,1,1,QA Processes
Issue Reporting,1,1,Issue Reporting
API Automation,1,1,API Automation
RestAssured API,1,1,RestAssured API
BrowserStack Testing,1,1,BrowserStack Testing
Jira Management,1,1,Jira Management
Appium Mobile,1,1,Appium Mobile
Mentoring Junior QA,1,1,Mentoring Junior QA
Traceability system,1,1,Traceability system
Barcode printer support,1,1,Barcode printer support
Desktop troubleshooting,1,1,Desktop troubleshooting
Imaging deployment,1,1,Imaging deployment
VPN support,1,1,VPN support
Network Connectivity Diagnostics,1,1,Network Connectivity Diagnostics
IPMI SEL Analysis,1,1,IPMI SEL Analysis
Data Center Inventory Management,1,1,Data Center Inventory Management
Vendor Support Liaison,1,1,Vendor Support Liaison
Infrastructure Migration,1,1,Infrastructure Migration
Cybersecurity Protocols,1,1,Cybersecurity Protocols
Encryption at Rest,1,1,Encryption at Rest
Key Management Service,1,1,Key Management Service
PII Classification,1,1,PII Classification
GDPR Compliance Engineering,1,1,GDPR Compliance Engineering
Kubernetes Multi-Tenancy,1,1,Kubernetes Multi-Tenancy
Policy as Code,1,1,Policy as Code
ISO 27001 Implementation,1,1,ISO 27001 Implementation
Data Subject Access Request,1,1,Data Subject Access Request
Cloud HSM Integration,1,1,Cloud HSM Integration
SIEM Engineering,1,1,SIEM Engineering
Detection Engineering,1,1,Detection Engineering
Network Penetration Testing,1,1,Network Penetration Testing
Red Team Assessment,1,1,Red Team Assessment
CREST CRT,1,1,CREST CRT
Security Controls,1,1,Security Controls
MLOps CI/CD,1,1,MLOps CI/CD
Serverless AWS,1,1,Serverless AWS
AWS Textract,1,1,AWS Textract
Multi-turn Dialogue Planning,1,1,Multi-turn Dialogue Planning
Knowledge Graph Memory,1,1,Knowledge Graph Memory
Emotion-aware Dialogue Modeling,1,1,Emotion-aware Dialogue Modeling
LLM Alignment SFT,1,1,LLM Alignment SFT
LLM Alignment DPO,1,1,LLM Alignment DPO
Vision-Language Reasoning,1,1,Vision-Language Reasoning
Deep Q-Networks,1,1,Deep Q-Networks
3D Reconstruction Pipeline,1,1,3D Reconstruction Pipeline
Hugging Face Integration,1,1,Hugging Face Integration
LoRA PEFT Fine-tuning,1,1,LoRA PEFT Fine-tuning
AWS GPU Deployment,1,1,AWS GPU Deployment
ROS1,1,1,ROS1
ROS2,1,1,ROS2
SLAM algorithms,1,1,SLAM algorithms
Sensor fusion,1,1,Sensor fusion
Path planning,1,1,Path planning
Perception systems,1,1,Perception systems
LiDAR integration,1,1,LiDAR integration
Vision-language AI,1,1,Vision-language AI
Real-time performance,1,1,Real-time performance
AI Agent Configuration,1,1,AI Agent Configuration
LLM API Integration,1,1,LLM API Integration
Low-Code Orchestration,1,1,Low-Code Orchestration
Webhook Integration,1,1,Webhook Integration
WhatsApp Business API,1,1,WhatsApp Business API
DAX measures,1,1,DAX measures
Azure AI Services,1,1,Azure AI Services
ROS2 integration,1,1,ROS2 integration
NVIDIA Jetson,1,1,NVIDIA Jetson
Object detection,1,1,Object detection
OCR reading,1,1,OCR reading
Model fine-tuning,1,1,Model fine-tuning
Robotics perception,1,1,Robotics perception
GPU inference,1,1,GPU inference
SQL/NoSQL databases,1,1,SQL/NoSQL databases
PostgreSQL Aurora,1,1,PostgreSQL Aurora
Versioned APIs,1,1,Versioned APIs
Agentic Commerce Protocols,1,1,Agentic Commerce Protocols
CI/CD GitHub Actions,1,1,CI/CD GitHub Actions
Async Event Processing,1,1,Async Event Processing
Remote Async Collaboration,1,1,Remote Async Collaboration
ERP Transformation,1,1,ERP Transformation
Program Governance,1,1,Program Governance
Business Process Redesign,1,1,Business Process Redesign
PMO Setup,1,1,PMO Setup
Manufacturing operations,1,1,Manufacturing operations
Jira Dashboards,1,1,Jira Dashboards
Sophis,1,1,Sophis
MOXO,1,1,MOXO
Temenos T24,1,1,Temenos T24
Intellimatch,1,1,Intellimatch
Change Impact Assessment,1,1,Change Impact Assessment
Traceability Management,1,1,Traceability Management
Market Data Platforms,1,1,Market Data Platforms
AI Project Support,1,1,AI Project Support
Data Subscription Management,1,1,Data Subscription Management
Bloomberg Terminal,1,1,Bloomberg Terminal
FactSet,1,1,FactSet
Refinitiv Eikon,1,1,Refinitiv Eikon
Balance Sheet Management,1,1,Balance Sheet Management
Wealth Products Knowledge,1,1,Wealth Products Knowledge
Retail Banking Products,1,1,Retail Banking Products
Business Partnering,1,1,Business Partnering
Defect Logging,1,1,Defect Logging
Licensing Systems,1,1,Licensing Systems
Operational Support,1,1,Operational Support
Endpoint Security Management,1,1,Endpoint Security Management
Business stakeholder communication,1,1,Business stakeholder communication
AV system deployment,1,1,AV system deployment
Mac OS support,1,1,Mac OS support
DNS DHCP configuration,1,1,DNS DHCP configuration
SCCM administration,1,1,SCCM administration
PC repair,1,1,PC repair
Livestream equipment operation,1,1,Livestream equipment operation
Dynamics 365 ERP,1,1,Dynamics 365 ERP
Excel data analysis,1,1,Excel data analysis
Git Workflows,1,1,Git Workflows
CPE Configuration,1,1,CPE Configuration
Fiber Optic Support,1,1,Fiber Optic Support
Remote Router Setup,1,1,Remote Router Setup
Bandwidth Monitoring,1,1,Bandwidth Monitoring
DDoS Alert Management,1,1,DDoS Alert Management
Juniper Networks,1,1,Juniper Networks
data collection,1,1,data collection
academic writing,1,1,academic writing
Python data analysis,1,1,Python data analysis
Data visualisation,1,1,Data visualisation
Waterfall development,1,1,Waterfall development
Advanced Java programming,1,1,Advanced Java programming
Collections framework,1,1,Collections framework
Requirements validation,1,1,Requirements validation
Functional requirements definition,1,1,Functional requirements definition
Non-functional requirements definition,1,1,Non-functional requirements definition
User story creation,1,1,User story creation
Requirements traceability,1,1,Requirements traceability
enterprise application architecture,1,1,enterprise application architecture
Jakarta EE development,1,1,Jakarta EE development
large-scale software design,1,1,large-scale software design
Array manipulation,1,1,Array manipulation
Linked list implementation,1,1,Linked list implementation
Stack usage,1,1,Stack usage
Tree traversal,1,1,Tree traversal
Algorithm complexity analysis,1,1,Algorithm complexity analysis
Sorting techniques,1,1,Sorting techniques
Searching techniques,1,1,Searching techniques
layered architecture,1,1,layered architecture
scalable architecture design,1,1,scalable architecture design
maintainable architecture design,1,1,maintainable architecture design
UML modelling,1,1,UML modelling
Singleton pattern,1,1,Singleton pattern
Factory pattern,1,1,Factory pattern
Observer pattern,1,1,Observer pattern
synchronisation,1,1,synchronisation
parallel computing,1,1,parallel computing
deadlock prevention,1,1,deadlock prevention
concurrent data structures,1,1,concurrent data structures
race condition analysis,1,1,race condition analysis
thread safety assessment,1,1,thread safety assessment
authentication implementation,1,1,authentication implementation
Lifecycle management,1,1,Lifecycle management
Data persistence,1,1,Data persistence
Mobile app publishing,1,1,Mobile app publishing
Business model canvas,1,1,Business model canvas
Market validation,1,1,Market validation
Pitch development,1,1,Pitch development
Startup financing,1,1,Startup financing
Entrepreneurial skills,1,1,Entrepreneurial skills
Docker containerisation,1,1,Docker containerisation
experimental investigation,1,1,experimental investigation
software project planning,1,1,software project planning
Gantt chart,1,1,Gantt chart
earned value analysis,1,1,earned value analysis
Design pattern implementation,1,1,Design pattern implementation
Software architecture design,1,1,Software architecture design
Anti-pattern analysis,1,1,Anti-pattern analysis
Software quality metrics,1,1,Software quality metrics
Static analysis,1,1,Static analysis
Continuous quality improvement,1,1,Continuous quality improvement
UX research,1,1,UX research
human-centred design,1,1,human-centred design
software evaluation,1,1,software evaluation
microservices deployment,1,1,microservices deployment
Consistency management,1,1,Consistency management
Fault tolerance design,1,1,Fault tolerance design
CAP theorem analysis,1,1,CAP theorem analysis
Distributed database design,1,1,Distributed database design
Message queue integration,1,1,Message queue integration
Microservices implementation,1,1,Microservices implementation
Design pattern application,1,1,Design pattern application
Decentralized application development,1,1,Decentralized application development
Consensus mechanism understanding,1,1,Consensus mechanism understanding
Deploying blockchain solutions,1,1,Deploying blockchain solutions
query optimisation,1,1,query optimisation
transaction management,1,1,transaction management
distributed databases,1,1,distributed databases
big data storage,1,1,big data storage
mathematical optimisation,1,1,mathematical optimisation
neural network implementation,1,1,neural network implementation
backpropagation,1,1,backpropagation
CNN modeling,1,1,CNN modeling
RNN modeling,1,1,RNN modeling
Python for deep learning,1,1,Python for deep learning
class implementation,1,1,class implementation
inheritance,1,1,inheritance
polymorphism,1,1,polymorphism
encapsulation,1,1,encapsulation
abstraction,1,1,abstraction
set theory,1,1,set theory
function concepts,1,1,function concepts
graph theory,1,1,graph theory
probability fundamentals,1,1,probability fundamentals
combinatorial analysis,1,1,combinatorial analysis
Network topology identification,1,1,Network topology identification
process management,1,1,process management
memory management,1,1,memory management
file system administration,1,1,file system administration
CPU organization,1,1,CPU organization
system-level programming,1,1,system-level programming
entity-relationship modelling,1,1,entity-relationship modelling
database normalisation,1,1,database normalisation
relational database implementation,1,1,relational database implementation
ideation,1,1,ideation
control flow,1,1,control flow
function implementation,1,1,function implementation
list manipulation,1,1,list manipulation
dictionary usage,1,1,dictionary usage
file handling,1,1,file handling
basic object-oriented programming,1,1,basic object-oriented programming
algorithmic thinking,1,1,algorithmic thinking
use case modelling,1,1,use case modelling
data flow diagrams,1,1,data flow diagrams
UML system design,1,1,UML system design
assembly language basics,1,1,assembly language basics
input/output systems,1,1,input/output systems
embedded computing,1,1,embedded computing
Entrepreneurial thinking,1,1,Entrepreneurial thinking
Business model development,1,1,Business model development
Innovation management,1,1,Innovation management
Teamwork,1,1,Teamwork
algorithmic analysis,1,1,algorithmic analysis
knowledge representation,1,1,knowledge representation
basic machine learning,1,1,basic machine learning
intelligent agents,1,1,intelligent agents
AI problem solving,1,1,AI problem solving
Lean startup,1,1,Lean startup
Design sprint facilitation,1,1,Design sprint facilitation
Innovation framework application,1,1,Innovation framework application
Technology product validation,1,1,Technology product validation
Product idea development,1,1,Product idea development
