a,b,label5,source,split,p_satisfies,p_related,p_not,votes,label3
Network Segmentation,Network Switches,RELATED,skillmap_overlap,train,0.0,1.0,0.0,4,RELATED
Network Switches,Network Segmentation,RELATED,skillmap_overlap,train,0.0,1.0,0.0,4,RELATED
Cloud Architecture,Cloud Solutions,NARROWER,skillmap_close,train,0.75,0.25,0.0,4,SATISFIES
Cloud Solutions,Cloud Architecture,BROADER,skillmap_close,train,0.5,0.5,0.0,4,RELATED
Security Frameworks,Security Hardening,RELATED,skillmap_close,test,0.25,0.75,0.0,4,RELATED
Security Hardening,Security Frameworks,RELATED,skillmap_close,test,0.0,1.0,0.0,4,RELATED
Mandarin Language,Thai language,DIFFERENT,skillmap_close,train,0.0,0.0,1.0,4,NOT
Thai language,Mandarin Language,DIFFERENT,skillmap_close,train,0.0,0.0,1.0,4,NOT
Application Support,Technical Support,NARROWER,skillmap_close,val,1.0,0.0,0.0,4,SATISFIES
Technical Support,Application Support,BROADER,skillmap_close,val,0.25,0.75,0.0,4,RELATED
IPsec VPN,VPN,NARROWER,skillmap_overlap,train,1.0,0.0,0.0,4,SATISFIES
VPN,IPsec VPN,BROADER,skillmap_overlap,train,0.0,1.0,0.0,4,RELATED
Vulnerability Assessment,Vulnerability Management,NARROWER,skillmap_overlap,train,0.75,0.25,0.0,4,SATISFIES
Vulnerability Management,Vulnerability Assessment,BROADER,skillmap_overlap,train,0.25,0.75,0.0,4,RELATED
Client Consulting,Client Interaction,NARROWER,skillmap_overlap,test,0.75,0.25,0.0,4,SATISFIES
Client Interaction,Client Consulting,BROADER,skillmap_overlap,test,0.0,1.0,0.0,4,RELATED
gRPC API,REST API,RELATED,skillmap_overlap,train,0.0,0.75,0.25,4,RELATED
REST API,gRPC API,RELATED,skillmap_overlap,train,0.0,0.75,0.25,4,RELATED
Performance Optimization,Workflow optimization,RELATED,skillmap_close,test,0.0,0.75,0.25,4,RELATED
Workflow optimization,Performance Optimization,RELATED,skillmap_close,test,0.0,0.75,0.25,4,RELATED
Backup Management,Backup Solutions,RELATED,skillmap_close,train,0.5,0.5,0.0,4,RELATED
Backup Solutions,Backup Management,RELATED,skillmap_close,train,0.5,0.5,0.0,4,RELATED
System Analysis,System Performance Optimization,RELATED,skillmap_close,train,0.25,0.5,0.25,4,RELATED
System Performance Optimization,System Analysis,RELATED,skillmap_close,train,0.25,0.5,0.25,4,RELATED
Inventory Control,Source Control,DIFFERENT,skillmap_overlap,train,0.0,0.0,1.0,4,NOT
Source Control,Inventory Control,DIFFERENT,skillmap_overlap,train,0.0,0.0,1.0,4,NOT
Mobile UI/UX,UX Design,NARROWER,skillmap_overlap,train,0.75,0.25,0.0,4,SATISFIES
UX Design,Mobile UI/UX,BROADER,skillmap_overlap,train,0.25,0.75,0.0,4,RELATED
SSR,Server-Side Rendering,SAME,skillmap_abbrev,train,1.0,0.0,0.0,4,SATISFIES
Server-Side Rendering,SSR,SAME,skillmap_abbrev,train,1.0,0.0,0.0,4,SATISFIES
Microsoft SQL,SQL Database Management,NARROWER,skillmap_close,train,0.75,0.25,0.0,4,SATISFIES
SQL Database Management,Microsoft SQL,BROADER,skillmap_close,train,0.25,0.75,0.0,4,RELATED
SAP Analytics Cloud,Web Analytics,RELATED,skillmap_overlap,train,0.0,0.75,0.25,4,RELATED
Web Analytics,SAP Analytics Cloud,RELATED,skillmap_overlap,train,0.0,0.75,0.25,4,RELATED
Endpoint Protection,Karma,DIFFERENT,skillmap_far,train,0.0,0.0,1.0,4,NOT
Karma,Endpoint Protection,DIFFERENT,skillmap_far,train,0.0,0.0,1.0,4,NOT
Security Frameworks,Security Automation,RELATED,skillmap_overlap,train,0.0,1.0,0.0,4,RELATED
Security Automation,Security Frameworks,RELATED,skillmap_overlap,train,0.0,1.0,0.0,4,RELATED
Windows 10,Windows 10/11,NARROWER,skillmap_close,train,0.75,0.25,0.0,4,SATISFIES
Windows 10/11,Windows 10,BROADER,skillmap_close,train,0.5,0.5,0.0,4,RELATED
Risk-Based Testing,Testing,NARROWER,skillmap_close,train,1.0,0.0,0.0,4,SATISFIES
Testing,Risk-Based Testing,BROADER,skillmap_close,train,0.0,1.0,0.0,4,RELATED
Adobe InDesign,Backup Restore,DIFFERENT,skillmap_far,test,0.0,0.0,1.0,4,NOT
Backup Restore,Adobe InDesign,DIFFERENT,skillmap_far,test,0.0,0.0,1.0,4,NOT
Google Analytics,Predictive Analytics,RELATED,skillmap_overlap,train,0.25,0.75,0.0,4,RELATED
Predictive Analytics,Google Analytics,RELATED,skillmap_overlap,train,0.0,1.0,0.0,4,RELATED
Low-latency programming,Rust programming,RELATED,skillmap_overlap,train,0.0,1.0,0.0,4,RELATED
Rust programming,Low-latency programming,RELATED,skillmap_overlap,train,0.25,0.75,0.0,4,RELATED
SAP Basis,SAP Reporting,RELATED,skillmap_close,train,0.0,0.75,0.25,4,RELATED
SAP Reporting,SAP Basis,RELATED,skillmap_close,train,0.0,0.75,0.25,4,RELATED
SEO,Search engine optimization,SAME,skillmap_abbrev,train,1.0,0.0,0.0,4,SATISFIES
Search engine optimization,SEO,SAME,skillmap_abbrev,train,1.0,0.0,0.0,4,SATISFIES
Agile Scrum,Agile Testing,RELATED,skillmap_overlap,train,0.0,1.0,0.0,4,RELATED
Agile Testing,Agile Scrum,RELATED,skillmap_overlap,train,0.0,1.0,0.0,4,RELATED
IT Risk Assessment,Security Assessment,RELATED,skillmap_close,val,0.25,0.75,0.0,4,RELATED
Security Assessment,IT Risk Assessment,RELATED,skillmap_close,val,0.0,1.0,0.0,4,RELATED
Service Management,Workforce Management,DIFFERENT,skillmap_close,train,0.0,0.25,0.75,4,NOT
Workforce Management,Service Management,DIFFERENT,skillmap_close,train,0.0,0.25,0.75,4,NOT
End-User Support,Hypercare Support,RELATED,skillmap_overlap,train,0.25,0.75,0.0,4,RELATED
Hypercare Support,End-User Support,RELATED,skillmap_overlap,train,0.25,0.75,0.0,4,RELATED
Security Strategy Development,Technology Strategy,NARROWER,skillmap_close,train,0.75,0.25,0.0,4,SATISFIES
Technology Strategy,Security Strategy Development,BROADER,skillmap_close,train,0.0,1.0,0.0,4,RELATED
OA Framework,Odoo development,DIFFERENT,skillmap_close,test,0.0,0.25,0.75,4,NOT
Odoo development,OA Framework,DIFFERENT,skillmap_close,test,0.25,0.0,0.75,4,NOT
Post-sales support,Production Support,RELATED,skillmap_overlap,train,0.25,0.75,0.0,4,RELATED
Production Support,Post-sales support,RELATED,skillmap_overlap,train,0.0,1.0,0.0,4,RELATED
Consulting Experience,Security Consulting,BROADER,skillmap_close,test,0.0,1.0,0.0,4,RELATED
Security Consulting,Consulting Experience,NARROWER,skillmap_close,test,1.0,0.0,0.0,4,SATISFIES
Printer Maintenance,Printer Support,SAME,skillmap_close,train,0.75,0.25,0.0,4,SATISFIES
Printer Support,Printer Maintenance,SAME,skillmap_close,train,0.75,0.25,0.0,4,SATISFIES
Test Planning,Test Reporting,RELATED,skillmap_close,train,0.0,0.75,0.25,4,RELATED
Test Reporting,Test Planning,RELATED,skillmap_close,train,0.0,0.75,0.25,4,RELATED
POC,Proof of Concept,SAME,skillmap_abbrev,test,1.0,0.0,0.0,4,SATISFIES
Proof of Concept,POC,SAME,skillmap_abbrev,test,1.0,0.0,0.0,4,SATISFIES
CL Programming,COBOL Programming,DIFFERENT,skillmap_overlap,train,0.0,0.0,1.0,4,NOT
COBOL Programming,CL Programming,DIFFERENT,skillmap_overlap,train,0.0,0.0,1.0,4,NOT
Budget Forecasting,Budget tracking,RELATED,skillmap_close,train,0.0,1.0,0.0,4,RELATED
Budget tracking,Budget Forecasting,RELATED,skillmap_close,train,0.0,1.0,0.0,4,RELATED
UI/UX development,UI/UX Design,RELATED,skillmap_overlap,train,0.25,0.75,0.0,4,RELATED
UI/UX Design,UI/UX development,RELATED,skillmap_overlap,train,0.25,0.75,0.0,4,RELATED
MFA,multi-factor authentication,SAME,skillmap_abbrev,val,1.0,0.0,0.0,4,SATISFIES
multi-factor authentication,MFA,SAME,skillmap_abbrev,val,1.0,0.0,0.0,4,SATISFIES
AWS cloud security,AWS VPC,RELATED,skillmap_close,test,0.0,1.0,0.0,4,RELATED
AWS VPC,AWS cloud security,RELATED,skillmap_close,test,0.25,0.75,0.0,4,RELATED
SAP ABAP,SAP WM Module,DIFFERENT,skillmap_close,test,0.0,0.25,0.75,4,NOT
SAP WM Module,SAP ABAP,DIFFERENT,skillmap_close,test,0.25,0.0,0.75,4,NOT
IDS/IPS,IDS/IPS Management,BROADER,skillmap_close,train,0.25,0.75,0.0,4,RELATED
IDS/IPS Management,IDS/IPS,NARROWER,skillmap_close,train,0.75,0.25,0.0,4,SATISFIES
Google Cloud SQL,SQL Database,NARROWER,skillmap_close,train,1.0,0.0,0.0,4,SATISFIES
SQL Database,Google Cloud SQL,BROADER,skillmap_close,train,0.0,1.0,0.0,4,RELATED
Change Control,Control-M,DIFFERENT,skillmap_close,test,0.0,0.0,1.0,4,NOT
Control-M,Change Control,DIFFERENT,skillmap_close,test,0.0,0.0,1.0,4,NOT
Application debugging,Application Troubleshooting,SAME,skillmap_close,train,0.75,0.25,0.0,4,SATISFIES
Application Troubleshooting,Application debugging,SAME,skillmap_close,train,0.75,0.25,0.0,4,SATISFIES
Network Testing,Service Transition,DIFFERENT,skillmap_far,val,0.0,0.0,1.0,4,NOT
Service Transition,Network Testing,DIFFERENT,skillmap_far,val,0.0,0.0,1.0,4,NOT
IT Operations Management,Service Management,RELATED,skillmap_close,train,0.5,0.5,0.0,4,RELATED
Service Management,IT Operations Management,RELATED,skillmap_close,train,0.5,0.5,0.0,4,RELATED
JavaScript Scripting,Linux/Unix scripting,RELATED,skillmap_overlap,train,0.0,0.5,0.5,4,RELATED
Linux/Unix scripting,JavaScript Scripting,RELATED,skillmap_overlap,train,0.0,0.5,0.5,4,RELATED
CSDM,Common Service Data Model,SAME,skillmap_abbrev,train,1.0,0.0,0.0,4,SATISFIES
Common Service Data Model,CSDM,SAME,skillmap_abbrev,train,1.0,0.0,0.0,4,SATISFIES
Predictive Analytics,Reporting & Analytics,NARROWER,skillmap_overlap,train,0.75,0.25,0.0,4,SATISFIES
Reporting & Analytics,Predictive Analytics,BROADER,skillmap_overlap,train,0.0,1.0,0.0,4,RELATED
ODI,Oracle Data Integrator,SAME,skillmap_abbrev,train,1.0,0.0,0.0,4,SATISFIES
Oracle Data Integrator,ODI,SAME,skillmap_abbrev,train,1.0,0.0,0.0,4,SATISFIES
ERP Configuration,Service Desk,DIFFERENT,skillmap_far,train,0.0,0.0,1.0,4,NOT
Service Desk,ERP Configuration,DIFFERENT,skillmap_far,train,0.0,0.0,1.0,4,NOT
SQL Querying,SQL Scripting,BROADER,skillmap_close,test,0.25,0.75,0.0,4,RELATED
SQL Scripting,SQL Querying,NARROWER,skillmap_close,test,0.75,0.25,0.0,4,SATISFIES
Oracle ERP,SAP ERP,RELATED,skillmap_close,train,0.0,0.75,0.25,4,RELATED
SAP ERP,Oracle ERP,RELATED,skillmap_close,train,0.0,0.75,0.25,4,RELATED
TFS,Team Foundation server,SAME,skillmap_abbrev,train,1.0,0.0,0.0,4,SATISFIES
Team Foundation server,TFS,SAME,skillmap_abbrev,train,1.0,0.0,0.0,4,SATISFIES
Cloud Architecture,Network Architecture,RELATED,skillmap_close,train,0.0,1.0,0.0,4,RELATED
Network Architecture,Cloud Architecture,RELATED,skillmap_close,train,0.0,1.0,0.0,4,RELATED
SAP ABAP,SAP Business One,DIFFERENT,skillmap_close,test,0.0,0.25,0.75,4,NOT
SAP Business One,SAP ABAP,DIFFERENT,skillmap_close,test,0.0,0.25,0.75,4,NOT
DHCP DNS Configuration,DNS Configuration,NARROWER,skillmap_close,test,0.75,0.25,0.0,4,SATISFIES
DNS Configuration,DHCP DNS Configuration,BROADER,skillmap_close,test,0.25,0.75,0.0,4,RELATED
Microsoft Dynamics 365,Microsoft Endpoint Manager,DIFFERENT,skillmap_overlap,train,0.0,0.0,1.0,4,NOT
Microsoft Endpoint Manager,Microsoft Dynamics 365,DIFFERENT,skillmap_overlap,train,0.0,0.0,1.0,4,NOT
Apache,Apache NiFi,BROADER,skillmap_close,test,0.0,1.0,0.0,4,RELATED
Apache NiFi,Apache,NARROWER,skillmap_close,test,1.0,0.0,0.0,4,SATISFIES
Microsoft Word,Microsoft Navision,DIFFERENT,skillmap_overlap,train,0.0,0.0,1.0,4,NOT
Microsoft Navision,Microsoft Word,DIFFERENT,skillmap_overlap,train,0.0,0.0,1.0,4,NOT
Agile Development,Agile Collaboration,RELATED,skillmap_close,val,0.5,0.5,0.0,4,RELATED
Agile Collaboration,Agile Development,RELATED,skillmap_close,val,0.0,1.0,0.0,4,RELATED
Financial Consulting,Financial Reconciliation,RELATED,skillmap_overlap,train,0.0,1.0,0.0,4,RELATED
Financial Reconciliation,Financial Consulting,RELATED,skillmap_overlap,train,0.5,0.5,0.0,4,RELATED
Knowledge Base Documentation,Software Documentation,NARROWER,skillmap_close,test,0.5,0.25,0.25,4,SATISFIES
Software Documentation,Knowledge Base Documentation,BROADER,skillmap_close,test,0.25,0.5,0.25,4,RELATED
MCSE,Microsoft Certified System Engineer,SAME,skillmap_abbrev,test,1.0,0.0,0.0,4,SATISFIES
Microsoft Certified System Engineer,MCSE,SAME,skillmap_abbrev,test,1.0,0.0,0.0,4,SATISFIES
Network Security,Web Security,RELATED,skillmap_close,train,0.25,0.75,0.0,4,RELATED
Web Security,Network Security,RELATED,skillmap_close,train,0.25,0.75,0.0,4,RELATED
Application Testing,Manual Testing,BROADER,skillmap_close,val,0.25,0.75,0.0,4,RELATED
Manual Testing,Application Testing,NARROWER,skillmap_close,val,0.75,0.25,0.0,4,SATISFIES
Cross-browser Testing,Cross-functional Leadership,DIFFERENT,skillmap_overlap,train,0.0,0.0,1.0,4,NOT
Cross-functional Leadership,Cross-browser Testing,DIFFERENT,skillmap_overlap,train,0.0,0.0,1.0,4,NOT
Office 365 Support,Onsite Support,DIFFERENT,skillmap_overlap,train,0.5,0.0,0.5,4,NOT
Onsite Support,Office 365 Support,BROADER,skillmap_overlap,train,0.0,0.5,0.5,4,RELATED
ASP.NET Core,C# .NET,NARROWER,skillmap_overlap,val,0.75,0.25,0.0,4,SATISFIES
C# .NET,ASP.NET Core,BROADER,skillmap_overlap,val,0.25,0.75,0.0,4,RELATED
Equipment Troubleshooting,Troubleshooting,NARROWER,skillmap_close,train,1.0,0.0,0.0,4,SATISFIES
Troubleshooting,Equipment Troubleshooting,BROADER,skillmap_close,train,0.0,1.0,0.0,4,RELATED
UML,Unified Modelling Language,SAME,skillmap_abbrev,train,1.0,0.0,0.0,4,SATISFIES
Unified Modelling Language,UML,SAME,skillmap_abbrev,train,1.0,0.0,0.0,4,SATISFIES
Business Process Design,Process Improvement,RELATED,skillmap_close,train,0.25,0.75,0.0,4,RELATED
Process Improvement,Business Process Design,RELATED,skillmap_close,train,0.0,1.0,0.0,4,RELATED
End-User Support,End User Computing,RELATED,skillmap_close,train,0.5,0.5,0.0,4,RELATED
End User Computing,End-User Support,RELATED,skillmap_close,train,0.5,0.5,0.0,4,RELATED
R,Unity development,DIFFERENT,skillmap_far,train,0.0,0.0,1.0,4,NOT
Unity development,R,DIFFERENT,skillmap_far,train,0.0,0.0,1.0,4,NOT
Vulnerability Remediation,Vulnerability Scanning,RELATED,skillmap_close,val,0.25,0.75,0.0,4,RELATED
Vulnerability Scanning,Vulnerability Remediation,RELATED,skillmap_close,val,0.0,1.0,0.0,4,RELATED
AWS,AWS VPC,BROADER,skillmap_close,val,0.0,1.0,0.0,4,RELATED
AWS VPC,AWS,NARROWER,skillmap_close,val,1.0,0.0,0.0,4,SATISFIES
Email Communication,SIT Testing,DIFFERENT,skillmap_far,train,0.0,0.0,1.0,4,NOT
SIT Testing,Email Communication,DIFFERENT,skillmap_far,train,0.0,0.0,1.0,4,NOT
Issue Investigation,Issue Tracking,RELATED,skillmap_close,train,0.25,0.75,0.0,4,RELATED
Issue Tracking,Issue Investigation,RELATED,skillmap_close,train,0.0,1.0,0.0,4,RELATED
AML compliance,AutoCAD design,DIFFERENT,skillmap_far,train,0.0,0.0,1.0,4,NOT
AutoCAD design,AML compliance,DIFFERENT,skillmap_far,train,0.0,0.0,1.0,4,NOT
ALV Reporting,Compliance Reporting,RELATED,skillmap_overlap,train,0.0,0.5,0.5,4,RELATED
Compliance Reporting,ALV Reporting,RELATED,skillmap_overlap,train,0.0,0.5,0.5,4,RELATED
DLP,Data Loss Prevention,SAME,skillmap_abbrev,train,1.0,0.0,0.0,4,SATISFIES
Data Loss Prevention,DLP,SAME,skillmap_abbrev,train,1.0,0.0,0.0,4,SATISFIES
Cross-platform mobile,Mobile Performance Optimization,RELATED,skillmap_close,train,0.0,0.75,0.25,4,RELATED
Mobile Performance Optimization,Cross-platform mobile,RELATED,skillmap_close,train,0.25,0.5,0.25,4,RELATED
DNS,DNS Management,BROADER,skillmap_overlap,train,0.0,1.0,0.0,4,RELATED
DNS Management,DNS,NARROWER,skillmap_overlap,train,1.0,0.0,0.0,4,SATISFIES
Cybersecurity Management,Cybersecurity Practices,RELATED,skillmap_close,train,0.5,0.5,0.0,4,RELATED
Cybersecurity Practices,Cybersecurity Management,RELATED,skillmap_close,train,0.5,0.5,0.0,4,RELATED
Windows 10/11,Windows 7,RELATED,skillmap_overlap,train,0.0,1.0,0.0,4,RELATED
Windows 7,Windows 10/11,RELATED,skillmap_overlap,train,0.0,1.0,0.0,4,RELATED
Information Security,Security Monitoring,BROADER,skillmap_close,train,0.0,1.0,0.0,4,RELATED
Security Monitoring,Information Security,NARROWER,skillmap_close,train,1.0,0.0,0.0,4,SATISFIES
SAP ByDesign,SAP MM,DIFFERENT,skillmap_close,train,0.0,0.25,0.75,4,NOT
SAP MM,SAP ByDesign,DIFFERENT,skillmap_close,train,0.0,0.25,0.75,4,NOT
PC Setup,System Configuration,NARROWER,skillmap_close,test,1.0,0.0,0.0,4,SATISFIES
System Configuration,PC Setup,BROADER,skillmap_close,test,0.0,1.0,0.0,4,RELATED
Application debugging,Software Troubleshooting,NARROWER,skillmap_close,train,0.5,0.5,0.0,4,SATISFIES
Software Troubleshooting,Application debugging,BROADER,skillmap_close,train,0.25,0.75,0.0,4,RELATED
Functional Documentation,Network documentation,RELATED,skillmap_overlap,train,0.0,1.0,0.0,4,RELATED
Network documentation,Functional Documentation,RELATED,skillmap_overlap,train,0.5,0.5,0.0,4,RELATED
Customer Relationship Management,Process Modeling,DIFFERENT,skillmap_far,train,0.0,0.25,0.75,4,NOT
Process Modeling,Customer Relationship Management,DIFFERENT,skillmap_far,train,0.0,0.25,0.75,4,NOT
Cost Management,IT Budget Management,BROADER,skillmap_close,train,0.5,0.5,0.0,4,RELATED
IT Budget Management,Cost Management,NARROWER,skillmap_close,train,0.75,0.25,0.0,4,SATISFIES
Prometheus Monitoring,SIEM Monitoring,RELATED,skillmap_overlap,train,0.0,0.75,0.25,4,RELATED
SIEM Monitoring,Prometheus Monitoring,RELATED,skillmap_overlap,train,0.0,0.75,0.25,4,RELATED
CMDB,Configuration Management Database,SAME,skillmap_abbrev,train,1.0,0.0,0.0,4,SATISFIES
Configuration Management Database,CMDB,SAME,skillmap_abbrev,train,1.0,0.0,0.0,4,SATISFIES
Data Backup Management,Data Storage,NARROWER,skillmap_close,train,0.75,0.25,0.0,4,SATISFIES
Data Storage,Data Backup Management,BROADER,skillmap_close,train,0.0,1.0,0.0,4,RELATED
Power electronics,Power Query,DIFFERENT,skillmap_overlap,test,0.0,0.0,1.0,4,NOT
Power Query,Power electronics,DIFFERENT,skillmap_overlap,test,0.0,0.0,1.0,4,NOT
Firewall Configuration,Fortinet firewall,BROADER,skillmap_close,train,0.25,0.75,0.0,4,RELATED
Fortinet firewall,Firewall Configuration,NARROWER,skillmap_close,train,0.75,0.25,0.0,4,SATISFIES
OSPF routing,Routing and Switching,NARROWER,skillmap_overlap,train,0.75,0.25,0.0,4,SATISFIES
Routing and Switching,OSPF routing,BROADER,skillmap_overlap,train,0.25,0.75,0.0,4,RELATED
Service Request Fulfillment,Service Transition,RELATED,skillmap_close,train,0.0,0.75,0.25,4,RELATED
Service Transition,Service Request Fulfillment,RELATED,skillmap_close,train,0.0,0.75,0.25,4,RELATED
Electrical Maintenance,Plant Maintenance,NARROWER,skillmap_close,train,1.0,0.0,0.0,4,SATISFIES
Plant Maintenance,Electrical Maintenance,BROADER,skillmap_close,train,0.0,1.0,0.0,4,RELATED
Data Reporting,Data Security,DIFFERENT,skillmap_overlap,train,0.0,0.0,1.0,4,NOT
Data Security,Data Reporting,DIFFERENT,skillmap_overlap,train,0.0,0.0,1.0,4,NOT
SIEM Integration,SIEM Monitoring,RELATED,skillmap_close,train,0.0,1.0,0.0,4,RELATED
SIEM Monitoring,SIEM Integration,RELATED,skillmap_close,train,0.0,1.0,0.0,4,RELATED
Oracle RAC,Oracle RDBMS,NARROWER,skillmap_overlap,train,0.75,0.25,0.0,4,SATISFIES
Oracle RDBMS,Oracle RAC,BROADER,skillmap_overlap,train,0.0,1.0,0.0,4,RELATED
Financial Consulting,Strategic Consulting,NARROWER,skillmap_close,train,0.75,0.25,0.0,4,SATISFIES
Strategic Consulting,Financial Consulting,BROADER,skillmap_close,train,0.0,1.0,0.0,4,RELATED
Network performance monitoring,Network Programming,RELATED,skillmap_overlap,val,0.0,0.75,0.25,4,RELATED
Network Programming,Network performance monitoring,RELATED,skillmap_overlap,val,0.0,0.75,0.25,4,RELATED
SDLC Compliance,SDLC Methodologies,RELATED,skillmap_close,train,0.5,0.5,0.0,4,RELATED
SDLC Methodologies,SDLC Compliance,RELATED,skillmap_close,train,0.0,1.0,0.0,4,RELATED
Azure Administration,Azure services,NARROWER,skillmap_close,train,1.0,0.0,0.0,4,SATISFIES
Azure services,Azure Administration,BROADER,skillmap_close,train,0.0,1.0,0.0,4,RELATED
Electrical Maintenance,Software Maintenance,DIFFERENT,skillmap_close,train,0.0,0.0,1.0,4,NOT
Software Maintenance,Electrical Maintenance,DIFFERENT,skillmap_close,train,0.0,0.0,1.0,4,NOT
Report Development,SSRS Reporting,BROADER,skillmap_close,train,0.25,0.75,0.0,4,RELATED
SSRS Reporting,Report Development,NARROWER,skillmap_close,train,0.75,0.25,0.0,4,SATISFIES
Excel VBA,Google Sheets,RELATED,skillmap_close,train,0.0,0.5,0.5,4,RELATED
Google Sheets,Excel VBA,RELATED,skillmap_close,train,0.0,0.5,0.5,4,RELATED
Cloud Deployment,Workstation Deployment,DIFFERENT,skillmap_close,train,0.0,0.25,0.75,4,NOT
Workstation Deployment,Cloud Deployment,DIFFERENT,skillmap_close,train,0.0,0.25,0.75,4,NOT
Compliance Management,GDPR compliance,BROADER,skillmap_overlap,train,0.0,1.0,0.0,4,RELATED
GDPR compliance,Compliance Management,NARROWER,skillmap_overlap,train,1.0,0.0,0.0,4,SATISFIES
Incident Resolution,Incident Review,RELATED,skillmap_close,train,0.0,1.0,0.0,4,RELATED
Incident Review,Incident Resolution,RELATED,skillmap_close,train,0.0,1.0,0.0,4,RELATED
Cloud Computing,Cloud Technologies,SAME,skillmap_close,train,1.0,0.0,0.0,4,SATISFIES
Cloud Technologies,Cloud Computing,SAME,skillmap_close,train,1.0,0.0,0.0,4,SATISFIES
ARM,Azure Resource Manager,SAME,skillmap_abbrev,train,1.0,0.0,0.0,4,SATISFIES
Azure Resource Manager,ARM,SAME,skillmap_abbrev,train,1.0,0.0,0.0,4,SATISFIES
Production Planning,Test Planning,DIFFERENT,skillmap_overlap,train,0.0,0.0,1.0,4,NOT
Test Planning,Production Planning,DIFFERENT,skillmap_overlap,train,0.0,0.0,1.0,4,NOT
Business Process Automation,Test Automation,RELATED,skillmap_close,train,0.0,0.75,0.25,4,RELATED
Test Automation,Business Process Automation,RELATED,skillmap_close,train,0.0,0.75,0.25,4,RELATED
MUI,Material UI,SAME,skillmap_abbrev,train,1.0,0.0,0.0,4,SATISFIES
Material UI,MUI,SAME,skillmap_abbrev,train,1.0,0.0,0.0,4,SATISFIES
Linux,Unix Administration,NARROWER,skillmap_close,train,0.75,0.25,0.0,4,SATISFIES
Unix Administration,Linux,BROADER,skillmap_close,train,0.25,0.75,0.0,4,RELATED
WPO,Web performance optimization,SAME,skillmap_abbrev,train,1.0,0.0,0.0,4,SATISFIES
Web performance optimization,WPO,SAME,skillmap_abbrev,train,1.0,0.0,0.0,4,SATISFIES
Oracle PL/SQL,Oracle Reports Development,RELATED,skillmap_close,train,0.0,1.0,0.0,4,RELATED
Oracle Reports Development,Oracle PL/SQL,RELATED,skillmap_close,train,0.25,0.75,0.0,4,RELATED
RBAC,role-based access control,SAME,skillmap_abbrev,train,1.0,0.0,0.0,4,SATISFIES
role-based access control,RBAC,SAME,skillmap_abbrev,train,1.0,0.0,0.0,4,SATISFIES
Mobile QA automation,Playwright Automation,RELATED,skillmap_overlap,train,0.0,0.75,0.25,4,RELATED
Playwright Automation,Mobile QA automation,RELATED,skillmap_overlap,train,0.0,0.75,0.25,4,RELATED
OpenShift,SIEM,DIFFERENT,skillmap_far,train,0.0,0.0,1.0,4,NOT
SIEM,OpenShift,DIFFERENT,skillmap_far,train,0.0,0.0,1.0,4,NOT
MES Integration,Salesforce Integration,DIFFERENT,skillmap_close,train,0.0,0.25,0.75,4,NOT
Salesforce Integration,MES Integration,DIFFERENT,skillmap_close,train,0.0,0.25,0.75,4,NOT
IT Security Management,Security policy enforcement,BROADER,skillmap_close,train,0.25,0.75,0.0,4,RELATED
Security policy enforcement,IT Security Management,NARROWER,skillmap_close,train,0.75,0.25,0.0,4,SATISFIES
Data Integrity,Data Verification,RELATED,skillmap_close,test,0.0,1.0,0.0,4,RELATED
Data Verification,Data Integrity,RELATED,skillmap_close,test,0.5,0.5,0.0,4,RELATED
IT Asset Management,IT Consulting,DIFFERENT,skillmap_close,train,0.0,0.0,1.0,4,NOT
IT Consulting,IT Asset Management,DIFFERENT,skillmap_close,train,0.0,0.0,1.0,4,NOT
Oracle Finance,Oracle R12,RELATED,skillmap_overlap,train,0.25,0.5,0.25,4,RELATED
Oracle R12,Oracle Finance,RELATED,skillmap_overlap,train,0.0,0.75,0.25,4,RELATED
Cloud cost optimization,Cloud Infrastructure,RELATED,skillmap_close,train,0.25,0.5,0.25,4,RELATED
Cloud Infrastructure,Cloud cost optimization,RELATED,skillmap_close,train,0.0,0.75,0.25,4,RELATED
IT Service Desk,Qlik,DIFFERENT,skillmap_far,test,0.0,0.0,1.0,4,NOT
Qlik,IT Service Desk,DIFFERENT,skillmap_far,test,0.0,0.0,1.0,4,NOT
Process Documentation,Technical Design Documentation,RELATED,skillmap_close,train,0.25,0.75,0.0,4,RELATED
Technical Design Documentation,Process Documentation,RELATED,skillmap_close,train,0.0,1.0,0.0,4,RELATED
Documentation Preparation,IT Documentation,BROADER,skillmap_close,train,0.25,0.75,0.0,4,RELATED
IT Documentation,Documentation Preparation,NARROWER,skillmap_close,train,0.75,0.25,0.0,4,SATISFIES
Compliance Testing,Manual Testing,RELATED,skillmap_close,train,0.0,1.0,0.0,4,RELATED
Manual Testing,Compliance Testing,RELATED,skillmap_close,train,0.0,1.0,0.0,4,RELATED
Sales Operations,Sales Strategy,RELATED,skillmap_close,train,0.0,1.0,0.0,4,RELATED
Sales Strategy,Sales Operations,RELATED,skillmap_close,train,0.0,1.0,0.0,4,RELATED
Business Process Mapping,Data Mapping,RELATED,skillmap_overlap,train,0.0,0.5,0.5,4,RELATED
Data Mapping,Business Process Mapping,RELATED,skillmap_overlap,train,0.0,0.5,0.5,4,RELATED
AWS EC2,AWS EKS,RELATED,skillmap_close,train,0.0,1.0,0.0,4,RELATED
AWS EKS,AWS EC2,RELATED,skillmap_close,train,0.0,1.0,0.0,4,RELATED
DNS Configuration,DNS Management,SAME,skillmap_close,train,0.75,0.25,0.0,4,SATISFIES
DNS Management,DNS Configuration,SAME,skillmap_close,train,0.75,0.25,0.0,4,SATISFIES
Test Documentation,Test Planning,RELATED,skillmap_overlap,train,0.0,1.0,0.0,4,RELATED
Test Planning,Test Documentation,RELATED,skillmap_overlap,train,0.5,0.5,0.0,4,RELATED
IT Operations,IT Project Coordination,RELATED,skillmap_close,train,0.0,0.5,0.5,4,RELATED
IT Project Coordination,IT Operations,RELATED,skillmap_close,train,0.0,0.5,0.5,4,RELATED
Database Optimization,System Performance Optimization,NARROWER,skillmap_close,val,0.5,0.5,0.0,4,SATISFIES
System Performance Optimization,Database Optimization,BROADER,skillmap_close,val,0.25,0.75,0.0,4,RELATED
SmartForms,Windows Forms,DIFFERENT,skillmap_close,train,0.0,0.0,1.0,4,NOT
Windows Forms,SmartForms,DIFFERENT,skillmap_close,train,0.0,0.0,1.0,4,NOT
Reporting Automation,Technical Reporting,RELATED,skillmap_close,train,0.0,1.0,0.0,4,RELATED
Technical Reporting,Reporting Automation,RELATED,skillmap_close,train,0.0,1.0,0.0,4,RELATED
Firewall Configuration,IDS/IPS configuration,RELATED,skillmap_overlap,train,0.0,1.0,0.0,4,RELATED
IDS/IPS configuration,Firewall Configuration,RELATED,skillmap_overlap,train,0.0,1.0,0.0,4,RELATED
Golang,LAN Configuration,DIFFERENT,skillmap_far,test,0.0,0.0,1.0,4,NOT
LAN Configuration,Golang,DIFFERENT,skillmap_far,test,0.0,0.0,1.0,4,NOT
Web Application Development,Web Application Testing,RELATED,skillmap_close,train,0.0,0.75,0.25,4,RELATED
Web Application Testing,Web Application Development,RELATED,skillmap_close,train,0.0,0.75,0.25,4,RELATED
Security Best Practices,Security Controls Design,RELATED,skillmap_close,test,0.0,1.0,0.0,4,RELATED
Security Controls Design,Security Best Practices,RELATED,skillmap_close,test,0.5,0.5,0.0,4,RELATED
Azure ML,Azure SQL,DIFFERENT,skillmap_close,test,0.0,0.0,1.0,4,NOT
Azure SQL,Azure ML,DIFFERENT,skillmap_close,test,0.0,0.0,1.0,4,NOT
Cloud cost optimization,Cloud Development,RELATED,skillmap_overlap,train,0.0,0.75,0.25,4,RELATED
Cloud Development,Cloud cost optimization,RELATED,skillmap_overlap,train,0.0,0.75,0.25,4,RELATED
Network Administration,Network Engineering,RELATED,skillmap_close,train,0.5,0.5,0.0,4,RELATED
Network Engineering,Network Administration,RELATED,skillmap_close,train,0.5,0.5,0.0,4,RELATED
Documentation creation,Technical Documentation,BROADER,skillmap_close,train,0.5,0.5,0.0,4,RELATED
Technical Documentation,Documentation creation,NARROWER,skillmap_close,train,1.0,0.0,0.0,4,SATISFIES
KPI Reporting,Project Reporting,RELATED,skillmap_overlap,test,0.0,1.0,0.0,4,RELATED
Project Reporting,KPI Reporting,RELATED,skillmap_overlap,test,0.25,0.75,0.0,4,RELATED
Distributed Systems Design,Distributed teams,DIFFERENT,skillmap_overlap,train,0.0,0.0,1.0,4,NOT
Distributed teams,Distributed Systems Design,DIFFERENT,skillmap_overlap,train,0.0,0.0,1.0,4,NOT
IT Operations Management,IT Project Coordination,RELATED,skillmap_overlap,train,0.0,0.75,0.25,4,RELATED
IT Project Coordination,IT Operations Management,RELATED,skillmap_overlap,train,0.0,0.75,0.25,4,RELATED
PC installation,PC Troubleshooting,RELATED,skillmap_overlap,train,0.0,1.0,0.0,4,RELATED
PC Troubleshooting,PC installation,RELATED,skillmap_overlap,train,0.0,1.0,0.0,4,RELATED
EDI Integration,Integration Architecture,NARROWER,skillmap_close,train,0.75,0.25,0.0,4,SATISFIES
Integration Architecture,EDI Integration,BROADER,skillmap_close,train,0.25,0.75,0.0,4,RELATED
Asset Tracking,VB6,DIFFERENT,skillmap_far,test,0.0,0.0,1.0,4,NOT
VB6,Asset Tracking,DIFFERENT,skillmap_far,test,0.0,0.0,1.0,4,NOT
Project Delivery,Service Delivery,RELATED,skillmap_close,train,0.0,1.0,0.0,4,RELATED
Service Delivery,Project Delivery,RELATED,skillmap_close,train,0.0,1.0,0.0,4,RELATED
Build automation,GUI Automation,RELATED,skillmap_overlap,train,0.0,0.5,0.5,4,RELATED
GUI Automation,Build automation,RELATED,skillmap_overlap,train,0.0,0.5,0.5,4,RELATED
Automation Anywhere,Automation Framework Design,NARROWER,skillmap_close,test,0.5,0.25,0.25,4,SATISFIES
Automation Framework Design,Automation Anywhere,BROADER,skillmap_close,test,0.25,0.5,0.25,4,RELATED
Non-functional Testing,On-page SEO,DIFFERENT,skillmap_far,train,0.0,0.0,1.0,4,NOT
On-page SEO,Non-functional Testing,DIFFERENT,skillmap_far,train,0.0,0.0,1.0,4,NOT
Oracle EBS,Oracle Finance,BROADER,skillmap_overlap,train,0.25,0.75,0.0,4,RELATED
Oracle Finance,Oracle EBS,NARROWER,skillmap_overlap,train,0.5,0.5,0.0,4,SATISFIES
PMBOK,Project Management Body of Knowledge,SAME,skillmap_abbrev,train,1.0,0.0,0.0,4,SATISFIES
Project Management Body of Knowledge,PMBOK,SAME,skillmap_abbrev,train,1.0,0.0,0.0,4,SATISFIES
LANS,Local area networks,SAME,skillmap_abbrev,train,1.0,0.0,0.0,4,SATISFIES
Local area networks,LANS,SAME,skillmap_abbrev,train,1.0,0.0,0.0,4,SATISFIES
SPA,Single Page Applications,SAME,skillmap_abbrev,val,1.0,0.0,0.0,4,SATISFIES
Single Page Applications,SPA,SAME,skillmap_abbrev,val,1.0,0.0,0.0,4,SATISFIES
Data Architecture,Data Structures,DIFFERENT,skillmap_close,train,0.5,0.0,0.5,4,NOT
Data Structures,Data Architecture,BROADER,skillmap_close,train,0.0,0.5,0.5,4,RELATED
Unix/Linux,Robotics Development,DIFFERENT,skillmap_far,val,0.0,0.0,1.0,4,NOT
Robotics Development,Unix/Linux,DIFFERENT,skillmap_far,val,0.0,0.0,1.0,4,NOT
Cloud Architecture,Cloud Networking,BROADER,skillmap_close,train,0.25,0.75,0.0,4,RELATED
Cloud Networking,Cloud Architecture,NARROWER,skillmap_close,train,0.5,0.5,0.0,4,SATISFIES
Email Administration,ERP Administration,DIFFERENT,skillmap_close,test,0.0,0.0,1.0,4,NOT
ERP Administration,Email Administration,DIFFERENT,skillmap_close,test,0.0,0.0,1.0,4,NOT
Database Tuning,Performance Tuning,NARROWER,skillmap_overlap,val,1.0,0.0,0.0,4,SATISFIES
Performance Tuning,Database Tuning,BROADER,skillmap_overlap,val,0.0,1.0,0.0,4,RELATED
ISO 27001,Postman,DIFFERENT,skillmap_far,train,0.0,0.0,1.0,4,NOT
Postman,ISO 27001,DIFFERENT,skillmap_far,train,0.0,0.0,1.0,4,NOT
GxP Compliance,Payroll Processing,DIFFERENT,skillmap_far,val,0.0,0.0,1.0,4,NOT
Payroll Processing,GxP Compliance,DIFFERENT,skillmap_far,val,0.0,0.0,1.0,4,NOT
Cross-functional Communication,Cross-Platform Development,DIFFERENT,skillmap_overlap,test,0.0,0.0,1.0,4,NOT
Cross-Platform Development,Cross-functional Communication,DIFFERENT,skillmap_overlap,test,0.0,0.0,1.0,4,NOT
Excel Services,OData Services,RELATED,skillmap_overlap,train,0.0,0.5,0.5,4,RELATED
OData Services,Excel Services,RELATED,skillmap_overlap,train,0.0,0.5,0.5,4,RELATED
Localization Testing,Mobile App Testing,RELATED,skillmap_overlap,train,0.0,1.0,0.0,4,RELATED
Mobile App Testing,Localization Testing,RELATED,skillmap_overlap,train,0.0,1.0,0.0,4,RELATED
Printer Maintenance,Remote monitoring,DIFFERENT,skillmap_far,train,0.0,0.0,1.0,4,NOT
Remote monitoring,Printer Maintenance,DIFFERENT,skillmap_far,train,0.0,0.0,1.0,4,NOT
LAN/WAN support,WAN Design,RELATED,skillmap_close,val,0.25,0.75,0.0,4,RELATED
WAN Design,LAN/WAN support,RELATED,skillmap_close,val,0.25,0.75,0.0,4,RELATED
Data Migration,React,DIFFERENT,skillmap_far,train,0.0,0.0,1.0,4,NOT
React,Data Migration,DIFFERENT,skillmap_far,train,0.0,0.0,1.0,4,NOT
Defect Management,Stakeholder Presentation,DIFFERENT,skillmap_far,train,0.0,0.0,1.0,4,NOT
Stakeholder Presentation,Defect Management,DIFFERENT,skillmap_far,train,0.0,0.0,1.0,4,NOT
OS configuration,System Configuration,NARROWER,skillmap_close,train,0.75,0.25,0.0,4,SATISFIES
System Configuration,OS configuration,BROADER,skillmap_close,train,0.5,0.5,0.0,4,RELATED
SAP CO,SAP Solution Manager,RELATED,skillmap_close,train,0.0,0.5,0.5,4,RELATED
SAP Solution Manager,SAP CO,RELATED,skillmap_close,train,0.0,0.5,0.5,4,RELATED
Backup Administration,IT Administration,NARROWER,skillmap_overlap,train,1.0,0.0,0.0,4,SATISFIES
IT Administration,Backup Administration,BROADER,skillmap_overlap,train,0.0,1.0,0.0,4,RELATED
SAP,SAP SD,BROADER,skillmap_close,val,0.25,0.75,0.0,4,RELATED
SAP SD,SAP,NARROWER,skillmap_close,val,0.75,0.25,0.0,4,SATISFIES
Database Integration,Data Integration,NARROWER,skillmap_overlap,train,0.75,0.25,0.0,4,SATISFIES
Data Integration,Database Integration,BROADER,skillmap_overlap,train,0.0,1.0,0.0,4,RELATED
AWS EKS,AWS EMR,RELATED,skillmap_close,train,0.0,1.0,0.0,4,RELATED
AWS EMR,AWS EKS,RELATED,skillmap_close,train,0.0,1.0,0.0,4,RELATED
Axure,KPI Management,DIFFERENT,skillmap_far,val,0.0,0.0,1.0,4,NOT
KPI Management,Axure,DIFFERENT,skillmap_far,val,0.0,0.0,1.0,4,NOT
Apache Flink,Apache Tomcat,DIFFERENT,skillmap_overlap,train,0.0,0.25,0.75,4,NOT
Apache Tomcat,Apache Flink,DIFFERENT,skillmap_overlap,train,0.0,0.25,0.75,4,NOT
ASP.NET Web Forms,Real-time OS,DIFFERENT,skillmap_far,train,0.0,0.0,1.0,4,NOT
Real-time OS,ASP.NET Web Forms,DIFFERENT,skillmap_far,train,0.0,0.0,1.0,4,NOT
Cybersecurity Governance,Security Governance,BROADER,skillmap_close,train,0.5,0.5,0.0,4,RELATED
Security Governance,Cybersecurity Governance,NARROWER,skillmap_close,train,0.75,0.25,0.0,4,SATISFIES
Agile Documentation,BRD Documentation,RELATED,skillmap_overlap,train,0.0,0.75,0.25,4,RELATED
BRD Documentation,Agile Documentation,RELATED,skillmap_overlap,train,0.0,0.75,0.25,4,RELATED
Network Engineering,Network Optimization,BROADER,skillmap_close,train,0.0,1.0,0.0,4,RELATED
Network Optimization,Network Engineering,NARROWER,skillmap_close,train,1.0,0.0,0.0,4,SATISFIES
Compatibility Testing,Cross-Browser Compatibility,BROADER,skillmap_overlap,train,0.0,1.0,0.0,4,RELATED
Cross-Browser Compatibility,Compatibility Testing,NARROWER,skillmap_overlap,train,1.0,0.0,0.0,4,SATISFIES
Documentation Standards,Tender Documentation,RELATED,skillmap_close,train,0.0,1.0,0.0,4,RELATED
Tender Documentation,Documentation Standards,RELATED,skillmap_close,train,0.25,0.75,0.0,4,RELATED
SSRS,SQL Server Reporting Services,SAME,skillmap_abbrev,train,1.0,0.0,0.0,4,SATISFIES
SQL Server Reporting Services,SSRS,SAME,skillmap_abbrev,train,1.0,0.0,0.0,4,SATISFIES
Unity 3D,VPN Management,DIFFERENT,skillmap_far,train,0.0,0.0,1.0,4,NOT
VPN Management,Unity 3D,DIFFERENT,skillmap_far,train,0.0,0.0,1.0,4,NOT
AWS cloud security,AWS networking,RELATED,skillmap_close,train,0.0,0.75,0.25,4,RELATED
AWS networking,AWS cloud security,RELATED,skillmap_close,train,0.0,0.75,0.25,4,RELATED
Rapid Prototyping,Software prototyping,SAME,skillmap_close,train,0.75,0.25,0.0,4,SATISFIES
Software prototyping,Rapid Prototyping,SAME,skillmap_close,train,0.5,0.5,0.0,4,SATISFIES
Device Deployment,Network device debugging,RELATED,skillmap_overlap,test,0.0,0.75,0.25,4,RELATED
Network device debugging,Device Deployment,RELATED,skillmap_overlap,test,0.0,0.75,0.25,4,RELATED
License Compliance,SAP Cloud,DIFFERENT,skillmap_far,train,0.0,0.0,1.0,4,NOT
SAP Cloud,License Compliance,DIFFERENT,skillmap_far,train,0.0,0.0,1.0,4,NOT
Networking Technologies,Network Programming,BROADER,skillmap_close,val,0.0,1.0,0.0,4,RELATED
Network Programming,Networking Technologies,NARROWER,skillmap_close,val,1.0,0.0,0.0,4,SATISFIES
IT Service Management,Python,DIFFERENT,skillmap_far,train,0.0,0.0,1.0,4,NOT
Python,IT Service Management,DIFFERENT,skillmap_far,train,0.0,0.0,1.0,4,NOT
Data Center Design,Data Cleansing,DIFFERENT,skillmap_overlap,train,0.0,0.0,1.0,4,NOT
Data Cleansing,Data Center Design,DIFFERENT,skillmap_overlap,train,0.0,0.0,1.0,4,NOT
Database Optimization,Index Optimization,BROADER,skillmap_overlap,val,0.25,0.75,0.0,4,RELATED
Index Optimization,Database Optimization,NARROWER,skillmap_overlap,val,0.75,0.25,0.0,4,SATISFIES
Deployment Orchestration,Device Deployment,RELATED,skillmap_close,train,0.25,0.5,0.25,4,RELATED
Device Deployment,Deployment Orchestration,RELATED,skillmap_close,train,0.0,0.75,0.25,4,RELATED
ASM,Automatic Storage Management,SAME,skillmap_abbrev,train,1.0,0.0,0.0,4,SATISFIES
Automatic Storage Management,ASM,SAME,skillmap_abbrev,train,1.0,0.0,0.0,4,SATISFIES
Technical Communication,Telecom Engineering,DIFFERENT,skillmap_close,train,0.0,0.0,1.0,4,NOT
Telecom Engineering,Technical Communication,DIFFERENT,skillmap_close,train,0.0,0.0,1.0,4,NOT
PLC,programmable logic controller,SAME,skillmap_abbrev,train,1.0,0.0,0.0,4,SATISFIES
programmable logic controller,PLC,SAME,skillmap_abbrev,train,1.0,0.0,0.0,4,SATISFIES
Business Requirements Documentation,Business Architecture,RELATED,skillmap_overlap,train,0.5,0.5,0.0,4,RELATED
Business Architecture,Business Requirements Documentation,RELATED,skillmap_overlap,train,0.0,1.0,0.0,4,RELATED
Data Governance,Governance Framework,NARROWER,skillmap_overlap,train,1.0,0.0,0.0,4,SATISFIES
Governance Framework,Data Governance,BROADER,skillmap_overlap,train,0.0,1.0,0.0,4,RELATED
ELV Systems,SOC Operations,DIFFERENT,skillmap_far,train,0.0,0.0,1.0,4,NOT
SOC Operations,ELV Systems,DIFFERENT,skillmap_far,train,0.0,0.0,1.0,4,NOT
Cost Analysis,Cost Reduction,RELATED,skillmap_close,train,0.0,1.0,0.0,4,RELATED
Cost Reduction,Cost Analysis,RELATED,skillmap_close,train,0.5,0.5,0.0,4,RELATED
VB,Visual Basic,SAME,skillmap_abbrev,train,1.0,0.0,0.0,4,SATISFIES
Visual Basic,VB,SAME,skillmap_abbrev,train,1.0,0.0,0.0,4,SATISFIES
CISA,Certified Information Systems Auditor,SAME,skillmap_abbrev,train,1.0,0.0,0.0,4,SATISFIES
Certified Information Systems Auditor,CISA,SAME,skillmap_abbrev,train,1.0,0.0,0.0,4,SATISFIES
Application debugging,Network device debugging,RELATED,skillmap_overlap,train,0.0,0.5,0.5,4,RELATED
Network device debugging,Application debugging,RELATED,skillmap_overlap,train,0.0,0.5,0.5,4,RELATED
GCP,Google Cloud Platform,SAME,skillmap_abbrev,train,1.0,0.0,0.0,4,SATISFIES
Google Cloud Platform,GCP,SAME,skillmap_abbrev,train,1.0,0.0,0.0,4,SATISFIES
Cisco Certifications,Network Configuration,RELATED,skillmap_far,train,0.5,0.5,0.0,4,RELATED
Network Configuration,Cisco Certifications,RELATED,skillmap_far,train,0.0,1.0,0.0,4,RELATED
IAM security,Security Operations Center,RELATED,skillmap_close,train,0.0,0.5,0.5,4,RELATED
Security Operations Center,IAM security,RELATED,skillmap_close,train,0.0,0.5,0.5,4,RELATED
STP,straight-through processing,SAME,skillmap_abbrev,train,1.0,0.0,0.0,4,SATISFIES
straight-through processing,STP,SAME,skillmap_abbrev,train,1.0,0.0,0.0,4,SATISFIES
Change Management,Change Request Management,BROADER,skillmap_close,train,0.5,0.5,0.0,4,RELATED
Change Request Management,Change Management,NARROWER,skillmap_close,train,0.75,0.25,0.0,4,SATISFIES
Data Strategy,IT Strategy,NARROWER,skillmap_overlap,val,0.5,0.5,0.0,4,SATISFIES
IT Strategy,Data Strategy,BROADER,skillmap_overlap,val,0.25,0.75,0.0,4,RELATED
SAP Customization,SAP S/4HANA,RELATED,skillmap_close,val,0.5,0.5,0.0,4,RELATED
SAP S/4HANA,SAP Customization,RELATED,skillmap_close,val,0.0,1.0,0.0,4,RELATED
Electrical Engineering,Electrical equipment,NARROWER,skillmap_close,test,0.5,0.25,0.25,4,SATISFIES
Electrical equipment,Electrical Engineering,BROADER,skillmap_close,test,0.0,0.75,0.25,4,RELATED
Data Architecture,Data Integration,RELATED,skillmap_close,train,0.0,1.0,0.0,4,RELATED
Data Integration,Data Architecture,RELATED,skillmap_close,train,0.5,0.5,0.0,4,RELATED
Service Desk Operations,Service Desk Support,SAME,skillmap_close,train,0.75,0.25,0.0,4,SATISFIES
Service Desk Support,Service Desk Operations,SAME,skillmap_close,train,0.75,0.25,0.0,4,SATISFIES
Linux,Red Hat Linux,BROADER,skillmap_close,train,0.25,0.75,0.0,4,RELATED
Red Hat Linux,Linux,NARROWER,skillmap_close,train,1.0,0.0,0.0,4,SATISFIES
Disaster Recovery Planning,Incident Response Planning,RELATED,skillmap_close,val,0.25,0.75,0.0,4,RELATED
Incident Response Planning,Disaster Recovery Planning,RELATED,skillmap_close,val,0.25,0.75,0.0,4,RELATED
Policy Enforcement,Security Policy Development,RELATED,skillmap_close,train,0.0,1.0,0.0,4,RELATED
Security Policy Development,Policy Enforcement,RELATED,skillmap_close,train,0.25,0.75,0.0,4,RELATED
EF,Entity Framework,SAME,skillmap_abbrev,train,1.0,0.0,0.0,4,SATISFIES
Entity Framework,EF,SAME,skillmap_abbrev,train,1.0,0.0,0.0,4,SATISFIES
Escalation Management,Issue Escalation,SAME,skillmap_close,train,0.75,0.25,0.0,4,SATISFIES
Issue Escalation,Escalation Management,SAME,skillmap_close,train,1.0,0.0,0.0,4,SATISFIES
IT Documentation,Technical Documentation,BROADER,skillmap_close,val,0.5,0.5,0.0,4,RELATED
Technical Documentation,IT Documentation,NARROWER,skillmap_close,val,1.0,0.0,0.0,4,SATISFIES
Data Architecture,Data Strategy,RELATED,skillmap_close,train,0.0,1.0,0.0,4,RELATED
Data Strategy,Data Architecture,RELATED,skillmap_close,train,0.5,0.5,0.0,4,RELATED
Cloud Infrastructure,IT infrastructure integration,RELATED,skillmap_close,train,0.0,1.0,0.0,4,RELATED
IT infrastructure integration,Cloud Infrastructure,RELATED,skillmap_close,train,0.0,1.0,0.0,4,RELATED
Agile Scrum,Network Automation,DIFFERENT,skillmap_far,train,0.0,0.0,1.0,4,NOT
Network Automation,Agile Scrum,DIFFERENT,skillmap_far,train,0.0,0.0,1.0,4,NOT
SOP Development,Technical Training,RELATED,skillmap_far,val,0.0,0.5,0.5,4,RELATED
Technical Training,SOP Development,RELATED,skillmap_far,val,0.0,0.5,0.5,4,RELATED
SAP FICO,SAP Integration,RELATED,skillmap_close,train,0.0,0.75,0.25,4,RELATED
SAP Integration,SAP FICO,RELATED,skillmap_close,train,0.0,0.75,0.25,4,RELATED
PMO,Project Management Office,SAME,skillmap_abbrev,val,1.0,0.0,0.0,4,SATISFIES
Project Management Office,PMO,SAME,skillmap_abbrev,val,1.0,0.0,0.0,4,SATISFIES
IDS/IPS,IP Address Management,DIFFERENT,skillmap_close,train,0.0,0.0,1.0,4,NOT
IP Address Management,IDS/IPS,DIFFERENT,skillmap_close,train,0.0,0.0,1.0,4,NOT
Data Science,Data Warehouse,RELATED,skillmap_close,train,0.0,0.5,0.5,4,RELATED
Data Warehouse,Data Science,RELATED,skillmap_close,train,0.0,0.5,0.5,4,RELATED
Hardware Installation,Installation Configuration,BROADER,skillmap_overlap,train,0.25,0.75,0.0,4,RELATED
Installation Configuration,Hardware Installation,NARROWER,skillmap_overlap,train,0.5,0.5,0.0,4,SATISFIES
Security Operations,Security Reporting,BROADER,skillmap_close,train,0.25,0.75,0.0,4,RELATED
Security Reporting,Security Operations,NARROWER,skillmap_close,train,0.5,0.5,0.0,4,SATISFIES
Cloud Deployment,Hardware Deployment,RELATED,skillmap_close,train,0.0,0.5,0.5,4,RELATED
Hardware Deployment,Cloud Deployment,RELATED,skillmap_close,train,0.0,0.5,0.5,4,RELATED
Git Version Control,Git workflow,BROADER,skillmap_overlap,train,0.25,0.75,0.0,4,RELATED
Git workflow,Git Version Control,NARROWER,skillmap_overlap,train,1.0,0.0,0.0,4,SATISFIES
HCI,Human-Computer Interaction,SAME,skillmap_abbrev,train,1.0,0.0,0.0,4,SATISFIES
Human-Computer Interaction,HCI,SAME,skillmap_abbrev,train,1.0,0.0,0.0,4,SATISFIES
SharePoint,SharePoint Administration,BROADER,skillmap_overlap,train,0.0,1.0,0.0,4,RELATED
SharePoint Administration,SharePoint,NARROWER,skillmap_overlap,train,1.0,0.0,0.0,4,SATISFIES
MySQL Database,SQL Database Management,NARROWER,skillmap_close,test,1.0,0.0,0.0,4,SATISFIES
SQL Database Management,MySQL Database,BROADER,skillmap_close,test,0.0,1.0,0.0,4,RELATED
Postman API,Vulkan API,DIFFERENT,skillmap_overlap,train,0.0,0.0,1.0,4,NOT
Vulkan API,Postman API,DIFFERENT,skillmap_overlap,train,0.0,0.0,1.0,4,NOT
Data Integration,Data Reconciliation,RELATED,skillmap_close,train,0.0,1.0,0.0,4,RELATED
Data Reconciliation,Data Integration,RELATED,skillmap_close,train,0.25,0.75,0.0,4,RELATED
Windows OS,Windows OS Support,BROADER,skillmap_overlap,train,0.0,1.0,0.0,4,RELATED
Windows OS Support,Windows OS,NARROWER,skillmap_overlap,train,1.0,0.0,0.0,4,SATISFIES
Intrusion Detection,Security Monitoring,NARROWER,skillmap_close,train,1.0,0.0,0.0,4,SATISFIES
Security Monitoring,Intrusion Detection,BROADER,skillmap_close,train,0.0,1.0,0.0,4,RELATED
Network Switching,Switch Management,BROADER,skillmap_close,train,0.0,1.0,0.0,4,RELATED
Switch Management,Network Switching,NARROWER,skillmap_close,train,1.0,0.0,0.0,4,SATISFIES
Network Basics,Network Administration,BROADER,skillmap_overlap,train,0.0,1.0,0.0,4,RELATED
Network Administration,Network Basics,NARROWER,skillmap_overlap,train,1.0,0.0,0.0,4,SATISFIES
LAN/WAN support,SD-WAN,BROADER,skillmap_close,val,0.0,0.75,0.25,4,RELATED
SD-WAN,LAN/WAN support,NARROWER,skillmap_close,val,0.5,0.25,0.25,4,SATISFIES
SAP Data Services,SAP HANA,RELATED,skillmap_close,val,0.0,0.5,0.5,4,RELATED
SAP HANA,SAP Data Services,RELATED,skillmap_close,val,0.0,0.5,0.5,4,RELATED
Infrastructure monitoring,Monitoring Automation,BROADER,skillmap_close,test,0.25,0.75,0.0,4,RELATED
Monitoring Automation,Infrastructure monitoring,NARROWER,skillmap_close,test,0.75,0.25,0.0,4,SATISFIES
Big Data Architecture,Business Architecture,RELATED,skillmap_overlap,train,0.0,1.0,0.0,4,RELATED
Business Architecture,Big Data Architecture,RELATED,skillmap_overlap,train,0.0,1.0,0.0,4,RELATED
NIST,National Institute of Standards and Technology,SAME,skillmap_abbrev,train,1.0,0.0,0.0,4,SATISFIES
National Institute of Standards and Technology,NIST,SAME,skillmap_abbrev,train,1.0,0.0,0.0,4,SATISFIES
Network Basics,Networking,NARROWER,skillmap_close,train,0.75,0.25,0.0,4,SATISFIES
Networking,Network Basics,BROADER,skillmap_close,train,0.5,0.5,0.0,4,RELATED
Security Frameworks,System Security,NARROWER,skillmap_close,test,0.75,0.25,0.0,4,SATISFIES
System Security,Security Frameworks,BROADER,skillmap_close,test,0.0,1.0,0.0,4,RELATED
CISM Certification,CRISC Certification,DIFFERENT,skillmap_overlap,train,0.0,0.0,1.0,4,NOT
CRISC Certification,CISM Certification,DIFFERENT,skillmap_overlap,train,0.0,0.0,1.0,4,NOT
Report Customization,Theme Customization,RELATED,skillmap_overlap,train,0.0,0.5,0.5,4,RELATED
Theme Customization,Report Customization,RELATED,skillmap_overlap,train,0.0,0.5,0.5,4,RELATED
SAP Cloud,SAP Solution Manager,RELATED,skillmap_close,train,0.0,0.5,0.5,4,RELATED
SAP Solution Manager,SAP Cloud,RELATED,skillmap_close,train,0.0,0.5,0.5,4,RELATED
REST API Design,Vulkan API,DIFFERENT,skillmap_overlap,train,0.0,0.0,1.0,4,NOT
Vulkan API,REST API Design,DIFFERENT,skillmap_overlap,train,0.0,0.0,1.0,4,NOT
BGP,Border Gateway Protocol,SAME,skillmap_abbrev,train,1.0,0.0,0.0,4,SATISFIES
Border Gateway Protocol,BGP,SAME,skillmap_abbrev,train,1.0,0.0,0.0,4,SATISFIES
Qualitative research,Technology Research,RELATED,skillmap_overlap,train,0.0,0.75,0.25,4,RELATED
Technology Research,Qualitative research,RELATED,skillmap_overlap,train,0.0,0.75,0.25,4,RELATED
SAP Reporting,SAP Training,DIFFERENT,skillmap_close,val,0.25,0.0,0.75,4,NOT
SAP Training,SAP Reporting,DIFFERENT,skillmap_close,val,0.0,0.25,0.75,4,NOT
IoT Integration,Network Integration,RELATED,skillmap_close,train,0.5,0.5,0.0,4,RELATED
Network Integration,IoT Integration,RELATED,skillmap_close,train,0.0,1.0,0.0,4,RELATED
Test Documentation,Test Plan Development,RELATED,skillmap_close,train,0.0,1.0,0.0,4,RELATED
Test Plan Development,Test Documentation,RELATED,skillmap_close,train,0.5,0.5,0.0,4,RELATED
Software License Management,Software prototyping,DIFFERENT,skillmap_overlap,train,0.0,0.0,1.0,4,NOT
Software prototyping,Software License Management,DIFFERENT,skillmap_overlap,train,0.0,0.0,1.0,4,NOT
Supply Chain IT,Supply Chain Management,RELATED,skillmap_close,train,0.25,0.75,0.0,4,RELATED
Supply Chain Management,Supply Chain IT,RELATED,skillmap_close,train,0.0,1.0,0.0,4,RELATED
Network Engineering,WebLogic Server,DIFFERENT,skillmap_far,train,0.0,0.0,1.0,4,NOT
WebLogic Server,Network Engineering,DIFFERENT,skillmap_far,train,0.0,0.0,1.0,4,NOT
Project Reporting,Reporting & Analytics,NARROWER,skillmap_close,train,0.75,0.25,0.0,4,SATISFIES
Reporting & Analytics,Project Reporting,BROADER,skillmap_close,train,0.25,0.75,0.0,4,RELATED
Supplier negotiation,Vendor Management,NARROWER,skillmap_close,val,0.5,0.5,0.0,4,SATISFIES
Vendor Management,Supplier negotiation,BROADER,skillmap_close,val,0.25,0.75,0.0,4,RELATED
HTTP/HTTPS Protocols,Security Protocols,NARROWER,skillmap_close,train,0.5,0.5,0.0,4,SATISFIES
Security Protocols,HTTP/HTTPS Protocols,BROADER,skillmap_close,train,0.25,0.75,0.0,4,RELATED
Cost Analysis,Cost Benefit Analysis,BROADER,skillmap_close,train,0.25,0.75,0.0,4,RELATED
Cost Benefit Analysis,Cost Analysis,NARROWER,skillmap_close,train,0.75,0.25,0.0,4,SATISFIES
Network Architecture,Software Architecture,RELATED,skillmap_close,train,0.0,0.75,0.25,4,RELATED
Software Architecture,Network Architecture,RELATED,skillmap_close,train,0.0,0.75,0.25,4,RELATED
SAP Workflow,Workflow Configuration,NARROWER,skillmap_close,train,1.0,0.0,0.0,4,SATISFIES
Workflow Configuration,SAP Workflow,BROADER,skillmap_close,train,0.0,1.0,0.0,4,RELATED
Healthcare Domain Knowledge,Japanese (JLPT N3),DIFFERENT,skillmap_far,train,0.0,0.0,1.0,4,NOT
Japanese (JLPT N3),Healthcare Domain Knowledge,DIFFERENT,skillmap_far,train,0.0,0.0,1.0,4,NOT
Banking domain,Payments Domain,RELATED,skillmap_close,train,0.25,0.75,0.0,4,RELATED
Payments Domain,Banking domain,RELATED,skillmap_close,train,0.25,0.75,0.0,4,RELATED
E-commerce Analytics,E-commerce Platforms,RELATED,skillmap_close,train,0.0,1.0,0.0,4,RELATED
E-commerce Platforms,E-commerce Analytics,RELATED,skillmap_close,train,0.0,1.0,0.0,4,RELATED
Configuration Management,System Deployment,RELATED,skillmap_close,train,0.0,1.0,0.0,4,RELATED
System Deployment,Configuration Management,RELATED,skillmap_close,train,0.0,1.0,0.0,4,RELATED
Software prototyping,Software QA,RELATED,skillmap_overlap,train,0.0,0.5,0.5,4,RELATED
Software QA,Software prototyping,RELATED,skillmap_overlap,train,0.0,0.5,0.5,4,RELATED
System Integration,System Support,RELATED,skillmap_close,train,0.0,1.0,0.0,4,RELATED
System Support,System Integration,RELATED,skillmap_close,train,0.0,1.0,0.0,4,RELATED
AI Model Deployment,Model Deployment,NARROWER,skillmap_overlap,train,0.75,0.25,0.0,4,SATISFIES
Model Deployment,AI Model Deployment,BROADER,skillmap_overlap,train,0.5,0.5,0.0,4,RELATED
Customer Communication,Customer Service,BROADER,skillmap_overlap,test,0.25,0.75,0.0,4,RELATED
Customer Service,Customer Communication,NARROWER,skillmap_overlap,test,0.5,0.5,0.0,4,SATISFIES
SQL Database,SQL Optimization,BROADER,skillmap_overlap,val,0.0,1.0,0.0,4,RELATED
SQL Optimization,SQL Database,NARROWER,skillmap_overlap,val,0.75,0.25,0.0,4,SATISFIES
Project Documentation,Project Reporting,RELATED,skillmap_overlap,val,0.25,0.75,0.0,4,RELATED
Project Reporting,Project Documentation,RELATED,skillmap_overlap,val,0.25,0.75,0.0,4,RELATED
Cisco Firewall,Cisco networking,NARROWER,skillmap_overlap,train,0.75,0.25,0.0,4,SATISFIES
Cisco networking,Cisco Firewall,BROADER,skillmap_overlap,train,0.0,1.0,0.0,4,RELATED
Azure SQL,Microsoft SQL,RELATED,skillmap_close,train,0.5,0.5,0.0,4,RELATED
Microsoft SQL,Azure SQL,RELATED,skillmap_close,train,0.0,1.0,0.0,4,RELATED
MES Integration,MES troubleshooting,RELATED,skillmap_overlap,train,0.0,0.75,0.25,4,RELATED
MES troubleshooting,MES Integration,RELATED,skillmap_overlap,train,0.0,0.75,0.25,4,RELATED
Business Process Documentation,Requirements Engineering,RELATED,skillmap_far,train,0.0,1.0,0.0,4,RELATED
Requirements Engineering,Business Process Documentation,RELATED,skillmap_far,train,0.25,0.75,0.0,4,RELATED
Data Extraction,Report Customization,DIFFERENT,skillmap_far,val,0.0,0.25,0.75,4,NOT
Report Customization,Data Extraction,DIFFERENT,skillmap_far,val,0.0,0.25,0.75,4,NOT
Spring Cloud,Spring Java,NARROWER,skillmap_close,train,0.75,0.25,0.0,4,SATISFIES
Spring Java,Spring Cloud,BROADER,skillmap_close,train,0.0,1.0,0.0,4,RELATED
Enterprise Architecture,macOS Administration,DIFFERENT,skillmap_far,val,0.0,0.0,1.0,4,NOT
macOS Administration,Enterprise Architecture,DIFFERENT,skillmap_far,val,0.0,0.0,1.0,4,NOT
ERP Support,Software Training,DIFFERENT,skillmap_far,train,0.0,0.0,1.0,4,NOT
Software Training,ERP Support,DIFFERENT,skillmap_far,train,0.0,0.0,1.0,4,NOT
LAN/WAN Management,Network Management,NARROWER,skillmap_close,train,0.75,0.25,0.0,4,SATISFIES
Network Management,LAN/WAN Management,BROADER,skillmap_close,train,0.25,0.75,0.0,4,RELATED
SAP ByDesign,SAP PS,DIFFERENT,skillmap_close,train,0.0,0.25,0.75,4,NOT
SAP PS,SAP ByDesign,DIFFERENT,skillmap_close,train,0.0,0.25,0.75,4,NOT
PowerBI reporting,Windows Forms,DIFFERENT,skillmap_far,test,0.0,0.0,1.0,4,NOT
Windows Forms,PowerBI reporting,DIFFERENT,skillmap_far,test,0.0,0.0,1.0,4,NOT
Microsoft SQL,SQLite,RELATED,skillmap_close,train,0.0,0.75,0.25,4,RELATED
SQLite,Microsoft SQL,RELATED,skillmap_close,train,0.0,0.75,0.25,4,RELATED
Security Testing,Microsoft Visio,DIFFERENT,skillmap_far,train,0.0,0.0,1.0,4,NOT
Microsoft Visio,Security Testing,DIFFERENT,skillmap_far,train,0.0,0.0,1.0,4,NOT
SSG,Static Site Generation,SAME,skillmap_abbrev,train,1.0,0.0,0.0,4,SATISFIES
Static Site Generation,SSG,SAME,skillmap_abbrev,train,1.0,0.0,0.0,4,SATISFIES
Advanced Analytics,Advanced Excel,RELATED,skillmap_close,train,0.0,0.5,0.5,4,RELATED
Advanced Excel,Advanced Analytics,RELATED,skillmap_close,train,0.0,0.5,0.5,4,RELATED
Build automation,Infrastructure Automation,RELATED,skillmap_close,train,0.0,1.0,0.0,4,RELATED
Infrastructure Automation,Build automation,RELATED,skillmap_close,train,0.0,1.0,0.0,4,RELATED
Manual Testing,Test Management,RELATED,skillmap_close,train,0.25,0.75,0.0,4,RELATED
Test Management,Manual Testing,RELATED,skillmap_close,train,0.0,1.0,0.0,4,RELATED
Multicast routing,Routing protocols,NARROWER,skillmap_close,val,0.75,0.25,0.0,4,SATISFIES
Routing protocols,Multicast routing,BROADER,skillmap_close,val,0.25,0.75,0.0,4,RELATED
ITIL Processes,Manufacturing processes,DIFFERENT,skillmap_overlap,test,0.0,0.0,1.0,4,NOT
Manufacturing processes,ITIL Processes,DIFFERENT,skillmap_overlap,test,0.0,0.0,1.0,4,NOT
SLA,service level agreements,SAME,skillmap_abbrev,train,1.0,0.0,0.0,4,SATISFIES
service level agreements,SLA,SAME,skillmap_abbrev,train,1.0,0.0,0.0,4,SATISFIES
Compliance Monitoring,IT Security Compliance,NARROWER,skillmap_close,train,0.5,0.5,0.0,4,SATISFIES
IT Security Compliance,Compliance Monitoring,BROADER,skillmap_close,train,0.25,0.75,0.0,4,RELATED
Proactive Monitoring,PRTG monitoring,BROADER,skillmap_close,test,0.0,1.0,0.0,4,RELATED
PRTG monitoring,Proactive Monitoring,NARROWER,skillmap_close,test,1.0,0.0,0.0,4,SATISFIES
Project Documentation,System Documentation,RELATED,skillmap_close,val,0.0,1.0,0.0,4,RELATED
System Documentation,Project Documentation,RELATED,skillmap_close,val,0.0,1.0,0.0,4,RELATED
Retail Operations,Service Desk Operations,DIFFERENT,skillmap_overlap,train,0.0,0.25,0.75,4,NOT
Service Desk Operations,Retail Operations,DIFFERENT,skillmap_overlap,train,0.0,0.25,0.75,4,NOT
Healthcare Domain Knowledge,Healthcare IT,RELATED,skillmap_overlap,train,0.0,1.0,0.0,4,RELATED
Healthcare IT,Healthcare Domain Knowledge,RELATED,skillmap_overlap,train,0.5,0.5,0.0,4,RELATED
Risk-Based Testing,Third-Party Risk Assessment,RELATED,skillmap_overlap,train,0.0,0.5,0.5,4,RELATED
Third-Party Risk Assessment,Risk-Based Testing,RELATED,skillmap_overlap,train,0.0,0.5,0.5,4,RELATED
AAS,Azure Analysis Services,SAME,skillmap_abbrev,train,1.0,0.0,0.0,4,SATISFIES
Azure Analysis Services,AAS,SAME,skillmap_abbrev,train,1.0,0.0,0.0,4,SATISFIES
Progressive Web Apps,Web Applications,NARROWER,skillmap_close,train,1.0,0.0,0.0,4,SATISFIES
Web Applications,Progressive Web Apps,BROADER,skillmap_close,train,0.0,1.0,0.0,4,RELATED
Application Support,Business Application Support,BROADER,skillmap_close,val,0.25,0.75,0.0,4,RELATED
Business Application Support,Application Support,NARROWER,skillmap_close,val,1.0,0.0,0.0,4,SATISFIES
Database Backup,Server Backup,RELATED,skillmap_overlap,train,0.25,0.75,0.0,4,RELATED
Server Backup,Database Backup,RELATED,skillmap_overlap,train,0.25,0.75,0.0,4,RELATED
iOS Testing,Security Testing,RELATED,skillmap_close,train,0.0,0.75,0.25,4,RELATED
Security Testing,iOS Testing,RELATED,skillmap_close,train,0.0,0.75,0.25,4,RELATED
Access Management,Data Management,DIFFERENT,skillmap_close,train,0.25,0.25,0.5,4,NOT
Data Management,Access Management,DIFFERENT,skillmap_close,train,0.0,0.5,0.5,4,NOT
LLMs,Large Language Models,SAME,skillmap_abbrev,train,1.0,0.0,0.0,4,SATISFIES
Large Language Models,LLMs,SAME,skillmap_abbrev,train,1.0,0.0,0.0,4,SATISFIES
NumPy,Python,NARROWER,skillmap_close,test,1.0,0.0,0.0,4,SATISFIES
Python,NumPy,BROADER,skillmap_close,test,0.0,1.0,0.0,4,RELATED
Application Testing,Test Scenario Design,BROADER,skillmap_close,val,0.25,0.75,0.0,4,RELATED
Test Scenario Design,Application Testing,NARROWER,skillmap_close,val,0.75,0.25,0.0,4,SATISFIES
IA,Information Architecture,SAME,skillmap_abbrev,train,1.0,0.0,0.0,4,SATISFIES
Information Architecture,IA,SAME,skillmap_abbrev,train,1.0,0.0,0.0,4,SATISFIES
EIGRP routing,Routing configuration,NARROWER,skillmap_close,train,1.0,0.0,0.0,4,SATISFIES
Routing configuration,EIGRP routing,BROADER,skillmap_close,train,0.0,1.0,0.0,4,RELATED
PL/SQL,SQL Optimization,RELATED,skillmap_overlap,train,0.0,1.0,0.0,4,RELATED
SQL Optimization,PL/SQL,RELATED,skillmap_overlap,train,0.0,1.0,0.0,4,RELATED
Red Hat Linux,Unix/Linux administration,NARROWER,skillmap_close,train,1.0,0.0,0.0,4,SATISFIES
Unix/Linux administration,Red Hat Linux,BROADER,skillmap_close,train,0.0,1.0,0.0,4,RELATED
Kubernetes,Kubernetes AKS,BROADER,skillmap_close,test,0.5,0.5,0.0,4,RELATED
Kubernetes AKS,Kubernetes,NARROWER,skillmap_close,test,0.75,0.25,0.0,4,SATISFIES
Legal Technology,Technology Research,DIFFERENT,skillmap_overlap,test,0.25,0.25,0.5,4,NOT
Technology Research,Legal Technology,DIFFERENT,skillmap_overlap,test,0.0,0.5,0.5,4,NOT
Mobile UI Design,Mobile UI/UX Design,NARROWER,skillmap_close,train,0.75,0.25,0.0,4,SATISFIES
Mobile UI/UX Design,Mobile UI Design,BROADER,skillmap_close,train,0.5,0.5,0.0,4,RELATED
Azure services,Azure Synapse,BROADER,skillmap_close,val,0.25,0.75,0.0,4,RELATED
Azure Synapse,Azure services,NARROWER,skillmap_close,val,1.0,0.0,0.0,4,SATISFIES
IT Infrastructure,IT Infrastructure Design,BROADER,skillmap_overlap,train,0.0,1.0,0.0,4,RELATED
IT Infrastructure Design,IT Infrastructure,NARROWER,skillmap_overlap,train,1.0,0.0,0.0,4,SATISFIES
IDS,intrusion detection systems,SAME,skillmap_abbrev,train,1.0,0.0,0.0,4,SATISFIES
intrusion detection systems,IDS,SAME,skillmap_abbrev,train,1.0,0.0,0.0,4,SATISFIES
Performance Monitoring,Prometheus Monitoring,BROADER,skillmap_overlap,test,0.0,1.0,0.0,4,RELATED
Prometheus Monitoring,Performance Monitoring,NARROWER,skillmap_overlap,test,1.0,0.0,0.0,4,SATISFIES
Mantis Tool,Security Tool Configuration,DIFFERENT,skillmap_overlap,train,0.0,0.0,1.0,4,NOT
Security Tool Configuration,Mantis Tool,DIFFERENT,skillmap_overlap,train,0.0,0.0,1.0,4,NOT
End User Computing,User Access Management,DIFFERENT,skillmap_overlap,train,0.25,0.25,0.5,4,NOT
User Access Management,End User Computing,DIFFERENT,skillmap_overlap,train,0.0,0.5,0.5,4,NOT
Cloud Deployment,Production Deployment,RELATED,skillmap_close,train,0.25,0.75,0.0,4,RELATED
Production Deployment,Cloud Deployment,RELATED,skillmap_close,train,0.0,1.0,0.0,4,RELATED
Incident Response Planning,Incident Ticket Management,RELATED,skillmap_close,train,0.0,1.0,0.0,4,RELATED
Incident Ticket Management,Incident Response Planning,RELATED,skillmap_close,train,0.0,1.0,0.0,4,RELATED
Client Interaction,Client Support,BROADER,skillmap_close,train,0.25,0.75,0.0,4,RELATED
Client Support,Client Interaction,NARROWER,skillmap_close,train,0.75,0.25,0.0,4,SATISFIES
Blueprint reading,Business Blueprinting,DIFFERENT,skillmap_close,train,0.0,0.5,0.5,4,NOT
Business Blueprinting,Blueprint reading,DIFFERENT,skillmap_close,train,0.25,0.25,0.5,4,NOT
Lakehouse Architecture,MVP Architecture,DIFFERENT,skillmap_overlap,train,0.0,0.0,1.0,4,NOT
MVP Architecture,Lakehouse Architecture,DIFFERENT,skillmap_overlap,train,0.0,0.0,1.0,4,NOT
Mobile Security,Security Protocols,RELATED,skillmap_close,train,0.5,0.5,0.0,4,RELATED
Security Protocols,Mobile Security,RELATED,skillmap_close,train,0.0,1.0,0.0,4,RELATED
Knowledge Base Documentation,Business Documentation,NARROWER,skillmap_close,train,1.0,0.0,0.0,4,SATISFIES
Business Documentation,Knowledge Base Documentation,BROADER,skillmap_close,train,0.0,1.0,0.0,4,RELATED
ELV Systems,Virtual Tape Library,DIFFERENT,skillmap_far,train,0.0,0.0,1.0,4,NOT
Virtual Tape Library,ELV Systems,DIFFERENT,skillmap_far,train,0.0,0.0,1.0,4,NOT
Data-driven Decision Making,Data Extraction,RELATED,skillmap_far,val,0.25,0.75,0.0,4,RELATED
Data Extraction,Data-driven Decision Making,RELATED,skillmap_far,val,0.25,0.75,0.0,4,RELATED
Wireless Access Points,Wireless Networking,NARROWER,skillmap_overlap,train,0.75,0.25,0.0,4,SATISFIES
Wireless Networking,Wireless Access Points,BROADER,skillmap_overlap,train,0.25,0.75,0.0,4,RELATED
Citrix Virtual Apps,Virtual Desktop Infrastructure,NARROWER,skillmap_overlap,train,0.75,0.25,0.0,4,SATISFIES
Virtual Desktop Infrastructure,Citrix Virtual Apps,BROADER,skillmap_overlap,train,0.0,1.0,0.0,4,RELATED
Metrics Reporting,Report Development,RELATED,skillmap_close,train,0.25,0.75,0.0,4,RELATED
Report Development,Metrics Reporting,RELATED,skillmap_close,train,0.25,0.75,0.0,4,RELATED
Office 365 administration,Printer Administration,DIFFERENT,skillmap_overlap,train,0.0,0.0,1.0,4,NOT
Printer Administration,Office 365 administration,DIFFERENT,skillmap_overlap,train,0.0,0.0,1.0,4,NOT
Network performance monitoring,Performance Metrics,NARROWER,skillmap_close,train,0.75,0.25,0.0,4,SATISFIES
Performance Metrics,Network performance monitoring,BROADER,skillmap_close,train,0.0,1.0,0.0,4,RELATED
AR,augmented reality,SAME,skillmap_abbrev,train,1.0,0.0,0.0,4,SATISFIES
augmented reality,AR,SAME,skillmap_abbrev,train,1.0,0.0,0.0,4,SATISFIES
User Administration,User Support,RELATED,skillmap_overlap,train,0.0,0.75,0.25,4,RELATED
User Support,User Administration,RELATED,skillmap_overlap,train,0.0,0.75,0.25,4,RELATED
Scripting,Unix scripting,BROADER,skillmap_close,train,0.0,1.0,0.0,4,RELATED
Unix scripting,Scripting,NARROWER,skillmap_close,train,1.0,0.0,0.0,4,SATISFIES
UC,Unified Communications,SAME,skillmap_abbrev,train,1.0,0.0,0.0,4,SATISFIES
Unified Communications,UC,SAME,skillmap_abbrev,train,1.0,0.0,0.0,4,SATISFIES
Cabling Installation,Multi-site support,DIFFERENT,skillmap_far,train,0.0,0.25,0.75,4,NOT
Multi-site support,Cabling Installation,DIFFERENT,skillmap_far,train,0.0,0.25,0.75,4,NOT
Azure Data Factory,Azure services,NARROWER,skillmap_close,train,1.0,0.0,0.0,4,SATISFIES
Azure services,Azure Data Factory,BROADER,skillmap_close,train,0.0,1.0,0.0,4,RELATED
Security Best Practices,Security Updates,BROADER,skillmap_close,test,0.25,0.75,0.0,4,RELATED
Security Updates,Security Best Practices,NARROWER,skillmap_close,test,0.5,0.5,0.0,4,SATISFIES
Espresso Testing,Functional Testing,NARROWER,skillmap_overlap,train,1.0,0.0,0.0,4,SATISFIES
Functional Testing,Espresso Testing,BROADER,skillmap_overlap,train,0.0,1.0,0.0,4,RELATED
Business Analysis,Financial Analysis,RELATED,skillmap_close,train,0.0,1.0,0.0,4,RELATED
Financial Analysis,Business Analysis,RELATED,skillmap_close,train,0.5,0.5,0.0,4,RELATED
Integration design,Payment Integration,BROADER,skillmap_close,train,0.0,1.0,0.0,4,RELATED
Payment Integration,Integration design,NARROWER,skillmap_close,train,0.75,0.25,0.0,4,SATISFIES
POS System Integration,POS System Support,RELATED,skillmap_close,train,0.0,1.0,0.0,4,RELATED
POS System Support,POS System Integration,RELATED,skillmap_close,train,0.0,1.0,0.0,4,RELATED
Cisco networking,Network Protocols,NARROWER,skillmap_close,train,0.75,0.25,0.0,4,SATISFIES
Network Protocols,Cisco networking,BROADER,skillmap_close,train,0.25,0.75,0.0,4,RELATED
Microsoft Hyper-V,Virtualization,NARROWER,skillmap_close,train,1.0,0.0,0.0,4,SATISFIES
Virtualization,Microsoft Hyper-V,BROADER,skillmap_close,train,0.0,1.0,0.0,4,RELATED
IAM,Identity Access Management,SAME,skillmap_abbrev,train,1.0,0.0,0.0,4,SATISFIES
Identity Access Management,IAM,SAME,skillmap_abbrev,train,1.0,0.0,0.0,4,SATISFIES
Network documentation,Technical Documentation,NARROWER,skillmap_close,train,0.75,0.25,0.0,4,SATISFIES
Technical Documentation,Network documentation,BROADER,skillmap_close,train,0.25,0.75,0.0,4,RELATED
LAN design,LAN/WAN design,NARROWER,skillmap_overlap,test,0.75,0.25,0.0,4,SATISFIES
LAN/WAN design,LAN design,BROADER,skillmap_overlap,test,0.25,0.75,0.0,4,RELATED
Server Backup,Server Maintenance,NARROWER,skillmap_overlap,train,0.75,0.25,0.0,4,SATISFIES
Server Maintenance,Server Backup,BROADER,skillmap_overlap,train,0.0,1.0,0.0,4,RELATED
L2 Support,L3 Support,DIFFERENT,skillmap_overlap,train,0.0,0.5,0.5,4,NOT
L3 Support,L2 Support,DIFFERENT,skillmap_overlap,train,0.25,0.25,0.5,4,NOT
User Administration,Windows Server Administration,NARROWER,skillmap_close,train,0.5,0.5,0.0,4,SATISFIES
Windows Server Administration,User Administration,BROADER,skillmap_close,train,0.25,0.75,0.0,4,RELATED
Client Training,IT Training Delivery,NARROWER,skillmap_overlap,train,1.0,0.0,0.0,4,SATISFIES
IT Training Delivery,Client Training,BROADER,skillmap_overlap,train,0.5,0.5,0.0,4,RELATED
Agile Testing,VB.NET,DIFFERENT,skillmap_far,train,0.0,0.0,1.0,4,NOT
VB.NET,Agile Testing,DIFFERENT,skillmap_far,train,0.0,0.0,1.0,4,NOT
Automation Anywhere,GUI Automation,NARROWER,skillmap_close,test,1.0,0.0,0.0,4,SATISFIES
GUI Automation,Automation Anywhere,BROADER,skillmap_close,test,0.0,1.0,0.0,4,RELATED
PAM,Privileged Access Management,SAME,skillmap_abbrev,train,1.0,0.0,0.0,4,SATISFIES
Privileged Access Management,PAM,SAME,skillmap_abbrev,train,1.0,0.0,0.0,4,SATISFIES
Information Security Management,Vulnerability Management,BROADER,skillmap_close,train,0.25,0.75,0.0,4,RELATED
Vulnerability Management,Information Security Management,NARROWER,skillmap_close,train,0.75,0.25,0.0,4,SATISFIES
System Support,System training,RELATED,skillmap_close,test,0.0,0.5,0.5,4,RELATED
System training,System Support,RELATED,skillmap_close,test,0.0,0.5,0.5,4,RELATED
Network Management,Network Switching,RELATED,skillmap_close,train,0.0,1.0,0.0,4,RELATED
Network Switching,Network Management,RELATED,skillmap_close,train,0.5,0.5,0.0,4,RELATED
Electrical Engineering,Mechanical Engineering,DIFFERENT,skillmap_close,test,0.0,0.0,1.0,4,NOT
Mechanical Engineering,Electrical Engineering,DIFFERENT,skillmap_close,test,0.0,0.0,1.0,4,NOT
CAD Modeling,Process Modeling,DIFFERENT,skillmap_overlap,train,0.0,0.0,1.0,4,NOT
Process Modeling,CAD Modeling,DIFFERENT,skillmap_overlap,train,0.0,0.0,1.0,4,NOT
Shell Scripting,Unix Shell Scripting,BROADER,skillmap_overlap,train,0.25,0.75,0.0,4,RELATED
Unix Shell Scripting,Shell Scripting,NARROWER,skillmap_overlap,train,1.0,0.0,0.0,4,SATISFIES
UFT,Unified Functional Testing,SAME,skillmap_abbrev,train,1.0,0.0,0.0,4,SATISFIES
Unified Functional Testing,UFT,SAME,skillmap_abbrev,train,1.0,0.0,0.0,4,SATISFIES
LAN,local area networks,SAME,skillmap_abbrev,train,1.0,0.0,0.0,4,SATISFIES
local area networks,LAN,SAME,skillmap_abbrev,train,1.0,0.0,0.0,4,SATISFIES
Installation Configuration,PC installation,BROADER,skillmap_overlap,train,0.25,0.75,0.0,4,RELATED
PC installation,Installation Configuration,NARROWER,skillmap_overlap,train,0.5,0.5,0.0,4,SATISFIES
Database Integration,Oracle Database,RELATED,skillmap_close,train,0.0,1.0,0.0,4,RELATED
Oracle Database,Database Integration,RELATED,skillmap_close,train,0.25,0.75,0.0,4,RELATED
B2B Integration,Chatbot Integration,DIFFERENT,skillmap_overlap,train,0.0,0.25,0.75,4,NOT
Chatbot Integration,B2B Integration,DIFFERENT,skillmap_overlap,train,0.0,0.25,0.75,4,NOT
Azure Data Factory,Azure Monitor,DIFFERENT,skillmap_overlap,train,0.0,0.25,0.75,4,NOT
Azure Monitor,Azure Data Factory,DIFFERENT,skillmap_overlap,train,0.0,0.25,0.75,4,NOT
Oracle Reports Development,Reporting Automation,RELATED,skillmap_close,train,0.5,0.5,0.0,4,RELATED
Reporting Automation,Oracle Reports Development,RELATED,skillmap_close,train,0.0,1.0,0.0,4,RELATED
IT Operations Management,IT Operations Support,BROADER,skillmap_close,train,0.25,0.75,0.0,4,RELATED
IT Operations Support,IT Operations Management,NARROWER,skillmap_close,train,0.75,0.25,0.0,4,SATISFIES
Business Process Automation,Business Process Mapping,RELATED,skillmap_overlap,train,0.25,0.75,0.0,4,RELATED
Business Process Mapping,Business Process Automation,RELATED,skillmap_overlap,train,0.0,1.0,0.0,4,RELATED
KPI Development,KPI Management,RELATED,skillmap_overlap,train,0.25,0.75,0.0,4,RELATED
KPI Management,KPI Development,RELATED,skillmap_overlap,train,0.25,0.75,0.0,4,RELATED
GRC,Governance Risk and Compliance Management,SAME,skillmap_abbrev,train,1.0,0.0,0.0,4,SATISFIES
Governance Risk and Compliance Management,GRC,SAME,skillmap_abbrev,train,1.0,0.0,0.0,4,SATISFIES
PC Troubleshooting,System Troubleshooting,NARROWER,skillmap_close,train,0.75,0.25,0.0,4,SATISFIES
System Troubleshooting,PC Troubleshooting,BROADER,skillmap_close,train,0.25,0.75,0.0,4,RELATED
IT Service Management,Power BI Service,DIFFERENT,skillmap_overlap,train,0.0,0.0,1.0,4,NOT
Power BI Service,IT Service Management,DIFFERENT,skillmap_overlap,train,0.0,0.0,1.0,4,NOT
OOD,Object-Oriented Design,SAME,skillmap_abbrev,train,1.0,0.0,0.0,4,SATISFIES
Object-Oriented Design,OOD,SAME,skillmap_abbrev,train,1.0,0.0,0.0,4,SATISFIES
Data Reconciliation,Data Reporting,RELATED,skillmap_overlap,train,0.0,1.0,0.0,4,RELATED
Data Reporting,Data Reconciliation,RELATED,skillmap_overlap,train,0.0,1.0,0.0,4,RELATED
Bilingual English Chinese,Chinese Communication,NARROWER,skillmap_overlap,train,0.75,0.25,0.0,4,SATISFIES
Chinese Communication,Bilingual English Chinese,BROADER,skillmap_overlap,train,0.25,0.75,0.0,4,RELATED
Incident Response,ServiceNow Incident Management,RELATED,skillmap_close,train,0.25,0.75,0.0,4,RELATED
ServiceNow Incident Management,Incident Response,RELATED,skillmap_close,train,0.25,0.75,0.0,4,RELATED
IT Risk Assessment,IT Security Solutions,RELATED,skillmap_close,val,0.0,1.0,0.0,4,RELATED
IT Security Solutions,IT Risk Assessment,RELATED,skillmap_close,val,0.0,1.0,0.0,4,RELATED
Business Requirements Analysis,Requirements Engineering,NARROWER,skillmap_overlap,test,0.5,0.5,0.0,4,SATISFIES
Requirements Engineering,Business Requirements Analysis,BROADER,skillmap_overlap,test,0.25,0.75,0.0,4,RELATED
Process Documentation,Process Improvement,RELATED,skillmap_close,train,0.0,1.0,0.0,4,RELATED
Process Improvement,Process Documentation,RELATED,skillmap_close,train,0.0,1.0,0.0,4,RELATED
SAP Administration,SAP PI/PO,RELATED,skillmap_close,test,0.25,0.75,0.0,4,RELATED
SAP PI/PO,SAP Administration,RELATED,skillmap_close,test,0.25,0.75,0.0,4,RELATED
L2 Support,Level 3 support,BROADER,skillmap_overlap,train,0.25,0.75,0.0,4,RELATED
Level 3 support,L2 Support,NARROWER,skillmap_overlap,train,0.5,0.5,0.0,4,SATISFIES
CRISC,Certified in Risk and Information Systems Control,SAME,skillmap_abbrev,test,1.0,0.0,0.0,4,SATISFIES
Certified in Risk and Information Systems Control,CRISC,SAME,skillmap_abbrev,test,1.0,0.0,0.0,4,SATISFIES
Cisco Firewall,Firewall,NARROWER,skillmap_overlap,train,1.0,0.0,0.0,4,SATISFIES
Firewall,Cisco Firewall,BROADER,skillmap_overlap,train,0.0,1.0,0.0,4,RELATED
Cloud Computing,Edge Computing,RELATED,skillmap_overlap,train,0.0,1.0,0.0,4,RELATED
Edge Computing,Cloud Computing,RELATED,skillmap_overlap,train,0.25,0.75,0.0,4,RELATED
Linux Server,Unix/Linux administration,BROADER,skillmap_close,train,0.5,0.5,0.0,4,RELATED
Unix/Linux administration,Linux Server,BROADER,skillmap_close,train,0.5,0.5,0.0,4,RELATED
RDBMS,UFT,DIFFERENT,skillmap_far,train,0.0,0.0,1.0,4,NOT
UFT,RDBMS,DIFFERENT,skillmap_far,train,0.0,0.0,1.0,4,NOT
Automation Framework Design,EDKII framework,BROADER,skillmap_overlap,train,0.0,0.75,0.25,4,RELATED
EDKII framework,Automation Framework Design,NARROWER,skillmap_overlap,train,0.75,0.0,0.25,4,SATISFIES
IT Training Delivery,Training Facilitation,NARROWER,skillmap_close,train,0.75,0.25,0.0,4,SATISFIES
Training Facilitation,IT Training Delivery,BROADER,skillmap_close,train,0.5,0.5,0.0,4,RELATED
OCR,optical character recognition software,SAME,skillmap_abbrev,train,1.0,0.0,0.0,4,SATISFIES
optical character recognition software,OCR,SAME,skillmap_abbrev,train,1.0,0.0,0.0,4,SATISFIES
Networking Technologies,VPC networking,BROADER,skillmap_overlap,val,0.0,1.0,0.0,4,RELATED
VPC networking,Networking Technologies,NARROWER,skillmap_overlap,val,1.0,0.0,0.0,4,SATISFIES
End-User Training,System training,RELATED,skillmap_close,train,0.0,1.0,0.0,4,RELATED
System training,End-User Training,RELATED,skillmap_close,train,0.5,0.5,0.0,4,RELATED
Information Security Policies,Security Best Practices,RELATED,skillmap_close,train,0.25,0.75,0.0,4,RELATED
Security Best Practices,Information Security Policies,RELATED,skillmap_close,train,0.0,1.0,0.0,4,RELATED
Security Administration,Security system installation,RELATED,skillmap_close,val,0.5,0.5,0.0,4,RELATED
Security system installation,Security Administration,RELATED,skillmap_close,val,0.0,1.0,0.0,4,RELATED
Proactive Monitoring,Prometheus Monitoring,BROADER,skillmap_overlap,train,0.0,1.0,0.0,4,RELATED
Prometheus Monitoring,Proactive Monitoring,NARROWER,skillmap_overlap,train,0.75,0.25,0.0,4,SATISFIES
BA,Business Analyst,SAME,skillmap_abbrev,train,1.0,0.0,0.0,4,SATISFIES
Business Analyst,BA,SAME,skillmap_abbrev,train,1.0,0.0,0.0,4,SATISFIES
Hardware Configuration,Software Configuration,DIFFERENT,skillmap_close,train,0.0,0.25,0.75,4,NOT
Software Configuration,Hardware Configuration,DIFFERENT,skillmap_close,train,0.0,0.25,0.75,4,NOT
Backup Strategies,Veeam Backup,BROADER,skillmap_overlap,train,0.0,1.0,0.0,4,RELATED
Veeam Backup,Backup Strategies,NARROWER,skillmap_overlap,train,0.75,0.25,0.0,4,SATISFIES
Change Impact Evaluation,Impact Analysis,SAME,skillmap_overlap,train,1.0,0.0,0.0,4,SATISFIES
Impact Analysis,Change Impact Evaluation,SAME,skillmap_overlap,train,0.75,0.25,0.0,4,SATISFIES
Google Cloud Platform,Huawei Cloud,RELATED,skillmap_overlap,train,0.0,1.0,0.0,4,RELATED
Huawei Cloud,Google Cloud Platform,RELATED,skillmap_overlap,train,0.0,1.0,0.0,4,RELATED
SOAP,SoapUI,BROADER,skillmap_close,train,0.0,1.0,0.0,4,RELATED
SoapUI,SOAP,NARROWER,skillmap_close,train,1.0,0.0,0.0,4,SATISFIES
Scripting,SQL Scripting,BROADER,skillmap_close,train,0.0,1.0,0.0,4,RELATED
SQL Scripting,Scripting,NARROWER,skillmap_close,train,1.0,0.0,0.0,4,SATISFIES
Data Storage,Dell EMC Storage,BROADER,skillmap_overlap,train,0.0,1.0,0.0,4,RELATED
Dell EMC Storage,Data Storage,NARROWER,skillmap_overlap,train,1.0,0.0,0.0,4,SATISFIES
Network Management,Network performance optimization,BROADER,skillmap_close,train,0.0,1.0,0.0,4,RELATED
Network performance optimization,Network Management,NARROWER,skillmap_close,train,0.75,0.25,0.0,4,SATISFIES
Testing & Validation,Test Scenario Design,BROADER,skillmap_close,train,0.0,1.0,0.0,4,RELATED
Test Scenario Design,Testing & Validation,NARROWER,skillmap_close,train,0.75,0.25,0.0,4,SATISFIES
Bilingual English Chinese,Bilingual English Mandarin,BROADER,skillmap_overlap,train,0.5,0.5,0.0,4,RELATED
Bilingual English Mandarin,Bilingual English Chinese,NARROWER,skillmap_overlap,train,1.0,0.0,0.0,4,SATISFIES
CSS,CSS3,BROADER,skillmap_close,test,0.5,0.5,0.0,4,RELATED
CSS3,CSS,NARROWER,skillmap_close,test,1.0,0.0,0.0,4,SATISFIES
Report Generation,Security Reporting,BROADER,skillmap_close,train,0.25,0.75,0.0,4,RELATED
Security Reporting,Report Generation,NARROWER,skillmap_close,train,0.75,0.25,0.0,4,SATISFIES
Test Plan Development,vSphere Administration,DIFFERENT,skillmap_far,train,0.0,0.0,1.0,4,NOT
vSphere Administration,Test Plan Development,DIFFERENT,skillmap_far,train,0.0,0.0,1.0,4,NOT
Application Troubleshooting,Server Troubleshooting,RELATED,skillmap_close,train,0.0,1.0,0.0,4,RELATED
Server Troubleshooting,Application Troubleshooting,RELATED,skillmap_close,train,0.0,1.0,0.0,4,RELATED
Control-M Scheduling,GitHub Version Control,DIFFERENT,skillmap_overlap,train,0.0,0.0,1.0,4,NOT
GitHub Version Control,Control-M Scheduling,DIFFERENT,skillmap_overlap,train,0.0,0.0,1.0,4,NOT
Access Control Systems,Privileged Access Management,BROADER,skillmap_close,test,0.25,0.75,0.0,4,RELATED
Privileged Access Management,Access Control Systems,NARROWER,skillmap_close,test,0.75,0.25,0.0,4,SATISFIES
IT Consulting,IT Service Desk,RELATED,skillmap_close,train,0.0,0.5,0.5,4,RELATED
IT Service Desk,IT Consulting,RELATED,skillmap_close,train,0.0,0.5,0.5,4,RELATED
Security Audits,Security policy enforcement,RELATED,skillmap_close,train,0.0,1.0,0.0,4,RELATED
Security policy enforcement,Security Audits,RELATED,skillmap_close,train,0.0,1.0,0.0,4,RELATED
First-Level Troubleshooting,Troubleshooting,BROADER,skillmap_close,train,0.5,0.5,0.0,4,RELATED
Troubleshooting,First-Level Troubleshooting,BROADER,skillmap_close,train,0.5,0.5,0.0,4,RELATED
Journey Mapping,Korean language,DIFFERENT,skillmap_far,train,0.0,0.0,1.0,4,NOT
Korean language,Journey Mapping,DIFFERENT,skillmap_far,train,0.0,0.0,1.0,4,NOT
BPM,Business Process Management,SAME,skillmap_abbrev,train,1.0,0.0,0.0,4,SATISFIES
Business Process Management,BPM,SAME,skillmap_abbrev,train,1.0,0.0,0.0,4,SATISFIES
Dynamics 365 Finance,Microsoft 365 Exchange,DIFFERENT,skillmap_overlap,train,0.0,0.0,1.0,4,NOT
Microsoft 365 Exchange,Dynamics 365 Finance,DIFFERENT,skillmap_overlap,train,0.0,0.0,1.0,4,NOT
CodeIgniter,PHP,NARROWER,skillmap_close,train,1.0,0.0,0.0,4,SATISFIES
PHP,CodeIgniter,BROADER,skillmap_close,train,0.0,1.0,0.0,4,RELATED
SIEM implementation,SIEM Monitoring,RELATED,skillmap_close,train,0.5,0.5,0.0,4,RELATED
SIEM Monitoring,SIEM implementation,RELATED,skillmap_close,train,0.0,1.0,0.0,4,RELATED
SDN,Software Defined Networking,SAME,skillmap_abbrev,train,1.0,0.0,0.0,4,SATISFIES
Software Defined Networking,SDN,SAME,skillmap_abbrev,train,1.0,0.0,0.0,4,SATISFIES
PMO Reporting,VMware Administration,DIFFERENT,skillmap_far,train,0.0,0.0,1.0,4,NOT
VMware Administration,PMO Reporting,DIFFERENT,skillmap_far,train,0.0,0.0,1.0,4,NOT
Documentation Preparation,Technical Documentation,BROADER,skillmap_close,train,0.5,0.5,0.0,4,RELATED
Technical Documentation,Documentation Preparation,NARROWER,skillmap_close,train,1.0,0.0,0.0,4,SATISFIES
Sales negotiation,Technical Pre-sales,RELATED,skillmap_close,train,0.0,0.75,0.25,4,RELATED
Technical Pre-sales,Sales negotiation,RELATED,skillmap_close,train,0.25,0.5,0.25,4,RELATED
JavaScript Scripting,Remote Desktop Support,DIFFERENT,skillmap_far,train,0.0,0.0,1.0,4,NOT
Remote Desktop Support,JavaScript Scripting,DIFFERENT,skillmap_far,train,0.0,0.0,1.0,4,NOT
SAP BTP,SAP Reporting,RELATED,skillmap_close,val,0.0,0.75,0.25,4,RELATED
SAP Reporting,SAP BTP,RELATED,skillmap_close,val,0.0,0.75,0.25,4,RELATED
System Migration,Virtual machine migration,BROADER,skillmap_close,val,0.0,1.0,0.0,4,RELATED
Virtual machine migration,System Migration,NARROWER,skillmap_close,val,1.0,0.0,0.0,4,SATISFIES
ERP Integration,Integration Architecture,BROADER,skillmap_close,train,0.5,0.5,0.0,4,RELATED
Integration Architecture,ERP Integration,BROADER,skillmap_close,train,0.5,0.5,0.0,4,RELATED
Business Process Mapping,Process Modeling,SAME,skillmap_close,train,0.75,0.25,0.0,4,SATISFIES
Process Modeling,Business Process Mapping,SAME,skillmap_close,train,0.75,0.25,0.0,4,SATISFIES
IT Security Compliance,Mobile Security,RELATED,skillmap_overlap,train,0.0,0.5,0.5,4,RELATED
Mobile Security,IT Security Compliance,RELATED,skillmap_overlap,train,0.0,0.5,0.5,4,RELATED
MySQL Administration,MySQL Database,NARROWER,skillmap_close,train,0.75,0.25,0.0,4,SATISFIES
MySQL Database,MySQL Administration,BROADER,skillmap_close,train,0.25,0.75,0.0,4,RELATED
Software Troubleshooting,System Troubleshooting,NARROWER,skillmap_close,test,0.75,0.25,0.0,4,SATISFIES
System Troubleshooting,Software Troubleshooting,BROADER,skillmap_close,test,0.5,0.5,0.0,4,RELATED
Physics Simulation,Simulation software,NARROWER,skillmap_close,train,1.0,0.0,0.0,4,SATISFIES
Simulation software,Physics Simulation,BROADER,skillmap_close,train,0.0,1.0,0.0,4,RELATED
Financial Domain Knowledge,Financial Systems,RELATED,skillmap_close,train,0.0,1.0,0.0,4,RELATED
Financial Systems,Financial Domain Knowledge,RELATED,skillmap_close,train,0.25,0.75,0.0,4,RELATED
SIT,System Integration Testing,SAME,skillmap_abbrev,train,1.0,0.0,0.0,4,SATISFIES
System Integration Testing,SIT,SAME,skillmap_abbrev,train,1.0,0.0,0.0,4,SATISFIES
Manufacturing processes,Production Planning,RELATED,skillmap_close,train,0.25,0.75,0.0,4,RELATED
Production Planning,Manufacturing processes,RELATED,skillmap_close,train,0.25,0.75,0.0,4,RELATED
VMware Administration,VMware vSAN,BROADER,skillmap_overlap,train,0.25,0.75,0.0,4,RELATED
VMware vSAN,VMware Administration,NARROWER,skillmap_overlap,train,0.75,0.25,0.0,4,SATISFIES
REST,Representational State Transfer,SAME,skillmap_abbrev,train,1.0,0.0,0.0,4,SATISFIES
Representational State Transfer,REST,SAME,skillmap_abbrev,train,1.0,0.0,0.0,4,SATISFIES
Bug Tracking,OAuth,DIFFERENT,skillmap_far,train,0.0,0.0,1.0,4,NOT
OAuth,Bug Tracking,DIFFERENT,skillmap_far,train,0.0,0.0,1.0,4,NOT
Wireless Access Point Setup,Wireless Technologies,NARROWER,skillmap_overlap,train,1.0,0.0,0.0,4,SATISFIES
Wireless Technologies,Wireless Access Point Setup,BROADER,skillmap_overlap,train,0.0,1.0,0.0,4,RELATED
Contract Management,CRM Management,DIFFERENT,skillmap_close,train,0.0,0.0,1.0,4,NOT
CRM Management,Contract Management,DIFFERENT,skillmap_close,train,0.0,0.0,1.0,4,NOT
Test Framework Development,Test data management,RELATED,skillmap_close,train,0.0,0.75,0.25,4,RELATED
Test data management,Test Framework Development,RELATED,skillmap_close,train,0.0,0.75,0.25,4,RELATED
Agile Coaching,Agile Collaboration,RELATED,skillmap_close,train,0.25,0.75,0.0,4,RELATED
Agile Collaboration,Agile Coaching,RELATED,skillmap_close,train,0.25,0.75,0.0,4,RELATED
Budget tracking,Issue Tracking,DIFFERENT,skillmap_overlap,train,0.0,0.0,1.0,4,NOT
Issue Tracking,Budget tracking,DIFFERENT,skillmap_overlap,train,0.0,0.0,1.0,4,NOT
Email Administration,Email Communication,RELATED,skillmap_overlap,train,0.0,0.5,0.5,4,RELATED
Email Communication,Email Administration,RELATED,skillmap_overlap,train,0.0,0.5,0.5,4,RELATED
Mobile UI Design,UI/UX Design,NARROWER,skillmap_close,train,1.0,0.0,0.0,4,SATISFIES
UI/UX Design,Mobile UI Design,BROADER,skillmap_close,train,0.0,1.0,0.0,4,RELATED
Networking,Network Support,BROADER,skillmap_close,train,0.25,0.75,0.0,4,RELATED
Network Support,Networking,NARROWER,skillmap_close,train,0.75,0.25,0.0,4,SATISFIES
SIEM Integration,Web Services Integration,RELATED,skillmap_overlap,train,0.0,0.5,0.5,4,RELATED
Web Services Integration,SIEM Integration,RELATED,skillmap_overlap,train,0.0,0.5,0.5,4,RELATED
Marketing Analytics,Predictive Analytics,RELATED,skillmap_overlap,train,0.0,1.0,0.0,4,RELATED
Predictive Analytics,Marketing Analytics,RELATED,skillmap_overlap,train,0.0,1.0,0.0,4,RELATED
Build automation,Service Improvement,DIFFERENT,skillmap_far,train,0.0,0.0,1.0,4,NOT
Service Improvement,Build automation,DIFFERENT,skillmap_far,train,0.0,0.0,1.0,4,NOT
Automation Framework Design,Marketing Automation,DIFFERENT,skillmap_close,train,0.0,0.5,0.5,4,NOT
Marketing Automation,Automation Framework Design,DIFFERENT,skillmap_close,train,0.25,0.25,0.5,4,NOT
IT Asset Management,IT Infrastructure Design,RELATED,skillmap_close,train,0.0,0.75,0.25,4,RELATED
IT Infrastructure Design,IT Asset Management,RELATED,skillmap_close,train,0.0,0.75,0.25,4,RELATED
Cloud Computing,Hybrid Cloud,BROADER,skillmap_close,train,0.0,1.0,0.0,4,RELATED
Hybrid Cloud,Cloud Computing,NARROWER,skillmap_close,train,1.0,0.0,0.0,4,SATISFIES
LAN/WAN,Wireless LAN,BROADER,skillmap_close,train,0.0,1.0,0.0,4,RELATED
Wireless LAN,LAN/WAN,NARROWER,skillmap_close,train,1.0,0.0,0.0,4,SATISFIES
2nd Level Support,Pentaho ETL,DIFFERENT,skillmap_far,train,0.0,0.0,1.0,4,NOT
Pentaho ETL,2nd Level Support,DIFFERENT,skillmap_far,train,0.0,0.0,1.0,4,NOT
POS System Support,Pre-sales support,DIFFERENT,skillmap_overlap,train,0.0,0.25,0.75,4,NOT
Pre-sales support,POS System Support,DIFFERENT,skillmap_overlap,train,0.0,0.25,0.75,4,NOT
MES,Manufacturing Execution System,SAME,skillmap_abbrev,train,1.0,0.0,0.0,4,SATISFIES
Manufacturing Execution System,MES,SAME,skillmap_abbrev,train,1.0,0.0,0.0,4,SATISFIES
SIEM,Security Information and Event Management,SAME,skillmap_abbrev,val,1.0,0.0,0.0,4,SATISFIES
Security Information and Event Management,SIEM,SAME,skillmap_abbrev,val,1.0,0.0,0.0,4,SATISFIES
Network Fundamentals,Network Integration,BROADER,skillmap_overlap,train,0.25,0.75,0.0,4,RELATED
Network Integration,Network Fundamentals,NARROWER,skillmap_overlap,train,0.75,0.25,0.0,4,SATISFIES
Access Control Management,Advanced Process Control,DIFFERENT,skillmap_overlap,train,0.0,0.0,1.0,4,NOT
Advanced Process Control,Access Control Management,DIFFERENT,skillmap_overlap,train,0.0,0.0,1.0,4,NOT
Cloudera Hadoop,Hadoop ecosystem,NARROWER,skillmap_close,train,1.0,0.0,0.0,4,SATISFIES
Hadoop ecosystem,Cloudera Hadoop,BROADER,skillmap_close,train,0.0,1.0,0.0,4,RELATED
ServiceNow Incident Management,ServiceNow ITOM,RELATED,skillmap_close,train,0.0,0.75,0.25,4,RELATED
ServiceNow ITOM,ServiceNow Incident Management,RELATED,skillmap_close,train,0.25,0.5,0.25,4,RELATED
Oracle SQL,PL/SQL,RELATED,skillmap_close,test,0.0,1.0,0.0,4,RELATED
PL/SQL,Oracle SQL,RELATED,skillmap_close,test,0.5,0.5,0.0,4,RELATED
SAP Configuration,SAP Workflow,RELATED,skillmap_close,test,0.0,0.75,0.25,4,RELATED
SAP Workflow,SAP Configuration,RELATED,skillmap_close,test,0.25,0.5,0.25,4,RELATED
Prompt Engineering,Windows Clustering,DIFFERENT,skillmap_far,train,0.0,0.0,1.0,4,NOT
Windows Clustering,Prompt Engineering,DIFFERENT,skillmap_far,train,0.0,0.0,1.0,4,NOT
Mobile UI/UX Design,UX Design,NARROWER,skillmap_overlap,test,1.0,0.0,0.0,4,SATISFIES
UX Design,Mobile UI/UX Design,BROADER,skillmap_overlap,test,0.0,1.0,0.0,4,RELATED
IAM security,Security Incident Management,RELATED,skillmap_close,train,0.0,0.5,0.5,4,RELATED
Security Incident Management,IAM security,RELATED,skillmap_close,train,0.0,0.5,0.5,4,RELATED
Network Testing,Non-functional Testing,NARROWER,skillmap_overlap,val,0.75,0.25,0.0,4,SATISFIES
Non-functional Testing,Network Testing,BROADER,skillmap_overlap,val,0.0,1.0,0.0,4,RELATED
SAP Administration,SAP QM,RELATED,skillmap_close,test,0.0,0.5,0.5,4,RELATED
SAP QM,SAP Administration,RELATED,skillmap_close,test,0.0,0.5,0.5,4,RELATED
STL,STLC Knowledge,DIFFERENT,skillmap_close,train,0.0,0.0,1.0,4,NOT
STLC Knowledge,STL,DIFFERENT,skillmap_close,train,0.0,0.0,1.0,4,NOT
Production Support,Remote Support,RELATED,skillmap_overlap,val,0.0,0.75,0.25,4,RELATED
Remote Support,Production Support,RELATED,skillmap_overlap,val,0.0,0.75,0.25,4,RELATED
Operating Systems,OS configuration,BROADER,skillmap_close,train,0.0,1.0,0.0,4,RELATED
OS configuration,Operating Systems,NARROWER,skillmap_close,train,1.0,0.0,0.0,4,SATISFIES
Audio Post-Production,SIEM Monitoring,DIFFERENT,skillmap_far,train,0.0,0.0,1.0,4,NOT
SIEM Monitoring,Audio Post-Production,DIFFERENT,skillmap_far,train,0.0,0.0,1.0,4,NOT
ETL,extract transformation and load,SAME,skillmap_abbrev,train,1.0,0.0,0.0,4,SATISFIES
extract transformation and load,ETL,SAME,skillmap_abbrev,train,1.0,0.0,0.0,4,SATISFIES
Information Security Compliance,Security Compliance,NARROWER,skillmap_close,train,1.0,0.0,0.0,4,SATISFIES
Security Compliance,Information Security Compliance,BROADER,skillmap_close,train,0.25,0.75,0.0,4,RELATED
AWS,Amazon Web Services,SAME,skillmap_abbrev,val,1.0,0.0,0.0,4,SATISFIES
Amazon Web Services,AWS,SAME,skillmap_abbrev,val,1.0,0.0,0.0,4,SATISFIES
SAP ByDesign,SAP CO,RELATED,skillmap_close,train,0.0,0.5,0.5,4,RELATED
SAP CO,SAP ByDesign,RELATED,skillmap_close,train,0.0,0.5,0.5,4,RELATED
BPMN Modeling,Data Modeling,DIFFERENT,skillmap_overlap,train,0.0,0.25,0.75,4,NOT
Data Modeling,BPMN Modeling,DIFFERENT,skillmap_overlap,train,0.0,0.25,0.75,4,NOT
SAP ECC,SAP ERP,NARROWER,skillmap_close,train,0.75,0.25,0.0,4,SATISFIES
SAP ERP,SAP ECC,BROADER,skillmap_close,train,0.5,0.5,0.0,4,RELATED
Requirements Engineering,Software Engineering,NARROWER,skillmap_close,train,1.0,0.0,0.0,4,SATISFIES
Software Engineering,Requirements Engineering,BROADER,skillmap_close,train,0.0,1.0,0.0,4,RELATED
AWS IAM,AWS Solutions Architect,RELATED,skillmap_close,train,0.25,0.5,0.25,4,RELATED
AWS Solutions Architect,AWS IAM,RELATED,skillmap_close,train,0.25,0.5,0.25,4,RELATED
Application Security,Application Support,DIFFERENT,skillmap_close,test,0.0,0.25,0.75,4,NOT
Application Support,Application Security,DIFFERENT,skillmap_close,test,0.0,0.25,0.75,4,NOT
Monitoring & Alerting,Monitoring Automation,BROADER,skillmap_overlap,train,0.0,1.0,0.0,4,RELATED
Monitoring Automation,Monitoring & Alerting,NARROWER,skillmap_overlap,train,1.0,0.0,0.0,4,SATISFIES
SAP,SAP Administration,BROADER,skillmap_close,val,0.0,1.0,0.0,4,RELATED
SAP Administration,SAP,NARROWER,skillmap_close,val,1.0,0.0,0.0,4,SATISFIES
DNS,Domain Name System,SAME,skillmap_abbrev,train,1.0,0.0,0.0,4,SATISFIES
Domain Name System,DNS,SAME,skillmap_abbrev,train,1.0,0.0,0.0,4,SATISFIES
POS System Support,Remote Access Support,DIFFERENT,skillmap_overlap,train,0.0,0.25,0.75,4,NOT
Remote Access Support,POS System Support,DIFFERENT,skillmap_overlap,train,0.0,0.25,0.75,4,NOT
RCA,root cause analysis,SAME,skillmap_abbrev,train,1.0,0.0,0.0,4,SATISFIES
root cause analysis,RCA,SAME,skillmap_abbrev,train,1.0,0.0,0.0,4,SATISFIES
CommVault Backup,Database Backup,NARROWER,skillmap_overlap,train,0.75,0.25,0.0,4,SATISFIES
Database Backup,CommVault Backup,BROADER,skillmap_overlap,train,0.0,1.0,0.0,4,RELATED
Incident Investigation,Incident Response Planning,RELATED,skillmap_overlap,train,0.25,0.75,0.0,4,RELATED
Incident Response Planning,Incident Investigation,RELATED,skillmap_overlap,train,0.25,0.75,0.0,4,RELATED
Database Migration,Migration Planning,NARROWER,skillmap_close,train,0.5,0.5,0.0,4,SATISFIES
Migration Planning,Database Migration,BROADER,skillmap_close,train,0.25,0.75,0.0,4,RELATED
System Deployment,Testing and Deployment,BROADER,skillmap_close,train,0.5,0.5,0.0,4,RELATED
Testing and Deployment,System Deployment,BROADER,skillmap_close,train,0.5,0.5,0.0,4,RELATED
Red Hat OpenShift,Redshift,DIFFERENT,skillmap_close,train,0.0,0.0,1.0,4,NOT
Redshift,Red Hat OpenShift,DIFFERENT,skillmap_close,train,0.0,0.0,1.0,4,NOT
Adobe Creative Cloud,Cloud Development,DIFFERENT,skillmap_close,train,0.0,0.0,1.0,4,NOT
Cloud Development,Adobe Creative Cloud,DIFFERENT,skillmap_close,train,0.0,0.0,1.0,4,NOT
macOS Support,Printer Maintenance,DIFFERENT,skillmap_far,train,0.0,0.0,1.0,4,NOT
Printer Maintenance,macOS Support,DIFFERENT,skillmap_far,train,0.0,0.0,1.0,4,NOT
LAN/WAN,LAN/WAN design,BROADER,skillmap_close,train,0.0,1.0,0.0,4,RELATED
LAN/WAN design,LAN/WAN,NARROWER,skillmap_close,train,1.0,0.0,0.0,4,SATISFIES
RDBMS,Relational Database Management Systems,SAME,skillmap_abbrev,train,1.0,0.0,0.0,4,SATISFIES
Relational Database Management Systems,RDBMS,SAME,skillmap_abbrev,train,1.0,0.0,0.0,4,SATISFIES
Test Documentation,Test Execution,RELATED,skillmap_overlap,train,0.0,1.0,0.0,4,RELATED
Test Execution,Test Documentation,RELATED,skillmap_overlap,train,0.0,1.0,0.0,4,RELATED
Commissioning,Linux,DIFFERENT,skillmap_far,train,0.0,0.0,1.0,4,NOT
Linux,Commissioning,DIFFERENT,skillmap_far,train,0.0,0.0,1.0,4,NOT
Problem Diagnosis,Troubleshooting,SAME,skillmap_close,train,0.75,0.25,0.0,4,SATISFIES
Troubleshooting,Problem Diagnosis,SAME,skillmap_close,train,1.0,0.0,0.0,4,SATISFIES
User Access Control,Wireless Access Points,DIFFERENT,skillmap_overlap,val,0.0,0.0,1.0,4,NOT
Wireless Access Points,User Access Control,DIFFERENT,skillmap_overlap,val,0.0,0.0,1.0,4,NOT
MarTech,Marketing Tech,SAME,skillmap_abbrev,train,1.0,0.0,0.0,4,SATISFIES
Marketing Tech,MarTech,SAME,skillmap_abbrev,train,1.0,0.0,0.0,4,SATISFIES
Server Administration,Windows Troubleshooting,RELATED,skillmap_far,train,0.25,0.5,0.25,4,RELATED
Windows Troubleshooting,Server Administration,RELATED,skillmap_far,train,0.25,0.5,0.25,4,RELATED
DevEx,developer experience,SAME,skillmap_abbrev,train,1.0,0.0,0.0,4,SATISFIES
developer experience,DevEx,SAME,skillmap_abbrev,train,1.0,0.0,0.0,4,SATISFIES
Database Programming,Database Security,RELATED,skillmap_close,train,0.25,0.5,0.25,4,RELATED
Database Security,Database Programming,RELATED,skillmap_close,train,0.0,0.75,0.25,4,RELATED
Level 3 support,Service Level Management,RELATED,skillmap_overlap,train,0.0,0.5,0.5,4,RELATED
Service Level Management,Level 3 support,RELATED,skillmap_overlap,train,0.0,0.5,0.5,4,RELATED
Test Case Management,Testing,NARROWER,skillmap_close,train,1.0,0.0,0.0,4,SATISFIES
Testing,Test Case Management,BROADER,skillmap_close,train,0.0,1.0,0.0,4,RELATED
gRPC API,Maven,DIFFERENT,skillmap_far,train,0.0,0.0,1.0,4,NOT
Maven,gRPC API,DIFFERENT,skillmap_far,train,0.0,0.0,1.0,4,NOT
ITIL Change Management,ITIL problem management,RELATED,skillmap_overlap,train,0.0,1.0,0.0,4,RELATED
ITIL problem management,ITIL Change Management,RELATED,skillmap_overlap,train,0.0,1.0,0.0,4,RELATED
Business Intelligence,Google Analytics,BROADER,skillmap_close,train,0.0,1.0,0.0,4,RELATED
Google Analytics,Business Intelligence,NARROWER,skillmap_close,train,0.75,0.25,0.0,4,SATISFIES
Compliance Reporting,Security Compliance,NARROWER,skillmap_close,train,0.5,0.5,0.0,4,SATISFIES
Security Compliance,Compliance Reporting,BROADER,skillmap_close,train,0.25,0.75,0.0,4,RELATED
Business Intelligence,Business Analysis,RELATED,skillmap_close,train,0.0,0.75,0.25,4,RELATED
Business Analysis,Business Intelligence,RELATED,skillmap_close,train,0.0,0.75,0.25,4,RELATED
Project Management Software,Software Architecture,DIFFERENT,skillmap_overlap,train,0.0,0.0,1.0,4,NOT
Software Architecture,Project Management Software,DIFFERENT,skillmap_overlap,train,0.0,0.0,1.0,4,NOT
Log Analysis,Market trend analysis,DIFFERENT,skillmap_overlap,train,0.0,0.25,0.75,4,NOT
Market trend analysis,Log Analysis,DIFFERENT,skillmap_overlap,train,0.0,0.25,0.75,4,NOT
Hardware Deployment,Model Deployment,DIFFERENT,skillmap_overlap,train,0.0,0.0,1.0,4,NOT
Model Deployment,Hardware Deployment,DIFFERENT,skillmap_overlap,train,0.0,0.0,1.0,4,NOT
ServiceNow Administration,Web Services,DIFFERENT,skillmap_close,train,0.25,0.0,0.75,4,NOT
Web Services,ServiceNow Administration,DIFFERENT,skillmap_close,train,0.0,0.25,0.75,4,NOT
Governance Framework,IT Governance,NARROWER,skillmap_close,train,0.75,0.25,0.0,4,SATISFIES
IT Governance,Governance Framework,BROADER,skillmap_close,train,0.25,0.75,0.0,4,RELATED
API Management,API Versioning,BROADER,skillmap_close,train,0.25,0.75,0.0,4,RELATED
API Versioning,API Management,NARROWER,skillmap_close,train,0.75,0.25,0.0,4,SATISFIES
Diagnostic Testing,Test Case Development,DIFFERENT,skillmap_close,train,0.25,0.0,0.75,4,NOT
Test Case Development,Diagnostic Testing,DIFFERENT,skillmap_close,train,0.0,0.25,0.75,4,NOT
Payment Integration,Wholesale Payments,RELATED,skillmap_close,test,0.0,0.75,0.25,4,RELATED
Wholesale Payments,Payment Integration,RELATED,skillmap_close,test,0.0,0.75,0.25,4,RELATED
Contract Management,Contract Negotiation,NARROWER,skillmap_close,val,0.5,0.25,0.25,4,SATISFIES
Contract Negotiation,Contract Management,BROADER,skillmap_close,val,0.25,0.5,0.25,4,RELATED
Test Framework Development,Web Application Testing,RELATED,skillmap_close,train,0.0,0.75,0.25,4,RELATED
Web Application Testing,Test Framework Development,RELATED,skillmap_close,train,0.0,0.75,0.25,4,RELATED
CRM,Customer Relationship Management,SAME,skillmap_abbrev,train,1.0,0.0,0.0,4,SATISFIES
Customer Relationship Management,CRM,SAME,skillmap_abbrev,train,1.0,0.0,0.0,4,SATISFIES
Process Standardization,Statistical Process Control,RELATED,skillmap_close,train,0.25,0.5,0.25,4,RELATED
Statistical Process Control,Process Standardization,RELATED,skillmap_close,train,0.25,0.5,0.25,4,RELATED
Firebase,Firebase integration,BROADER,skillmap_close,train,0.5,0.5,0.0,4,RELATED
Firebase integration,Firebase,NARROWER,skillmap_close,train,0.75,0.25,0.0,4,SATISFIES
iOS Deployment,iOS Testing,RELATED,skillmap_close,train,0.0,0.75,0.25,4,RELATED
iOS Testing,iOS Deployment,RELATED,skillmap_close,train,0.0,0.75,0.25,4,RELATED
Risk-Based Testing,Risk Mitigation,DIFFERENT,skillmap_overlap,train,0.25,0.25,0.5,4,NOT
Risk Mitigation,Risk-Based Testing,DIFFERENT,skillmap_overlap,train,0.0,0.5,0.5,4,NOT
Learning Agility,Self-Learning,SAME,skillmap_overlap,train,0.75,0.25,0.0,4,SATISFIES
Self-Learning,Learning Agility,SAME,skillmap_overlap,train,1.0,0.0,0.0,4,SATISFIES
Information Security Compliance,Security Incident Response,RELATED,skillmap_close,train,0.0,0.5,0.5,4,RELATED
Security Incident Response,Information Security Compliance,RELATED,skillmap_close,train,0.0,0.5,0.5,4,RELATED
E-commerce Analytics,E‑commerce management,RELATED,skillmap_close,train,0.25,0.75,0.0,4,RELATED
E‑commerce management,E-commerce Analytics,RELATED,skillmap_close,train,0.25,0.75,0.0,4,RELATED
AWS Redshift,Redshift,SAME,skillmap_close,train,1.0,0.0,0.0,4,SATISFIES
Redshift,AWS Redshift,SAME,skillmap_close,train,1.0,0.0,0.0,4,SATISFIES
Remote Desktop Troubleshooting,Remote Diagnosis,NARROWER,skillmap_overlap,train,0.5,0.5,0.0,4,SATISFIES
Remote Diagnosis,Remote Desktop Troubleshooting,BROADER,skillmap_overlap,train,0.25,0.75,0.0,4,RELATED
Cloud Solutions,SAP Cloud,BROADER,skillmap_close,train,0.25,0.75,0.0,4,RELATED
SAP Cloud,Cloud Solutions,NARROWER,skillmap_close,train,0.75,0.25,0.0,4,SATISFIES
Network Security,OT Security,BROADER,skillmap_close,train,0.0,0.75,0.25,4,RELATED
OT Security,Network Security,NARROWER,skillmap_close,train,0.5,0.25,0.25,4,SATISFIES
Data Structures,Vector databases,BROADER,skillmap_close,train,0.0,0.75,0.25,4,RELATED
Vector databases,Data Structures,NARROWER,skillmap_close,train,0.75,0.0,0.25,4,SATISFIES
ServiceNow Administration,Service Reporting,DIFFERENT,skillmap_close,val,0.25,0.25,0.5,4,NOT
Service Reporting,ServiceNow Administration,DIFFERENT,skillmap_close,val,0.0,0.5,0.5,4,NOT
Business Analysis,Market Analysis,BROADER,skillmap_close,train,0.0,1.0,0.0,4,RELATED
Market Analysis,Business Analysis,NARROWER,skillmap_close,train,0.75,0.25,0.0,4,SATISFIES
Effective Communication,Multilingual Communication,BROADER,skillmap_overlap,train,0.0,1.0,0.0,4,RELATED
Multilingual Communication,Effective Communication,NARROWER,skillmap_overlap,train,1.0,0.0,0.0,4,SATISFIES
English Proficiency,Urdu Language Proficiency,DIFFERENT,skillmap_overlap,test,0.0,0.0,1.0,4,NOT
Urdu Language Proficiency,English Proficiency,DIFFERENT,skillmap_overlap,test,0.0,0.0,1.0,4,NOT
Fiber Optic Installation,Network installation,NARROWER,skillmap_overlap,train,0.75,0.25,0.0,4,SATISFIES
Network installation,Fiber Optic Installation,BROADER,skillmap_overlap,train,0.25,0.75,0.0,4,RELATED
Backend Integration,Relational Modeling,DIFFERENT,skillmap_far,train,0.0,0.0,1.0,4,NOT
Relational Modeling,Backend Integration,DIFFERENT,skillmap_far,train,0.0,0.0,1.0,4,NOT
Mobile Performance Optimization,Network performance optimization,NARROWER,skillmap_close,train,0.5,0.25,0.25,4,SATISFIES
Network performance optimization,Mobile Performance Optimization,BROADER,skillmap_close,train,0.0,0.75,0.25,4,RELATED
Remote Assistance,Remote Diagnosis,RELATED,skillmap_overlap,train,0.5,0.5,0.0,4,RELATED
Remote Diagnosis,Remote Assistance,RELATED,skillmap_overlap,train,0.5,0.5,0.0,4,RELATED
CISA,CIS Controls,RELATED,skillmap_close,train,0.0,0.5,0.5,4,RELATED
CIS Controls,CISA,RELATED,skillmap_close,train,0.0,0.5,0.5,4,RELATED
Security Tool Configuration,Software security,BROADER,skillmap_close,train,0.5,0.5,0.0,4,RELATED
Software security,Security Tool Configuration,BROADER,skillmap_close,train,0.5,0.5,0.0,4,RELATED
FinTech,financial technology,SAME,skillmap_abbrev,test,1.0,0.0,0.0,4,SATISFIES
financial technology,FinTech,SAME,skillmap_abbrev,test,1.0,0.0,0.0,4,SATISFIES
JBoss EAP,macOS Support,DIFFERENT,skillmap_far,train,0.0,0.0,1.0,4,NOT
macOS Support,JBoss EAP,DIFFERENT,skillmap_far,train,0.0,0.0,1.0,4,NOT
SAP,SAP FICO,BROADER,skillmap_close,val,0.25,0.75,0.0,4,RELATED
SAP FICO,SAP,NARROWER,skillmap_close,val,0.75,0.25,0.0,4,SATISFIES
AWS Cloud Services,AWS data services,BROADER,skillmap_close,train,0.25,0.75,0.0,4,RELATED
AWS data services,AWS Cloud Services,NARROWER,skillmap_close,train,0.75,0.25,0.0,4,SATISFIES
Cisco CUBE,Travel Coordination,DIFFERENT,skillmap_far,train,0.0,0.0,1.0,4,NOT
Travel Coordination,Cisco CUBE,DIFFERENT,skillmap_far,train,0.0,0.0,1.0,4,NOT
Cloud Infrastructure,Cloud Technologies,SAME,skillmap_close,train,0.75,0.25,0.0,4,SATISFIES
Cloud Technologies,Cloud Infrastructure,SAME,skillmap_close,train,0.75,0.25,0.0,4,SATISFIES
Network Testing,Testing and debugging,NARROWER,skillmap_close,val,1.0,0.0,0.0,4,SATISFIES
Testing and debugging,Network Testing,BROADER,skillmap_close,val,0.0,1.0,0.0,4,RELATED
User Administration,User Experience Design,DIFFERENT,skillmap_overlap,train,0.0,0.0,1.0,4,NOT
User Experience Design,User Administration,DIFFERENT,skillmap_overlap,train,0.0,0.0,1.0,4,NOT
Compliance Reporting,Risk Reporting,RELATED,skillmap_close,train,0.0,0.75,0.25,4,RELATED
Risk Reporting,Compliance Reporting,RELATED,skillmap_close,train,0.25,0.5,0.25,4,RELATED
End-User Training,User Account Management,DIFFERENT,skillmap_overlap,train,0.0,0.0,1.0,4,NOT
User Account Management,End-User Training,DIFFERENT,skillmap_overlap,train,0.0,0.0,1.0,4,NOT
Cybersecurity Risk Assessment,NIST Cybersecurity Framework,BROADER,skillmap_overlap,train,0.25,0.75,0.0,4,RELATED
NIST Cybersecurity Framework,Cybersecurity Risk Assessment,NARROWER,skillmap_overlap,train,0.5,0.5,0.0,4,SATISFIES
Test Execution,Test Management,NARROWER,skillmap_close,train,0.75,0.25,0.0,4,SATISFIES
Test Management,Test Execution,BROADER,skillmap_close,train,0.25,0.75,0.0,4,RELATED
Cybersecurity Practices,Cybersecurity Risk Assessment,BROADER,skillmap_close,test,0.0,1.0,0.0,4,RELATED
Cybersecurity Risk Assessment,Cybersecurity Practices,NARROWER,skillmap_close,test,0.75,0.25,0.0,4,SATISFIES
Tier 2 Support,Windows OS Support,DIFFERENT,skillmap_overlap,train,0.0,0.5,0.5,4,NOT
Windows OS Support,Tier 2 Support,DIFFERENT,skillmap_overlap,train,0.25,0.25,0.5,4,NOT
Security Tool Configuration,Security Consulting,RELATED,skillmap_overlap,train,0.25,0.75,0.0,4,RELATED
Security Consulting,Security Tool Configuration,RELATED,skillmap_overlap,train,0.0,1.0,0.0,4,RELATED
Black box testing,White Box Testing,RELATED,skillmap_overlap,train,0.0,1.0,0.0,4,RELATED
White Box Testing,Black box testing,RELATED,skillmap_overlap,train,0.0,1.0,0.0,4,RELATED
Mac OS,Snowflake,DIFFERENT,skillmap_far,train,0.0,0.0,1.0,4,NOT
Snowflake,Mac OS,DIFFERENT,skillmap_far,train,0.0,0.0,1.0,4,NOT
Containerization,Docker,BROADER,skillmap_close,train,0.0,1.0,0.0,4,RELATED
Docker,Containerization,NARROWER,skillmap_close,train,1.0,0.0,0.0,4,SATISFIES
IPsec VPN,VPC networking,RELATED,skillmap_close,train,0.25,0.5,0.25,4,RELATED
VPC networking,IPsec VPN,RELATED,skillmap_close,train,0.0,0.75,0.25,4,RELATED
ML,machine learning,SAME,skillmap_abbrev,train,1.0,0.0,0.0,4,SATISFIES
machine learning,ML,SAME,skillmap_abbrev,train,1.0,0.0,0.0,4,SATISFIES
IT Operations Support,L1 Helpdesk Support,BROADER,skillmap_overlap,test,0.5,0.5,0.0,4,RELATED
L1 Helpdesk Support,IT Operations Support,BROADER,skillmap_overlap,test,0.5,0.5,0.0,4,RELATED
Apache Web Server,SOAP Web Services,RELATED,skillmap_overlap,train,0.0,0.5,0.5,4,RELATED
SOAP Web Services,Apache Web Server,RELATED,skillmap_overlap,train,0.0,0.5,0.5,4,RELATED
Process Improvement,Process transfer,DIFFERENT,skillmap_overlap,train,0.25,0.25,0.5,4,NOT
Process transfer,Process Improvement,DIFFERENT,skillmap_overlap,train,0.0,0.5,0.5,4,NOT
D3.js,Node.js Backend,DIFFERENT,skillmap_overlap,train,0.0,0.0,1.0,4,NOT
Node.js Backend,D3.js,DIFFERENT,skillmap_overlap,train,0.0,0.0,1.0,4,NOT
Knowledge Base,Knowledge Base Documentation,BROADER,skillmap_close,train,0.25,0.75,0.0,4,RELATED
Knowledge Base Documentation,Knowledge Base,NARROWER,skillmap_close,train,0.5,0.5,0.0,4,SATISFIES
Bloc,IAM security,DIFFERENT,skillmap_far,train,0.0,0.0,1.0,4,NOT
IAM security,Bloc,DIFFERENT,skillmap_far,train,0.0,0.0,1.0,4,NOT
Data Integration,Market data integration,BROADER,skillmap_close,train,0.0,1.0,0.0,4,RELATED
Market data integration,Data Integration,NARROWER,skillmap_close,train,1.0,0.0,0.0,4,SATISFIES
Business Requirements Analysis,Failure Analysis,DIFFERENT,skillmap_overlap,test,0.0,0.0,1.0,4,NOT
Failure Analysis,Business Requirements Analysis,DIFFERENT,skillmap_overlap,test,0.0,0.0,1.0,4,NOT
Client Relationship,Client Training,DIFFERENT,skillmap_close,train,0.0,0.5,0.5,4,NOT
Client Training,Client Relationship,DIFFERENT,skillmap_close,train,0.25,0.25,0.5,4,NOT
IIS,Internet Information Services,SAME,skillmap_abbrev,train,1.0,0.0,0.0,4,SATISFIES
Internet Information Services,IIS,SAME,skillmap_abbrev,train,1.0,0.0,0.0,4,SATISFIES
Axure,Security tool evaluation,DIFFERENT,skillmap_far,val,0.0,0.0,1.0,4,NOT
Security tool evaluation,Axure,DIFFERENT,skillmap_far,val,0.0,0.0,1.0,4,NOT
Microsoft Word,WordPress,DIFFERENT,skillmap_close,train,0.0,0.0,1.0,4,NOT
WordPress,Microsoft Word,DIFFERENT,skillmap_close,train,0.0,0.0,1.0,4,NOT
Linux/Unix scripting,Python Scripting,RELATED,skillmap_close,train,0.0,1.0,0.0,4,RELATED
Python Scripting,Linux/Unix scripting,RELATED,skillmap_close,train,0.0,1.0,0.0,4,RELATED
BI,Business Intelligence,SAME,skillmap_abbrev,train,1.0,0.0,0.0,4,SATISFIES
Business Intelligence,BI,SAME,skillmap_abbrev,train,1.0,0.0,0.0,4,SATISFIES
Database Administration,Database Optimization,BROADER,skillmap_close,train,0.5,0.5,0.0,4,RELATED
Database Optimization,Database Administration,BROADER,skillmap_close,train,0.5,0.5,0.0,4,RELATED
Customer Support,Huawei Networking,DIFFERENT,skillmap_far,train,0.0,0.0,1.0,4,NOT
Huawei Networking,Customer Support,DIFFERENT,skillmap_far,train,0.0,0.0,1.0,4,NOT
Workflow Configuration,Workflow Customization,SAME,skillmap_close,train,0.5,0.5,0.0,4,SATISFIES
Workflow Customization,Workflow Configuration,SAME,skillmap_close,train,0.75,0.25,0.0,4,SATISFIES
Service Desk Operations,Service Transition,RELATED,skillmap_close,train,0.0,0.75,0.25,4,RELATED
Service Transition,Service Desk Operations,RELATED,skillmap_close,train,0.0,0.75,0.25,4,RELATED
App Store Deployment,App Store Publishing,SAME,skillmap_overlap,train,1.0,0.0,0.0,4,SATISFIES
App Store Publishing,App Store Deployment,SAME,skillmap_overlap,train,1.0,0.0,0.0,4,SATISFIES
Security Patching,Software security,NARROWER,skillmap_close,train,0.75,0.25,0.0,4,SATISFIES
Software security,Security Patching,BROADER,skillmap_close,train,0.0,1.0,0.0,4,RELATED
ServiceNow ITOM,ServiceNow Ticketing,RELATED,skillmap_close,train,0.0,1.0,0.0,4,RELATED
ServiceNow Ticketing,ServiceNow ITOM,RELATED,skillmap_close,train,0.25,0.75,0.0,4,RELATED
Security Audits,Security Consulting,NARROWER,skillmap_close,train,0.75,0.25,0.0,4,SATISFIES
Security Consulting,Security Audits,BROADER,skillmap_close,train,0.25,0.75,0.0,4,RELATED
SAP Business One,SAP Cloud,RELATED,skillmap_close,train,0.0,0.75,0.25,4,RELATED
SAP Cloud,SAP Business One,RELATED,skillmap_close,train,0.0,0.75,0.25,4,RELATED
Infrastructure Management,Network Administration,BROADER,skillmap_close,train,0.25,0.75,0.0,4,RELATED
Network Administration,Infrastructure Management,NARROWER,skillmap_close,train,0.75,0.25,0.0,4,SATISFIES
Business Process Documentation,Business Process Optimization,RELATED,skillmap_close,train,0.0,1.0,0.0,4,RELATED
Business Process Optimization,Business Process Documentation,RELATED,skillmap_close,train,0.0,1.0,0.0,4,RELATED
Shift Scheduling,Shift Work,RELATED,skillmap_close,train,0.25,0.75,0.0,4,RELATED
Shift Work,Shift Scheduling,RELATED,skillmap_close,train,0.25,0.75,0.0,4,RELATED
SAP Analytics Cloud,SAP Reporting,NARROWER,skillmap_close,train,0.75,0.25,0.0,4,SATISFIES
SAP Reporting,SAP Analytics Cloud,BROADER,skillmap_close,train,0.0,1.0,0.0,4,RELATED
Agile Collaboration,Agile Leadership,RELATED,skillmap_close,val,0.0,1.0,0.0,4,RELATED
Agile Leadership,Agile Collaboration,RELATED,skillmap_close,val,0.5,0.5,0.0,4,RELATED
Oracle E-Business Suite,Oracle Finance,BROADER,skillmap_close,train,0.25,0.75,0.0,4,RELATED
Oracle Finance,Oracle E-Business Suite,NARROWER,skillmap_close,train,0.75,0.25,0.0,4,SATISFIES
ITAM,IT Asset Management,SAME,skillmap_abbrev,train,1.0,0.0,0.0,4,SATISFIES
IT Asset Management,ITAM,SAME,skillmap_abbrev,train,1.0,0.0,0.0,4,SATISFIES
JMeter Performance Testing,Mobile Testing,DIFFERENT,skillmap_overlap,train,0.0,0.25,0.75,4,NOT
Mobile Testing,JMeter Performance Testing,DIFFERENT,skillmap_overlap,train,0.0,0.25,0.75,4,NOT
OSPF routing,Routing,NARROWER,skillmap_close,train,0.75,0.25,0.0,4,SATISFIES
Routing,OSPF routing,BROADER,skillmap_close,train,0.25,0.75,0.0,4,RELATED
Level 3 support,Sales Strategy,DIFFERENT,skillmap_far,train,0.0,0.0,1.0,4,NOT
Sales Strategy,Level 3 support,DIFFERENT,skillmap_far,train,0.0,0.0,1.0,4,NOT
Data Visualization,LSMW Data Migration,DIFFERENT,skillmap_overlap,train,0.0,0.0,1.0,4,NOT
LSMW Data Migration,Data Visualization,DIFFERENT,skillmap_overlap,train,0.0,0.0,1.0,4,NOT
Application Integration,ERP Integration,BROADER,skillmap_close,test,0.25,0.75,0.0,4,RELATED
ERP Integration,Application Integration,NARROWER,skillmap_close,test,0.75,0.25,0.0,4,SATISFIES
User Experience Design,User Story Writing,RELATED,skillmap_overlap,train,0.0,1.0,0.0,4,RELATED
User Story Writing,User Experience Design,RELATED,skillmap_overlap,train,0.0,1.0,0.0,4,RELATED
Hypothesis Testing,LAN/WAN networking,DIFFERENT,skillmap_far,train,0.0,0.0,1.0,4,NOT
LAN/WAN networking,Hypothesis Testing,DIFFERENT,skillmap_far,train,0.0,0.0,1.0,4,NOT
Data Reporting,Risk Reporting,BROADER,skillmap_close,train,0.25,0.75,0.0,4,RELATED
Risk Reporting,Data Reporting,NARROWER,skillmap_close,train,0.75,0.25,0.0,4,SATISFIES
C#,C# .NET,BROADER,skillmap_overlap,val,0.5,0.5,0.0,4,RELATED
C# .NET,C#,NARROWER,skillmap_overlap,val,0.75,0.25,0.0,4,SATISFIES
HRMS,Human Resource Management System,SAME,skillmap_abbrev,train,1.0,0.0,0.0,4,SATISFIES
Human Resource Management System,HRMS,SAME,skillmap_abbrev,train,1.0,0.0,0.0,4,SATISFIES
Cloud Migration,Google Cloud,RELATED,skillmap_close,train,0.25,0.75,0.0,4,RELATED
Google Cloud,Cloud Migration,RELATED,skillmap_close,train,0.25,0.75,0.0,4,RELATED
Team Collaboration,Team Coordination,SAME,skillmap_close,train,1.0,0.0,0.0,4,SATISFIES
Team Coordination,Team Collaboration,SAME,skillmap_close,train,1.0,0.0,0.0,4,SATISFIES
Microsoft Excel,Microsoft Office,NARROWER,skillmap_close,train,1.0,0.0,0.0,4,SATISFIES
Microsoft Office,Microsoft Excel,BROADER,skillmap_close,train,0.0,1.0,0.0,4,RELATED
SQL Query Optimization,Web Performance Optimization,DIFFERENT,skillmap_overlap,train,0.0,0.25,0.75,4,NOT
Web Performance Optimization,SQL Query Optimization,DIFFERENT,skillmap_overlap,train,0.0,0.25,0.75,4,NOT
JMeter Performance Testing,Mobile Performance Optimization,RELATED,skillmap_overlap,train,0.0,0.75,0.25,4,RELATED
Mobile Performance Optimization,JMeter Performance Testing,RELATED,skillmap_overlap,train,0.0,0.75,0.25,4,RELATED
Logistics management,Warehouse Management Systems,BROADER,skillmap_close,val,0.0,1.0,0.0,4,RELATED
Warehouse Management Systems,Logistics management,NARROWER,skillmap_close,val,0.75,0.25,0.0,4,SATISFIES
PMI,Project Management Institute,SAME,skillmap_abbrev,train,1.0,0.0,0.0,4,SATISFIES
Project Management Institute,PMI,SAME,skillmap_abbrev,train,1.0,0.0,0.0,4,SATISFIES
Windows OS,Windows Server,BROADER,skillmap_close,train,0.0,0.75,0.25,4,RELATED
Windows Server,Windows OS,NARROWER,skillmap_close,train,0.75,0.0,0.25,4,SATISFIES
Cloud Networking,Network Fundamentals,BROADER,skillmap_close,train,0.25,0.75,0.0,4,RELATED
Network Fundamentals,Cloud Networking,NARROWER,skillmap_close,train,0.5,0.5,0.0,4,SATISFIES
Application Troubleshooting,Issue Tracking,RELATED,skillmap_close,train,0.0,1.0,0.0,4,RELATED
Issue Tracking,Application Troubleshooting,RELATED,skillmap_close,train,0.0,1.0,0.0,4,RELATED
Identity Access Management,User Access Control,BROADER,skillmap_close,train,0.25,0.75,0.0,4,RELATED
User Access Control,Identity Access Management,NARROWER,skillmap_close,train,0.75,0.25,0.0,4,SATISFIES
Stakeholder Collaboration,Stakeholder Coordination,SAME,skillmap_close,train,1.0,0.0,0.0,4,SATISFIES
Stakeholder Coordination,Stakeholder Collaboration,SAME,skillmap_close,train,1.0,0.0,0.0,4,SATISFIES
HA,high availability,SAME,skillmap_abbrev,train,1.0,0.0,0.0,4,SATISFIES
high availability,HA,SAME,skillmap_abbrev,train,1.0,0.0,0.0,4,SATISFIES
Supply Chain Coordination,Vendor Coordination,BROADER,skillmap_close,train,0.25,0.75,0.0,4,RELATED
Vendor Coordination,Supply Chain Coordination,NARROWER,skillmap_close,train,0.5,0.5,0.0,4,SATISFIES
End User Computing,Front-end debugging,DIFFERENT,skillmap_overlap,train,0.0,0.0,1.0,4,NOT
Front-end debugging,End User Computing,DIFFERENT,skillmap_overlap,train,0.0,0.0,1.0,4,NOT
SAP Business One,SAP Support,NARROWER,skillmap_close,train,0.5,0.25,0.25,4,SATISFIES
SAP Support,SAP Business One,BROADER,skillmap_close,train,0.25,0.5,0.25,4,RELATED
Data Warehouse Design,Warehouse Management,DIFFERENT,skillmap_overlap,train,0.0,0.0,1.0,4,NOT
Warehouse Management,Data Warehouse Design,DIFFERENT,skillmap_overlap,train,0.0,0.0,1.0,4,NOT
CD,continuous delivery,SAME,skillmap_abbrev,train,1.0,0.0,0.0,4,SATISFIES
continuous delivery,CD,SAME,skillmap_abbrev,train,1.0,0.0,0.0,4,SATISFIES
CCTV System Integration,CRM Integration,DIFFERENT,skillmap_overlap,train,0.0,0.0,1.0,4,NOT
CRM Integration,CCTV System Integration,DIFFERENT,skillmap_overlap,train,0.0,0.0,1.0,4,NOT
BCM,Business Continuity Management,SAME,skillmap_abbrev,train,1.0,0.0,0.0,4,SATISFIES
Business Continuity Management,BCM,SAME,skillmap_abbrev,train,1.0,0.0,0.0,4,SATISFIES
Mobile-First Development,Mobile-First Design,SAME,skillmap_close,train,0.5,0.5,0.0,4,SATISFIES
Mobile-First Design,Mobile-First Development,SAME,skillmap_close,train,0.75,0.25,0.0,4,SATISFIES
OWASP Security,Security Architecture,RELATED,skillmap_overlap,train,0.25,0.75,0.0,4,RELATED
Security Architecture,OWASP Security,RELATED,skillmap_overlap,train,0.0,1.0,0.0,4,RELATED
Oracle Database Administration,SQL Database Management,NARROWER,skillmap_close,test,0.75,0.25,0.0,4,SATISFIES
SQL Database Management,Oracle Database Administration,BROADER,skillmap_close,test,0.0,1.0,0.0,4,RELATED
Security Administration,Security Governance,RELATED,skillmap_close,val,0.25,0.75,0.0,4,RELATED
Security Governance,Security Administration,RELATED,skillmap_close,val,0.0,1.0,0.0,4,RELATED
Hardware Configuration,Network Device Configuration,BROADER,skillmap_close,train,0.0,1.0,0.0,4,RELATED
Network Device Configuration,Hardware Configuration,NARROWER,skillmap_close,train,0.75,0.25,0.0,4,SATISFIES
Deployment Orchestration,Model Deployment,RELATED,skillmap_overlap,train,0.25,0.75,0.0,4,RELATED
Model Deployment,Deployment Orchestration,RELATED,skillmap_overlap,train,0.25,0.75,0.0,4,RELATED
Production Deployment,System Deployment,NARROWER,skillmap_overlap,train,1.0,0.0,0.0,4,SATISFIES
System Deployment,Production Deployment,BROADER,skillmap_overlap,train,0.5,0.5,0.0,4,RELATED
Advanced Process Control,Business Process Management,RELATED,skillmap_close,train,0.0,0.75,0.25,4,RELATED
Business Process Management,Advanced Process Control,RELATED,skillmap_close,train,0.0,0.75,0.25,4,RELATED
AV troubleshooting,Issue Troubleshooting,NARROWER,skillmap_close,train,1.0,0.0,0.0,4,SATISFIES
Issue Troubleshooting,AV troubleshooting,BROADER,skillmap_close,train,0.0,1.0,0.0,4,RELATED
AI Integration,Blockchain integration,DIFFERENT,skillmap_overlap,train,0.0,0.0,1.0,4,NOT
Blockchain integration,AI Integration,DIFFERENT,skillmap_overlap,train,0.0,0.0,1.0,4,NOT
Knowledge Base Documentation,Firebase,DIFFERENT,skillmap_far,train,0.0,0.0,1.0,4,NOT
Firebase,Knowledge Base Documentation,DIFFERENT,skillmap_far,train,0.0,0.0,1.0,4,NOT
Media Delivery,Service Delivery Management,DIFFERENT,skillmap_close,train,0.25,0.25,0.5,4,NOT
Service Delivery Management,Media Delivery,DIFFERENT,skillmap_close,train,0.0,0.5,0.5,4,NOT
IDS/IPS Management,ISTQB Certification,DIFFERENT,skillmap_far,train,0.0,0.0,1.0,4,NOT
ISTQB Certification,IDS/IPS Management,DIFFERENT,skillmap_far,train,0.0,0.0,1.0,4,NOT
Operating Systems,System Administration,BROADER,skillmap_close,val,0.5,0.5,0.0,4,RELATED
System Administration,Operating Systems,BROADER,skillmap_close,val,0.5,0.5,0.0,4,RELATED
Database Performance Tuning,Database Tuning,SAME,skillmap_close,test,1.0,0.0,0.0,4,SATISFIES
Database Tuning,Database Performance Tuning,SAME,skillmap_close,test,0.75,0.25,0.0,4,SATISFIES
Information Security,Security Risk Assessment,BROADER,skillmap_close,train,0.0,1.0,0.0,4,RELATED
Security Risk Assessment,Information Security,NARROWER,skillmap_close,train,1.0,0.0,0.0,4,SATISFIES
Server Installation,Server Virtualization,RELATED,skillmap_overlap,train,0.0,0.75,0.25,4,RELATED
Server Virtualization,Server Installation,RELATED,skillmap_overlap,train,0.25,0.5,0.25,4,RELATED
Oracle SQL,SQL Database,NARROWER,skillmap_close,test,1.0,0.0,0.0,4,SATISFIES
SQL Database,Oracle SQL,BROADER,skillmap_close,test,0.0,1.0,0.0,4,RELATED
Security Testing,SIT Testing,RELATED,skillmap_overlap,val,0.0,0.5,0.5,4,RELATED
SIT Testing,Security Testing,RELATED,skillmap_overlap,val,0.0,0.5,0.5,4,RELATED
Cybersecurity Management,Security Management,NARROWER,skillmap_close,train,1.0,0.0,0.0,4,SATISFIES
Security Management,Cybersecurity Management,BROADER,skillmap_close,train,0.25,0.75,0.0,4,RELATED
Process Documentation,Process Mapping,RELATED,skillmap_close,train,0.0,1.0,0.0,4,RELATED
Process Mapping,Process Documentation,RELATED,skillmap_close,train,0.5,0.5,0.0,4,RELATED
Cybersecurity Awareness,Cybersecurity Management,BROADER,skillmap_close,test,0.25,0.75,0.0,4,RELATED
Cybersecurity Management,Cybersecurity Awareness,NARROWER,skillmap_close,test,0.5,0.5,0.0,4,SATISFIES
Networking,Network Operations,BROADER,skillmap_close,train,0.0,1.0,0.0,4,RELATED
Network Operations,Networking,NARROWER,skillmap_close,train,1.0,0.0,0.0,4,SATISFIES
ERD,Entity Relationship Diagram,SAME,skillmap_abbrev,train,1.0,0.0,0.0,4,SATISFIES
Entity Relationship Diagram,ERD,SAME,skillmap_abbrev,train,1.0,0.0,0.0,4,SATISFIES
Business Intelligence Reporting,Dashboard Reporting,BROADER,skillmap_overlap,test,0.25,0.75,0.0,4,RELATED
Dashboard Reporting,Business Intelligence Reporting,NARROWER,skillmap_overlap,test,0.5,0.5,0.0,4,SATISFIES
SIEM Integration,Workforce Management,DIFFERENT,skillmap_far,train,0.0,0.0,1.0,4,NOT
Workforce Management,SIEM Integration,DIFFERENT,skillmap_far,train,0.0,0.0,1.0,4,NOT
Android Deployment,Project Deployment,NARROWER,skillmap_close,test,1.0,0.0,0.0,4,SATISFIES
Project Deployment,Android Deployment,BROADER,skillmap_close,test,0.0,1.0,0.0,4,RELATED
LAN design,LAN/WAN Management,RELATED,skillmap_overlap,test,0.25,0.75,0.0,4,RELATED
LAN/WAN Management,LAN design,RELATED,skillmap_overlap,test,0.25,0.75,0.0,4,RELATED
SOQL,SQL Query Optimization,RELATED,skillmap_close,train,0.0,0.75,0.25,4,RELATED
SQL Query Optimization,SOQL,RELATED,skillmap_close,train,0.0,0.75,0.25,4,RELATED
Software Installation,Software Support,NARROWER,skillmap_close,train,0.5,0.5,0.0,4,SATISFIES
Software Support,Software Installation,BROADER,skillmap_close,train,0.25,0.75,0.0,4,RELATED
Bilingual English Chinese,English Mandarin,SAME,skillmap_close,train,0.75,0.25,0.0,4,SATISFIES
English Mandarin,Bilingual English Chinese,SAME,skillmap_close,train,1.0,0.0,0.0,4,SATISFIES
Microsoft Intune,Microsoft 365 Exchange,DIFFERENT,skillmap_overlap,val,0.0,0.0,1.0,4,NOT
Microsoft 365 Exchange,Microsoft Intune,DIFFERENT,skillmap_overlap,val,0.0,0.0,1.0,4,NOT
Backend Security,Security Frameworks,NARROWER,skillmap_close,train,0.75,0.25,0.0,4,SATISFIES
Security Frameworks,Backend Security,BROADER,skillmap_close,train,0.0,1.0,0.0,4,RELATED
Virtual machine migration,VM Virtualization,NARROWER,skillmap_close,train,0.75,0.25,0.0,4,SATISFIES
VM Virtualization,Virtual machine migration,BROADER,skillmap_close,train,0.0,1.0,0.0,4,RELATED
SAP FICO,SAP Fiori,DIFFERENT,skillmap_close,train,0.0,0.0,1.0,4,NOT
SAP Fiori,SAP FICO,DIFFERENT,skillmap_close,train,0.0,0.0,1.0,4,NOT
SAP Workflow,Workflow Design,NARROWER,skillmap_close,train,0.5,0.5,0.0,4,SATISFIES
Workflow Design,SAP Workflow,BROADER,skillmap_close,train,0.25,0.75,0.0,4,RELATED
Automation Scripting,GUI Automation,BROADER,skillmap_close,train,0.0,1.0,0.0,4,RELATED
GUI Automation,Automation Scripting,NARROWER,skillmap_close,train,0.75,0.25,0.0,4,SATISFIES
Cloud Computing,Hybrid Cloud Architecture,BROADER,skillmap_close,train,0.0,1.0,0.0,4,RELATED
Hybrid Cloud Architecture,Cloud Computing,NARROWER,skillmap_close,train,1.0,0.0,0.0,4,SATISFIES
Oscilloscope operation,Wi-Fi Administration,DIFFERENT,skillmap_far,train,0.0,0.0,1.0,4,NOT
Wi-Fi Administration,Oscilloscope operation,DIFFERENT,skillmap_far,train,0.0,0.0,1.0,4,NOT
PC Assembly,PC Setup,RELATED,skillmap_close,train,0.25,0.75,0.0,4,RELATED
PC Setup,PC Assembly,RELATED,skillmap_close,train,0.5,0.5,0.0,4,RELATED
SAP Administration,SAP HCM,RELATED,skillmap_close,test,0.25,0.75,0.0,4,RELATED
SAP HCM,SAP Administration,RELATED,skillmap_close,test,0.25,0.75,0.0,4,RELATED
Logistics Coordination,Operations Management,NARROWER,skillmap_close,train,0.5,0.25,0.25,4,SATISFIES
Operations Management,Logistics Coordination,BROADER,skillmap_close,train,0.25,0.5,0.25,4,RELATED
RHEL,Red Hat Enterprise Linux,SAME,skillmap_abbrev,train,1.0,0.0,0.0,4,SATISFIES
Red Hat Enterprise Linux,RHEL,SAME,skillmap_abbrev,train,1.0,0.0,0.0,4,SATISFIES
AWS Cloud Architecture,Cloud cost optimization,RELATED,skillmap_close,train,0.0,1.0,0.0,4,RELATED
Cloud cost optimization,AWS Cloud Architecture,RELATED,skillmap_close,train,0.0,1.0,0.0,4,RELATED
IT Strategy,Microsoft Certified Systems Engineer,DIFFERENT,skillmap_far,train,0.0,0.0,1.0,4,NOT
Microsoft Certified Systems Engineer,IT Strategy,DIFFERENT,skillmap_far,train,0.0,0.0,1.0,4,NOT
Account Management,Data Management,DIFFERENT,skillmap_close,train,0.0,0.0,1.0,4,NOT
Data Management,Account Management,DIFFERENT,skillmap_close,train,0.0,0.0,1.0,4,NOT
Helpdesk Operations,IT Operations Support,NARROWER,skillmap_overlap,train,0.5,0.5,0.0,4,SATISFIES
IT Operations Support,Helpdesk Operations,BROADER,skillmap_overlap,train,0.25,0.75,0.0,4,RELATED
SCADA,Supervisory Control and Data Acquisition,SAME,skillmap_abbrev,train,1.0,0.0,0.0,4,SATISFIES
Supervisory Control and Data Acquisition,SCADA,SAME,skillmap_abbrev,train,1.0,0.0,0.0,4,SATISFIES
Incident Management,Incident Investigation,BROADER,skillmap_close,train,0.25,0.75,0.0,4,RELATED
Incident Investigation,Incident Management,NARROWER,skillmap_close,train,0.75,0.25,0.0,4,SATISFIES
Documentation,Documentation Management,RELATED,skillmap_close,train,0.25,0.75,0.0,4,RELATED
Documentation Management,Documentation,RELATED,skillmap_close,train,0.5,0.5,0.0,4,RELATED
Service Desk Reporting,Service Desk Support,NARROWER,skillmap_close,train,0.5,0.5,0.0,4,SATISFIES
Service Desk Support,Service Desk Reporting,BROADER,skillmap_close,train,0.25,0.75,0.0,4,RELATED
Azure Cloud,Cloud Development,RELATED,skillmap_close,train,0.5,0.5,0.0,4,RELATED
Cloud Development,Azure Cloud,RELATED,skillmap_close,train,0.0,1.0,0.0,4,RELATED
Business Blueprinting,Data Lakehouse,DIFFERENT,skillmap_far,train,0.0,0.0,1.0,4,NOT
Data Lakehouse,Business Blueprinting,DIFFERENT,skillmap_far,train,0.0,0.0,1.0,4,NOT
Automation Scripting,Business Process Automation,RELATED,skillmap_close,train,0.5,0.5,0.0,4,RELATED
Business Process Automation,Automation Scripting,RELATED,skillmap_close,train,0.0,1.0,0.0,4,RELATED
WiFi Router Configuration,Workflow Configuration,DIFFERENT,skillmap_overlap,train,0.0,0.0,1.0,4,NOT
Workflow Configuration,WiFi Router Configuration,DIFFERENT,skillmap_overlap,train,0.0,0.0,1.0,4,NOT
BACnet protocol,Modbus protocol,RELATED,skillmap_overlap,train,0.0,0.75,0.25,4,RELATED
Modbus protocol,BACnet protocol,RELATED,skillmap_overlap,train,0.0,0.75,0.25,4,RELATED
CRM implementation,CRM systems,NARROWER,skillmap_close,train,1.0,0.0,0.0,4,SATISFIES
CRM systems,CRM implementation,BROADER,skillmap_close,train,0.0,1.0,0.0,4,RELATED
Engineering fundamentals,Mechanical Engineering,BROADER,skillmap_close,train,0.0,1.0,0.0,4,RELATED
Mechanical Engineering,Engineering fundamentals,NARROWER,skillmap_close,train,1.0,0.0,0.0,4,SATISFIES
Backup Restore,Server Backup,RELATED,skillmap_close,train,0.25,0.75,0.0,4,RELATED
Server Backup,Backup Restore,RELATED,skillmap_close,train,0.0,1.0,0.0,4,RELATED
Security Updates,Software Upgrades,NARROWER,skillmap_close,train,0.5,0.5,0.0,4,SATISFIES
Software Upgrades,Security Updates,BROADER,skillmap_close,train,0.25,0.75,0.0,4,RELATED
SaaS Development,SLA Management,DIFFERENT,skillmap_close,train,0.0,0.25,0.75,4,NOT
SLA Management,SaaS Development,DIFFERENT,skillmap_close,train,0.0,0.25,0.75,4,NOT
NLP,natural language processing,SAME,skillmap_abbrev,train,1.0,0.0,0.0,4,SATISFIES
natural language processing,NLP,SAME,skillmap_abbrev,train,1.0,0.0,0.0,4,SATISFIES
Mobile Performance Optimization,Mobile Security,DIFFERENT,skillmap_overlap,train,0.0,0.0,1.0,4,NOT
Mobile Security,Mobile Performance Optimization,DIFFERENT,skillmap_overlap,train,0.0,0.0,1.0,4,NOT
Cloud Architecture,Cloud services,NARROWER,skillmap_close,train,0.75,0.25,0.0,4,SATISFIES
Cloud services,Cloud Architecture,BROADER,skillmap_close,train,0.25,0.75,0.0,4,RELATED
Arabic language,Cantonese Language,DIFFERENT,skillmap_overlap,test,0.0,0.0,1.0,4,NOT
Cantonese Language,Arabic language,DIFFERENT,skillmap_overlap,test,0.0,0.0,1.0,4,NOT
IT security controls,Security Operations Center,RELATED,skillmap_close,train,0.25,0.5,0.25,4,RELATED
Security Operations Center,IT security controls,RELATED,skillmap_close,train,0.25,0.5,0.25,4,RELATED
GitHub,Git workflow,RELATED,skillmap_close,train,0.5,0.5,0.0,4,RELATED
Git workflow,GitHub,RELATED,skillmap_close,train,0.0,1.0,0.0,4,RELATED
IDoc Integration,Message Queues,DIFFERENT,skillmap_far,test,0.0,0.25,0.75,4,NOT
Message Queues,IDoc Integration,DIFFERENT,skillmap_far,test,0.0,0.25,0.75,4,NOT
Financial Reporting,Regulatory Reporting,RELATED,skillmap_close,train,0.0,1.0,0.0,4,RELATED
Regulatory Reporting,Financial Reporting,RELATED,skillmap_close,train,0.5,0.5,0.0,4,RELATED
Proposal Management,Technical proposal writing,NARROWER,skillmap_close,train,0.5,0.5,0.0,4,SATISFIES
Technical proposal writing,Proposal Management,BROADER,skillmap_close,train,0.25,0.75,0.0,4,RELATED
NAS,Network Attached Storage,SAME,skillmap_abbrev,train,1.0,0.0,0.0,4,SATISFIES
Network Attached Storage,NAS,SAME,skillmap_abbrev,train,1.0,0.0,0.0,4,SATISFIES
EDKII framework,Workflow optimization,DIFFERENT,skillmap_far,test,0.0,0.0,1.0,4,NOT
Workflow optimization,EDKII framework,DIFFERENT,skillmap_far,test,0.0,0.0,1.0,4,NOT
SAP Data Services,SAP QM,DIFFERENT,skillmap_close,val,0.0,0.25,0.75,4,NOT
SAP QM,SAP Data Services,DIFFERENT,skillmap_close,val,0.0,0.25,0.75,4,NOT
Migration Planning,Roadmap Planning,RELATED,skillmap_overlap,train,0.25,0.75,0.0,4,RELATED
Roadmap Planning,Migration Planning,RELATED,skillmap_overlap,train,0.0,1.0,0.0,4,RELATED
Bash,Bash scripting,SAME,skillmap_close,test,0.75,0.25,0.0,4,SATISFIES
Bash scripting,Bash,SAME,skillmap_close,test,1.0,0.0,0.0,4,SATISFIES
Compliance Management,IT Security Compliance,BROADER,skillmap_close,train,0.0,1.0,0.0,4,RELATED
IT Security Compliance,Compliance Management,NARROWER,skillmap_close,train,1.0,0.0,0.0,4,SATISFIES
SAP Finance,SAP MDG,DIFFERENT,skillmap_close,train,0.0,0.0,1.0,4,NOT
SAP MDG,SAP Finance,DIFFERENT,skillmap_close,train,0.0,0.0,1.0,4,NOT
Project Delivery,Project Documentation,RELATED,skillmap_overlap,train,0.0,0.75,0.25,4,RELATED
Project Documentation,Project Delivery,RELATED,skillmap_overlap,train,0.25,0.5,0.25,4,RELATED
Logistics management,Routing protocols,DIFFERENT,skillmap_far,val,0.0,0.0,1.0,4,NOT
Routing protocols,Logistics management,DIFFERENT,skillmap_far,val,0.0,0.0,1.0,4,NOT
SQL Server Administration,PL/SQL,DIFFERENT,skillmap_overlap,train,0.0,0.0,1.0,4,NOT
PL/SQL,SQL Server Administration,DIFFERENT,skillmap_overlap,train,0.0,0.0,1.0,4,NOT
Nuxt.js,Retail Domain Knowledge,DIFFERENT,skillmap_far,train,0.0,0.0,1.0,4,NOT
Retail Domain Knowledge,Nuxt.js,DIFFERENT,skillmap_far,train,0.0,0.0,1.0,4,NOT
Payment switching,Routing and Switching,DIFFERENT,skillmap_overlap,test,0.0,0.0,1.0,4,NOT
Routing and Switching,Payment switching,DIFFERENT,skillmap_overlap,test,0.0,0.0,1.0,4,NOT
Security Operations,Security Risk Assessment,RELATED,skillmap_close,train,0.0,1.0,0.0,4,RELATED
Security Risk Assessment,Security Operations,RELATED,skillmap_close,train,0.5,0.5,0.0,4,RELATED
Agile Collaboration,Agile Documentation,RELATED,skillmap_close,val,0.0,1.0,0.0,4,RELATED
Agile Documentation,Agile Collaboration,RELATED,skillmap_close,val,0.0,1.0,0.0,4,RELATED
SAP BW,SAP Training,DIFFERENT,skillmap_close,val,0.25,0.25,0.5,4,NOT
SAP Training,SAP BW,DIFFERENT,skillmap_close,val,0.0,0.5,0.5,4,NOT
Jira Software,Jira Ticketing,NARROWER,skillmap_close,train,1.0,0.0,0.0,4,SATISFIES
Jira Ticketing,Jira Software,BROADER,skillmap_close,train,0.5,0.5,0.0,4,RELATED
Apache Web Server,Exchange Server,DIFFERENT,skillmap_overlap,train,0.0,0.0,1.0,4,NOT
Exchange Server,Apache Web Server,DIFFERENT,skillmap_overlap,train,0.0,0.0,1.0,4,NOT
API Management,API Security,RELATED,skillmap_close,train,0.0,1.0,0.0,4,RELATED
API Security,API Management,RELATED,skillmap_close,train,0.5,0.5,0.0,4,RELATED
Security policy enforcement,Security Risk Assessment,RELATED,skillmap_close,train,0.0,1.0,0.0,4,RELATED
Security Risk Assessment,Security policy enforcement,RELATED,skillmap_close,train,0.0,1.0,0.0,4,RELATED
CMS,Content Management System,SAME,skillmap_abbrev,train,1.0,0.0,0.0,4,SATISFIES
Content Management System,CMS,SAME,skillmap_abbrev,train,1.0,0.0,0.0,4,SATISFIES
Cisco ACI,Cisco Unified Communications,DIFFERENT,skillmap_close,train,0.0,0.0,1.0,4,NOT
Cisco Unified Communications,Cisco ACI,DIFFERENT,skillmap_close,train,0.0,0.0,1.0,4,NOT
Agile Development,Agile Documentation,RELATED,skillmap_close,val,0.0,1.0,0.0,4,RELATED
Agile Documentation,Agile Development,RELATED,skillmap_close,val,0.25,0.75,0.0,4,RELATED
IT Compliance,IT security controls,RELATED,skillmap_close,train,0.0,1.0,0.0,4,RELATED
IT security controls,IT Compliance,RELATED,skillmap_close,train,0.25,0.75,0.0,4,RELATED
Control Testing,Test case execution,DIFFERENT,skillmap_close,val,0.25,0.25,0.5,4,NOT
Test case execution,Control Testing,DIFFERENT,skillmap_close,val,0.0,0.5,0.5,4,NOT
API Gateway,Payment Gateway Integration,RELATED,skillmap_overlap,train,0.0,0.5,0.5,4,RELATED
Payment Gateway Integration,API Gateway,RELATED,skillmap_overlap,train,0.0,0.5,0.5,4,RELATED
Developer Tools,Visual Studio,BROADER,skillmap_close,train,0.0,1.0,0.0,4,RELATED
Visual Studio,Developer Tools,NARROWER,skillmap_close,train,1.0,0.0,0.0,4,SATISFIES
CISSP Certification,CRISC Certification,DIFFERENT,skillmap_overlap,train,0.0,0.25,0.75,4,NOT
CRISC Certification,CISSP Certification,DIFFERENT,skillmap_overlap,train,0.0,0.25,0.75,4,NOT
SAP BTP,SAP ERP,RELATED,skillmap_close,val,0.0,0.5,0.5,4,RELATED
SAP ERP,SAP BTP,RELATED,skillmap_close,val,0.0,0.5,0.5,4,RELATED
Product Design,System Design,RELATED,skillmap_close,train,0.0,0.75,0.25,4,RELATED
System Design,Product Design,RELATED,skillmap_close,train,0.0,0.75,0.25,4,RELATED
SAP Fiori,SAP Support,RELATED,skillmap_close,train,0.0,0.5,0.5,4,RELATED
SAP Support,SAP Fiori,RELATED,skillmap_close,train,0.0,0.5,0.5,4,RELATED
SAP Integration,SAP PI/PO,BROADER,skillmap_close,train,0.0,1.0,0.0,4,RELATED
SAP PI/PO,SAP Integration,NARROWER,skillmap_close,train,1.0,0.0,0.0,4,SATISFIES
DR,Disaster Recovery,SAME,skillmap_abbrev,train,1.0,0.0,0.0,4,SATISFIES
Disaster Recovery,DR,SAME,skillmap_abbrev,train,1.0,0.0,0.0,4,SATISFIES
System Security,Web Application Security,BROADER,skillmap_close,train,0.25,0.75,0.0,4,RELATED
Web Application Security,System Security,NARROWER,skillmap_close,train,0.75,0.25,0.0,4,SATISFIES
Integration design,Manufacturing Integration,BROADER,skillmap_close,train,0.0,1.0,0.0,4,RELATED
Manufacturing Integration,Integration design,NARROWER,skillmap_close,train,0.75,0.25,0.0,4,SATISFIES
VBA scripting,VBScript,RELATED,skillmap_close,train,0.0,0.75,0.25,4,RELATED
VBScript,VBA scripting,RELATED,skillmap_close,train,0.0,0.75,0.25,4,RELATED
Database Tuning,SQL Query Optimization,SAME,skillmap_close,val,0.75,0.25,0.0,4,SATISFIES
SQL Query Optimization,Database Tuning,SAME,skillmap_close,val,0.75,0.25,0.0,4,SATISFIES
Risk-Based Testing,Test Case Development,RELATED,skillmap_close,train,0.25,0.75,0.0,4,RELATED
Test Case Development,Risk-Based Testing,RELATED,skillmap_close,train,0.0,1.0,0.0,4,RELATED
Application Testing,Test Automation,BROADER,skillmap_close,val,0.0,1.0,0.0,4,RELATED
Test Automation,Application Testing,NARROWER,skillmap_close,val,0.75,0.25,0.0,4,SATISFIES
SAP Project Systems,SAP SD,RELATED,skillmap_overlap,train,0.0,0.5,0.5,4,RELATED
SAP SD,SAP Project Systems,RELATED,skillmap_overlap,train,0.0,0.5,0.5,4,RELATED
Oracle,Oracle EBS,BROADER,skillmap_overlap,train,0.0,1.0,0.0,4,RELATED
Oracle EBS,Oracle,NARROWER,skillmap_overlap,train,0.75,0.25,0.0,4,SATISFIES
SAP Finance,SAP SD,DIFFERENT,skillmap_close,train,0.0,0.0,1.0,4,NOT
SAP SD,SAP Finance,DIFFERENT,skillmap_close,train,0.0,0.0,1.0,4,NOT
Azure Cloud,Azure Synapse,BROADER,skillmap_close,train,0.0,1.0,0.0,4,RELATED
Azure Synapse,Azure Cloud,NARROWER,skillmap_close,train,1.0,0.0,0.0,4,SATISFIES
Cross-functional Collaboration,Cross-platform mobile,DIFFERENT,skillmap_overlap,train,0.0,0.0,1.0,4,NOT
Cross-platform mobile,Cross-functional Collaboration,DIFFERENT,skillmap_overlap,train,0.0,0.0,1.0,4,NOT
IT Security,Security Governance,BROADER,skillmap_close,train,0.25,0.75,0.0,4,RELATED
Security Governance,IT Security,NARROWER,skillmap_close,train,0.75,0.25,0.0,4,SATISFIES
Retail Operations,Sales Support,RELATED,skillmap_close,train,0.25,0.5,0.25,4,RELATED
Sales Support,Retail Operations,RELATED,skillmap_close,train,0.0,0.75,0.25,4,RELATED
Client Support,End-User Support,SAME,skillmap_overlap,train,1.0,0.0,0.0,4,SATISFIES
End-User Support,Client Support,SAME,skillmap_overlap,train,1.0,0.0,0.0,4,SATISFIES
Remote Collaboration,Remote Desktop,RELATED,skillmap_close,train,0.0,0.5,0.5,4,RELATED
Remote Desktop,Remote Collaboration,RELATED,skillmap_close,train,0.0,0.5,0.5,4,RELATED
Banking Applications,Financial Services,NARROWER,skillmap_close,train,0.75,0.25,0.0,4,SATISFIES
Financial Services,Banking Applications,BROADER,skillmap_close,train,0.0,1.0,0.0,4,RELATED
Project Delivery,Project Reporting,NARROWER,skillmap_close,train,0.5,0.5,0.0,4,SATISFIES
Project Reporting,Project Delivery,BROADER,skillmap_close,train,0.25,0.75,0.0,4,RELATED
SSIS,SQL Server Integration Services,SAME,skillmap_abbrev,test,1.0,0.0,0.0,4,SATISFIES
SQL Server Integration Services,SSIS,SAME,skillmap_abbrev,test,1.0,0.0,0.0,4,SATISFIES
Application Lifecycle Management,Apache NiFi,DIFFERENT,skillmap_far,train,0.0,0.25,0.75,4,NOT
Apache NiFi,Application Lifecycle Management,DIFFERENT,skillmap_far,train,0.0,0.25,0.75,4,NOT
Coaching and Mentoring,Mentoring,BROADER,skillmap_close,train,0.25,0.75,0.0,4,RELATED
Mentoring,Coaching and Mentoring,NARROWER,skillmap_close,train,0.75,0.25,0.0,4,SATISFIES
Functional Configuration,System Configuration,NARROWER,skillmap_close,train,0.5,0.5,0.0,4,SATISFIES
System Configuration,Functional Configuration,BROADER,skillmap_close,train,0.25,0.75,0.0,4,RELATED
Performance Profiling,Web Performance,NARROWER,skillmap_close,train,0.75,0.25,0.0,4,SATISFIES
Web Performance,Performance Profiling,BROADER,skillmap_close,train,0.25,0.75,0.0,4,RELATED
Automation Framework Design,Business Process Automation,RELATED,skillmap_close,train,0.25,0.75,0.0,4,RELATED
Business Process Automation,Automation Framework Design,RELATED,skillmap_close,train,0.0,1.0,0.0,4,RELATED
Agile Leadership,Scrum Master,BROADER,skillmap_close,train,0.0,0.75,0.25,4,RELATED
Scrum Master,Agile Leadership,NARROWER,skillmap_close,train,0.5,0.25,0.25,4,SATISFIES
ABAP Development,ABAP OO,BROADER,skillmap_overlap,train,0.25,0.75,0.0,4,RELATED
ABAP OO,ABAP Development,NARROWER,skillmap_overlap,train,0.75,0.25,0.0,4,SATISFIES
NIST Framework,NIST Cybersecurity Framework,BROADER,skillmap_overlap,train,0.25,0.75,0.0,4,RELATED
NIST Cybersecurity Framework,NIST Framework,NARROWER,skillmap_overlap,train,1.0,0.0,0.0,4,SATISFIES
Preventive Maintenance,Software Maintenance,DIFFERENT,skillmap_close,train,0.0,0.5,0.5,4,NOT
Software Maintenance,Preventive Maintenance,DIFFERENT,skillmap_close,train,0.25,0.25,0.5,4,NOT
Security Management,Security Operations,RELATED,skillmap_close,train,0.0,1.0,0.0,4,RELATED
Security Operations,Security Management,RELATED,skillmap_close,train,0.5,0.5,0.0,4,RELATED
Cisco CUBE,Cisco ISE,DIFFERENT,skillmap_overlap,train,0.0,0.25,0.75,4,NOT
Cisco ISE,Cisco CUBE,DIFFERENT,skillmap_overlap,train,0.0,0.25,0.75,4,NOT
Linux/Unix scripting,Unix scripting,SAME,skillmap_close,train,0.75,0.25,0.0,4,SATISFIES
Unix scripting,Linux/Unix scripting,SAME,skillmap_close,train,1.0,0.0,0.0,4,SATISFIES
Mobile UI/UX,UI/UX Design,NARROWER,skillmap_close,train,0.75,0.25,0.0,4,SATISFIES
UI/UX Design,Mobile UI/UX,BROADER,skillmap_close,train,0.25,0.75,0.0,4,RELATED
Documentation creation,System Documentation,BROADER,skillmap_close,train,0.5,0.5,0.0,4,RELATED
System Documentation,Documentation creation,NARROWER,skillmap_close,train,0.75,0.25,0.0,4,SATISFIES
ALM,Application Lifecycle Management,SAME,skillmap_abbrev,train,1.0,0.0,0.0,4,SATISFIES
Application Lifecycle Management,ALM,SAME,skillmap_abbrev,train,1.0,0.0,0.0,4,SATISFIES
Cloud Solutions,Salesforce Sales Cloud,BROADER,skillmap_close,train,0.0,1.0,0.0,4,RELATED
Salesforce Sales Cloud,Cloud Solutions,NARROWER,skillmap_close,train,1.0,0.0,0.0,4,SATISFIES
Second Line Support,System Support,NARROWER,skillmap_overlap,train,0.75,0.25,0.0,4,SATISFIES
System Support,Second Line Support,BROADER,skillmap_overlap,train,0.25,0.75,0.0,4,RELATED
Business Process Analysis,Finance process knowledge,BROADER,skillmap_close,train,0.0,1.0,0.0,4,RELATED
Finance process knowledge,Business Process Analysis,NARROWER,skillmap_close,train,0.75,0.25,0.0,4,SATISFIES
Incident Resolution,Issue Investigation,RELATED,skillmap_close,train,0.5,0.5,0.0,4,RELATED
Issue Investigation,Incident Resolution,RELATED,skillmap_close,train,0.5,0.5,0.0,4,RELATED
Financial Reconciliation,Financial Systems,RELATED,skillmap_close,train,0.25,0.75,0.0,4,RELATED
Financial Systems,Financial Reconciliation,RELATED,skillmap_close,train,0.25,0.75,0.0,4,RELATED
CRM Management,Microsoft Dynamics CRM,BROADER,skillmap_close,train,0.0,1.0,0.0,4,RELATED
Microsoft Dynamics CRM,CRM Management,NARROWER,skillmap_close,train,1.0,0.0,0.0,4,SATISFIES
Security tool evaluation,Security Management,NARROWER,skillmap_close,train,0.75,0.25,0.0,4,SATISFIES
Security Management,Security tool evaluation,BROADER,skillmap_close,train,0.25,0.75,0.0,4,RELATED
Power Automate,Power Query,RELATED,skillmap_overlap,test,0.0,0.75,0.25,4,RELATED
Power Query,Power Automate,RELATED,skillmap_overlap,test,0.0,0.75,0.25,4,RELATED
OS configuration,PC Setup,RELATED,skillmap_close,train,0.0,1.0,0.0,4,RELATED
PC Setup,OS configuration,RELATED,skillmap_close,train,0.5,0.5,0.0,4,RELATED
Mobile QA automation,Network Automation,DIFFERENT,skillmap_overlap,train,0.0,0.0,1.0,4,NOT
Network Automation,Mobile QA automation,DIFFERENT,skillmap_overlap,train,0.0,0.0,1.0,4,NOT
System training,User Training,SAME,skillmap_close,test,0.75,0.25,0.0,4,SATISFIES
User Training,System training,SAME,skillmap_close,test,0.75,0.25,0.0,4,SATISFIES
LAN Administration,LAN/WAN support,NARROWER,skillmap_close,train,0.75,0.25,0.0,4,SATISFIES
LAN/WAN support,LAN Administration,BROADER,skillmap_close,train,0.0,1.0,0.0,4,RELATED
Network documentation,System Documentation,NARROWER,skillmap_overlap,train,1.0,0.0,0.0,4,SATISFIES
System Documentation,Network documentation,BROADER,skillmap_overlap,train,0.0,1.0,0.0,4,RELATED
Test Framework Development,Testing and Deployment,NARROWER,skillmap_close,train,0.75,0.25,0.0,4,SATISFIES
Testing and Deployment,Test Framework Development,BROADER,skillmap_close,train,0.0,1.0,0.0,4,RELATED
SAP ABAP,SAP Training,RELATED,skillmap_close,test,0.0,0.5,0.5,4,RELATED
SAP Training,SAP ABAP,RELATED,skillmap_close,test,0.0,0.5,0.5,4,RELATED
Oracle PL/SQL,Oracle RAC,DIFFERENT,skillmap_close,train,0.0,0.0,1.0,4,NOT
Oracle RAC,Oracle PL/SQL,DIFFERENT,skillmap_close,train,0.0,0.0,1.0,4,NOT
Microsoft Teams Integration,Microsoft Outlook,DIFFERENT,skillmap_overlap,train,0.0,0.25,0.75,4,NOT
Microsoft Outlook,Microsoft Teams Integration,DIFFERENT,skillmap_overlap,train,0.0,0.25,0.75,4,NOT
Issue Tracking,SOAR playbook development,DIFFERENT,skillmap_far,train,0.0,0.0,1.0,4,NOT
SOAR playbook development,Issue Tracking,DIFFERENT,skillmap_far,train,0.0,0.0,1.0,4,NOT
SAP Fiori,SAP PM,DIFFERENT,skillmap_close,train,0.0,0.0,1.0,4,NOT
SAP PM,SAP Fiori,DIFFERENT,skillmap_close,train,0.0,0.0,1.0,4,NOT
SAP Integration,SAP SD,RELATED,skillmap_close,train,0.0,0.5,0.5,4,RELATED
SAP SD,SAP Integration,RELATED,skillmap_close,train,0.0,0.5,0.5,4,RELATED
Agile Scrum,Search relevance evaluation,DIFFERENT,skillmap_far,train,0.0,0.0,1.0,4,NOT
Search relevance evaluation,Agile Scrum,DIFFERENT,skillmap_far,train,0.0,0.0,1.0,4,NOT
Git Version Control,IBM AS400,DIFFERENT,skillmap_far,train,0.0,0.0,1.0,4,NOT
IBM AS400,Git Version Control,DIFFERENT,skillmap_far,train,0.0,0.0,1.0,4,NOT
Payment Processing,Retail Payments,BROADER,skillmap_close,val,0.25,0.75,0.0,4,RELATED
Retail Payments,Payment Processing,NARROWER,skillmap_close,val,0.75,0.25,0.0,4,SATISFIES
Adobe InDesign,Adobe Photoshop,RELATED,skillmap_overlap,test,0.0,0.75,0.25,4,RELATED
Adobe Photoshop,Adobe InDesign,RELATED,skillmap_overlap,test,0.0,0.75,0.25,4,RELATED
Advanced Process Control,IT Operations Support,DIFFERENT,skillmap_far,train,0.0,0.0,1.0,4,NOT
IT Operations Support,Advanced Process Control,DIFFERENT,skillmap_far,train,0.0,0.0,1.0,4,NOT
Sales Strategy,Technology Strategy,DIFFERENT,skillmap_overlap,train,0.0,0.0,1.0,4,NOT
Technology Strategy,Sales Strategy,DIFFERENT,skillmap_overlap,train,0.0,0.0,1.0,4,NOT
Business Process Design,Process Mapping,BROADER,skillmap_close,train,0.5,0.5,0.0,4,RELATED
Process Mapping,Business Process Design,NARROWER,skillmap_close,train,0.75,0.25,0.0,4,SATISFIES
Business Process Management,Manufacturing processes,DIFFERENT,skillmap_close,train,0.5,0.0,0.5,4,NOT
Manufacturing processes,Business Process Management,BROADER,skillmap_close,train,0.0,0.5,0.5,4,RELATED
ITIL certification,ITIL Foundation,BROADER,skillmap_close,train,0.0,1.0,0.0,4,RELATED
ITIL Foundation,ITIL certification,NARROWER,skillmap_close,train,1.0,0.0,0.0,4,SATISFIES
Pre-sales support,Production Support,RELATED,skillmap_overlap,train,0.0,0.5,0.5,4,RELATED
Production Support,Pre-sales support,RELATED,skillmap_overlap,train,0.0,0.5,0.5,4,RELATED
Backend Integration,Node.js Backend,BROADER,skillmap_overlap,train,0.0,1.0,0.0,4,RELATED
Node.js Backend,Backend Integration,NARROWER,skillmap_overlap,train,0.75,0.25,0.0,4,SATISFIES
Retail Domain Knowledge,SQL Query Optimization,DIFFERENT,skillmap_far,test,0.0,0.0,1.0,4,NOT
SQL Query Optimization,Retail Domain Knowledge,DIFFERENT,skillmap_far,test,0.0,0.0,1.0,4,NOT
Infrastructure Design,IT Infrastructure Management,RELATED,skillmap_close,test,0.25,0.75,0.0,4,RELATED
IT Infrastructure Management,Infrastructure Design,RELATED,skillmap_close,test,0.0,1.0,0.0,4,RELATED
SAP Integration,SAP MDG,RELATED,skillmap_close,train,0.0,1.0,0.0,4,RELATED
SAP MDG,SAP Integration,RELATED,skillmap_close,train,0.25,0.75,0.0,4,RELATED
App Store Deployment,Cloud Deployment,RELATED,skillmap_close,train,0.25,0.5,0.25,4,RELATED
Cloud Deployment,App Store Deployment,RELATED,skillmap_close,train,0.0,0.75,0.25,4,RELATED
Data Lake,Delta Lake,BROADER,skillmap_overlap,train,0.0,1.0,0.0,4,RELATED
Delta Lake,Data Lake,NARROWER,skillmap_overlap,train,1.0,0.0,0.0,4,SATISFIES
IT fundamentals,IT infrastructure integration,BROADER,skillmap_overlap,train,0.25,0.75,0.0,4,RELATED
IT infrastructure integration,IT fundamentals,NARROWER,skillmap_overlap,train,0.75,0.25,0.0,4,SATISFIES
AutoCAD,CAD Modeling,NARROWER,skillmap_close,train,1.0,0.0,0.0,4,SATISFIES
CAD Modeling,AutoCAD,BROADER,skillmap_close,train,0.0,1.0,0.0,4,RELATED
Data Reporting,Report Generation,NARROWER,skillmap_close,train,1.0,0.0,0.0,4,SATISFIES
Report Generation,Data Reporting,BROADER,skillmap_close,train,0.5,0.5,0.0,4,RELATED
macOS troubleshooting,OS Troubleshooting,NARROWER,skillmap_overlap,train,0.75,0.25,0.0,4,SATISFIES
OS Troubleshooting,macOS troubleshooting,BROADER,skillmap_overlap,train,0.25,0.75,0.0,4,RELATED
CRM Integration,CRM systems,NARROWER,skillmap_overlap,train,1.0,0.0,0.0,4,SATISFIES
CRM systems,CRM Integration,BROADER,skillmap_overlap,train,0.0,1.0,0.0,4,RELATED
Azure Administration,Azure Monitor,BROADER,skillmap_close,train,0.0,1.0,0.0,4,RELATED
Azure Monitor,Azure Administration,NARROWER,skillmap_close,train,0.75,0.25,0.0,4,SATISFIES
BGP routing,Routing and Switching,NARROWER,skillmap_close,train,1.0,0.0,0.0,4,SATISFIES
Routing and Switching,BGP routing,BROADER,skillmap_close,train,0.0,1.0,0.0,4,RELATED
OS Installation,OS Troubleshooting,RELATED,skillmap_close,train,0.0,0.75,0.25,4,RELATED
OS Troubleshooting,OS Installation,RELATED,skillmap_close,train,0.0,0.75,0.25,4,RELATED
Customer Support,ERP Support,BROADER,skillmap_overlap,train,0.0,1.0,0.0,4,RELATED
ERP Support,Customer Support,NARROWER,skillmap_overlap,train,0.75,0.25,0.0,4,SATISFIES
Sales Support,Solution Selling,RELATED,skillmap_close,train,0.0,1.0,0.0,4,RELATED
Solution Selling,Sales Support,RELATED,skillmap_close,train,0.0,1.0,0.0,4,RELATED
Test Execution,Web Application Testing,BROADER,skillmap_close,train,0.0,1.0,0.0,4,RELATED
Web Application Testing,Test Execution,NARROWER,skillmap_close,train,1.0,0.0,0.0,4,SATISFIES
SAP Data Services,SAP Project Systems,DIFFERENT,skillmap_close,val,0.0,0.25,0.75,4,NOT
SAP Project Systems,SAP Data Services,DIFFERENT,skillmap_close,val,0.0,0.25,0.75,4,NOT
ServiceNow,Web Services,DIFFERENT,skillmap_close,train,0.25,0.25,0.5,4,NOT
Web Services,ServiceNow,DIFFERENT,skillmap_close,train,0.0,0.5,0.5,4,NOT
Code documentation,Code maintenance,RELATED,skillmap_close,test,0.25,0.5,0.25,4,RELATED
Code maintenance,Code documentation,RELATED,skillmap_close,test,0.0,0.75,0.25,4,RELATED
Pipeline Management,RAG Pipelines,BROADER,skillmap_close,train,0.0,1.0,0.0,4,RELATED
RAG Pipelines,Pipeline Management,NARROWER,skillmap_close,train,0.75,0.25,0.0,4,SATISFIES
ALV Reporting,Business Reporting,NARROWER,skillmap_overlap,train,1.0,0.0,0.0,4,SATISFIES
Business Reporting,ALV Reporting,BROADER,skillmap_overlap,train,0.0,1.0,0.0,4,RELATED
IT Technical Support,Technical Leadership,DIFFERENT,skillmap_overlap,train,0.0,0.25,0.75,4,NOT
Technical Leadership,IT Technical Support,DIFFERENT,skillmap_overlap,train,0.0,0.25,0.75,4,NOT
Cybersecurity Awareness,Cybersecurity Strategy,BROADER,skillmap_overlap,test,0.0,0.5,0.5,4,RELATED
Cybersecurity Strategy,Cybersecurity Awareness,DIFFERENT,skillmap_overlap,test,0.5,0.0,0.5,4,NOT
Salesforce.com,Salesforce Sales Cloud,BROADER,skillmap_overlap,val,0.0,1.0,0.0,4,RELATED
Salesforce Sales Cloud,Salesforce.com,NARROWER,skillmap_overlap,val,1.0,0.0,0.0,4,SATISFIES
Computer System Validation,Computer Vision,DIFFERENT,skillmap_overlap,train,0.0,0.0,1.0,4,NOT
Computer Vision,Computer System Validation,DIFFERENT,skillmap_overlap,train,0.0,0.0,1.0,4,NOT
Security Controls Design,Software security,NARROWER,skillmap_close,train,1.0,0.0,0.0,4,SATISFIES
Software security,Security Controls Design,BROADER,skillmap_close,train,0.0,1.0,0.0,4,RELATED
Model Deployment,Server Deployment,DIFFERENT,skillmap_close,val,0.25,0.25,0.5,4,NOT
Server Deployment,Model Deployment,DIFFERENT,skillmap_close,val,0.0,0.5,0.5,4,NOT
Data Migration,Data Pipeline Design,RELATED,skillmap_overlap,train,0.0,1.0,0.0,4,RELATED
Data Pipeline Design,Data Migration,RELATED,skillmap_overlap,train,0.25,0.75,0.0,4,RELATED
Business Architecture,Business Automation,RELATED,skillmap_overlap,train,0.25,0.5,0.25,4,RELATED
Business Automation,Business Architecture,RELATED,skillmap_overlap,train,0.0,0.75,0.25,4,RELATED
Data Governance,Information Security Governance,RELATED,skillmap_overlap,train,0.0,0.75,0.25,4,RELATED
Information Security Governance,Data Governance,RELATED,skillmap_overlap,train,0.0,0.75,0.25,4,RELATED
MES implementation,MES troubleshooting,RELATED,skillmap_overlap,train,0.0,0.75,0.25,4,RELATED
MES troubleshooting,MES implementation,RELATED,skillmap_overlap,train,0.0,0.75,0.25,4,RELATED
Documentation Standards,Functional Documentation,RELATED,skillmap_overlap,train,0.0,1.0,0.0,4,RELATED
Functional Documentation,Documentation Standards,RELATED,skillmap_overlap,train,0.5,0.5,0.0,4,RELATED
Proposal Development,Proposal Writing,SAME,skillmap_overlap,train,1.0,0.0,0.0,4,SATISFIES
Proposal Writing,Proposal Development,SAME,skillmap_overlap,train,0.75,0.25,0.0,4,SATISFIES
Procurement Coordination,Vendor Negotiation,RELATED,skillmap_close,val,0.25,0.5,0.25,4,RELATED
Vendor Negotiation,Procurement Coordination,RELATED,skillmap_close,val,0.0,0.75,0.25,4,RELATED
Adobe Creative Cloud,Adobe Creative Suite,SAME,skillmap_close,train,1.0,0.0,0.0,4,SATISFIES
Adobe Creative Suite,Adobe Creative Cloud,SAME,skillmap_close,train,1.0,0.0,0.0,4,SATISFIES
Cross-Platform Development,Digital Platform Management,RELATED,skillmap_overlap,test,0.0,0.5,0.5,4,RELATED
Digital Platform Management,Cross-Platform Development,RELATED,skillmap_overlap,test,0.0,0.5,0.5,4,RELATED
Audit reporting,Business Intelligence Reporting,RELATED,skillmap_close,train,0.0,0.75,0.25,4,RELATED
Business Intelligence Reporting,Audit reporting,RELATED,skillmap_close,train,0.0,0.75,0.25,4,RELATED
Excel Services,Financial Services,DIFFERENT,skillmap_overlap,train,0.0,0.0,1.0,4,NOT
Financial Services,Excel Services,DIFFERENT,skillmap_overlap,train,0.0,0.0,1.0,4,NOT
MPLS networking,Wireless Networking,RELATED,skillmap_overlap,train,0.0,0.5,0.5,4,RELATED
Wireless Networking,MPLS networking,RELATED,skillmap_overlap,train,0.0,0.5,0.5,4,RELATED
Code maintenance,Website Maintenance,BROADER,skillmap_close,train,0.0,0.75,0.25,4,RELATED
Website Maintenance,Code maintenance,NARROWER,skillmap_close,train,0.5,0.25,0.25,4,SATISFIES
ERP Customization,Theme Customization,RELATED,skillmap_overlap,train,0.0,0.5,0.5,4,RELATED
Theme Customization,ERP Customization,RELATED,skillmap_overlap,train,0.0,0.5,0.5,4,RELATED
Consulting Services,Functional Consulting,BROADER,skillmap_overlap,train,0.25,0.75,0.0,4,RELATED
Functional Consulting,Consulting Services,NARROWER,skillmap_overlap,train,0.75,0.25,0.0,4,SATISFIES
Alteryx,Audit Management,RELATED,skillmap_far,train,0.0,0.5,0.5,4,RELATED
Audit Management,Alteryx,RELATED,skillmap_far,train,0.0,0.5,0.5,4,RELATED
Business Blueprinting,Business Documentation,RELATED,skillmap_close,train,0.25,0.75,0.0,4,RELATED
Business Documentation,Business Blueprinting,RELATED,skillmap_close,train,0.0,1.0,0.0,4,RELATED
Cross-functional Leadership,Functional Specification,DIFFERENT,skillmap_overlap,train,0.0,0.0,1.0,4,NOT
Functional Specification,Cross-functional Leadership,DIFFERENT,skillmap_overlap,train,0.0,0.0,1.0,4,NOT
Security Compliance,Security Patching,RELATED,skillmap_close,test,0.0,0.75,0.25,4,RELATED
Security Patching,Security Compliance,RELATED,skillmap_close,test,0.25,0.5,0.25,4,RELATED
MES troubleshooting,MS Project,DIFFERENT,skillmap_far,train,0.0,0.0,1.0,4,NOT
MS Project,MES troubleshooting,DIFFERENT,skillmap_far,train,0.0,0.0,1.0,4,NOT
LAN/WAN support,Linux OS support,DIFFERENT,skillmap_overlap,val,0.0,0.25,0.75,4,NOT
Linux OS support,LAN/WAN support,DIFFERENT,skillmap_overlap,val,0.0,0.25,0.75,4,NOT
Strategic Planning,UAT Planning,BROADER,skillmap_overlap,test,0.0,0.75,0.25,4,RELATED
UAT Planning,Strategic Planning,NARROWER,skillmap_overlap,test,0.5,0.25,0.25,4,SATISFIES
Big Data Analytics,Web Analytics,RELATED,skillmap_close,train,0.0,1.0,0.0,4,RELATED
Web Analytics,Big Data Analytics,RELATED,skillmap_close,train,0.5,0.5,0.0,4,RELATED
ERP Customization,SAP Customization,BROADER,skillmap_close,train,0.25,0.75,0.0,4,RELATED
SAP Customization,ERP Customization,NARROWER,skillmap_close,train,0.75,0.25,0.0,4,SATISFIES
Security Hardening,Security Patch Management,RELATED,skillmap_close,train,0.25,0.75,0.0,4,RELATED
Security Patch Management,Security Hardening,RELATED,skillmap_close,train,0.25,0.75,0.0,4,RELATED
QA Testing,Test Case Development,BROADER,skillmap_close,train,0.25,0.75,0.0,4,RELATED
Test Case Development,QA Testing,NARROWER,skillmap_close,train,0.75,0.25,0.0,4,SATISFIES
Shift Operations,Shift Support,RELATED,skillmap_close,train,0.5,0.5,0.0,4,RELATED
Shift Support,Shift Operations,RELATED,skillmap_close,train,0.5,0.5,0.0,4,RELATED
Team Coordination,Test Coordination,BROADER,skillmap_overlap,train,0.25,0.75,0.0,4,RELATED
Test Coordination,Team Coordination,NARROWER,skillmap_overlap,train,0.75,0.25,0.0,4,SATISFIES
Business Process Optimization,Workflow optimization,SAME,skillmap_close,val,0.75,0.25,0.0,4,SATISFIES
Workflow optimization,Business Process Optimization,SAME,skillmap_close,val,0.75,0.25,0.0,4,SATISFIES
HP-UX Administration,UI/UX development,DIFFERENT,skillmap_overlap,train,0.0,0.0,1.0,4,NOT
UI/UX development,HP-UX Administration,DIFFERENT,skillmap_overlap,train,0.0,0.0,1.0,4,NOT
Data Strategy,Data Structures,DIFFERENT,skillmap_close,val,0.0,0.0,1.0,4,NOT
Data Structures,Data Strategy,DIFFERENT,skillmap_close,val,0.0,0.0,1.0,4,NOT
Web Server Administration,Windows Server 2012,RELATED,skillmap_overlap,train,0.0,1.0,0.0,4,RELATED
Windows Server 2012,Web Server Administration,RELATED,skillmap_overlap,train,0.0,1.0,0.0,4,RELATED
Windows,Windows 10/11,BROADER,skillmap_close,train,0.0,1.0,0.0,4,RELATED
Windows 10/11,Windows,NARROWER,skillmap_close,train,1.0,0.0,0.0,4,SATISFIES
Cisco ACI,Cisco networking,NARROWER,skillmap_close,train,0.75,0.25,0.0,4,SATISFIES
Cisco networking,Cisco ACI,BROADER,skillmap_close,train,0.25,0.75,0.0,4,RELATED
Budget Control,IT Budget Management,BROADER,skillmap_close,train,0.25,0.75,0.0,4,RELATED
IT Budget Management,Budget Control,NARROWER,skillmap_close,train,0.75,0.25,0.0,4,SATISFIES
Issue Troubleshooting,IT Troubleshooting,NARROWER,skillmap_overlap,train,0.75,0.25,0.0,4,SATISFIES
IT Troubleshooting,Issue Troubleshooting,BROADER,skillmap_overlap,train,0.5,0.5,0.0,4,RELATED
ITIL Foundation,ITIL Incident Management,BROADER,skillmap_close,train,0.0,1.0,0.0,4,RELATED
ITIL Incident Management,ITIL Foundation,NARROWER,skillmap_close,train,1.0,0.0,0.0,4,SATISFIES
Financial Management,Financial Reconciliation,BROADER,skillmap_overlap,train,0.25,0.75,0.0,4,RELATED
Financial Reconciliation,Financial Management,NARROWER,skillmap_overlap,train,0.75,0.25,0.0,4,SATISFIES
Project Coordination,RMA Coordination,BROADER,skillmap_overlap,train,0.0,0.75,0.25,4,RELATED
RMA Coordination,Project Coordination,NARROWER,skillmap_overlap,train,0.75,0.0,0.25,4,SATISFIES
Huawei Cloud,Huawei switching,DIFFERENT,skillmap_overlap,val,0.0,0.0,1.0,4,NOT
Huawei switching,Huawei Cloud,DIFFERENT,skillmap_overlap,val,0.0,0.0,1.0,4,NOT
SAP ABAP,SAP Configuration,RELATED,skillmap_close,test,0.0,0.5,0.5,4,RELATED
SAP Configuration,SAP ABAP,RELATED,skillmap_close,test,0.0,0.5,0.5,4,RELATED
Network Design,System Design,NARROWER,skillmap_close,train,0.5,0.5,0.0,4,SATISFIES
System Design,Network Design,BROADER,skillmap_close,train,0.25,0.75,0.0,4,RELATED
Database development,SQL Database Management,RELATED,skillmap_close,train,0.0,1.0,0.0,4,RELATED
SQL Database Management,Database development,RELATED,skillmap_close,train,0.0,1.0,0.0,4,RELATED
KPI Reporting,PowerBI reporting,RELATED,skillmap_overlap,test,0.0,1.0,0.0,4,RELATED
PowerBI reporting,KPI Reporting,RELATED,skillmap_overlap,test,0.5,0.5,0.0,4,RELATED
POS Management,POS Systems,RELATED,skillmap_close,train,0.5,0.5,0.0,4,RELATED
POS Systems,POS Management,RELATED,skillmap_close,train,0.25,0.75,0.0,4,RELATED
SAP Fiori,SAP QM,DIFFERENT,skillmap_close,train,0.0,0.25,0.75,4,NOT
SAP QM,SAP Fiori,DIFFERENT,skillmap_close,train,0.0,0.25,0.75,4,NOT
IT Audit,SOC2 Auditing,BROADER,skillmap_close,val,0.0,1.0,0.0,4,RELATED
SOC2 Auditing,IT Audit,NARROWER,skillmap_close,val,1.0,0.0,0.0,4,SATISFIES
Microsoft 365 Exchange,Dynamics 365 Business Central,DIFFERENT,skillmap_overlap,val,0.0,0.0,1.0,4,NOT
Dynamics 365 Business Central,Microsoft 365 Exchange,DIFFERENT,skillmap_overlap,val,0.0,0.0,1.0,4,NOT
J2EE,Java 2 Platform Enterprise Edition,SAME,skillmap_abbrev,train,1.0,0.0,0.0,4,SATISFIES
Java 2 Platform Enterprise Edition,J2EE,SAME,skillmap_abbrev,train,1.0,0.0,0.0,4,SATISFIES
Cybersecurity,Web Security,BROADER,skillmap_close,train,0.25,0.75,0.0,4,RELATED
Web Security,Cybersecurity,NARROWER,skillmap_close,train,0.75,0.25,0.0,4,SATISFIES
Access Control,User Access Control,BROADER,skillmap_close,val,0.25,0.75,0.0,4,RELATED
User Access Control,Access Control,NARROWER,skillmap_close,val,1.0,0.0,0.0,4,SATISFIES
Unix Administration,Unix scripting,RELATED,skillmap_overlap,train,0.5,0.5,0.0,4,RELATED
Unix scripting,Unix Administration,RELATED,skillmap_overlap,train,0.0,1.0,0.0,4,RELATED
End-User Training,IT Training Delivery,SAME,skillmap_close,train,0.75,0.25,0.0,4,SATISFIES
IT Training Delivery,End-User Training,SAME,skillmap_close,train,0.75,0.25,0.0,4,SATISFIES
Access Management,User Access Control,SAME,skillmap_close,train,0.75,0.25,0.0,4,SATISFIES
User Access Control,Access Management,SAME,skillmap_close,train,0.75,0.25,0.0,4,SATISFIES
Payroll Software,Payroll System Integration,BROADER,skillmap_close,train,0.0,1.0,0.0,4,RELATED
Payroll System Integration,Payroll Software,NARROWER,skillmap_close,train,0.75,0.25,0.0,4,SATISFIES
Microsoft 365 Exchange,Office 365 administration,BROADER,skillmap_close,val,0.5,0.5,0.0,4,RELATED
Office 365 administration,Microsoft 365 Exchange,BROADER,skillmap_close,val,0.5,0.5,0.0,4,RELATED
Business Requirements Documentation,Documentation Standards,RELATED,skillmap_close,train,0.0,1.0,0.0,4,RELATED
Documentation Standards,Business Requirements Documentation,RELATED,skillmap_close,train,0.25,0.75,0.0,4,RELATED
SWOT Analysis,User Feedback Analysis,RELATED,skillmap_overlap,train,0.0,0.5,0.5,4,RELATED
User Feedback Analysis,SWOT Analysis,RELATED,skillmap_overlap,train,0.0,0.5,0.5,4,RELATED
Hardware debugging,PC Troubleshooting,NARROWER,skillmap_close,train,0.75,0.25,0.0,4,SATISFIES
PC Troubleshooting,Hardware debugging,BROADER,skillmap_close,train,0.25,0.75,0.0,4,RELATED
Software Documentation,Technical Design Documentation,BROADER,skillmap_close,train,0.25,0.75,0.0,4,RELATED
Technical Design Documentation,Software Documentation,NARROWER,skillmap_close,train,0.5,0.5,0.0,4,SATISFIES
Business Reporting,Report Customization,RELATED,skillmap_close,train,0.25,0.75,0.0,4,RELATED
Report Customization,Business Reporting,RELATED,skillmap_close,train,0.25,0.75,0.0,4,RELATED
WANs,wide area networks,SAME,skillmap_abbrev,train,1.0,0.0,0.0,4,SATISFIES
wide area networks,WANs,SAME,skillmap_abbrev,train,1.0,0.0,0.0,4,SATISFIES
Data Visualization,Tableau Visualization,BROADER,skillmap_close,train,0.0,1.0,0.0,4,RELATED
Tableau Visualization,Data Visualization,NARROWER,skillmap_close,train,1.0,0.0,0.0,4,SATISFIES
Azure OpenAI,OpenAPI,DIFFERENT,skillmap_close,train,0.0,0.0,1.0,4,NOT
OpenAPI,Azure OpenAI,DIFFERENT,skillmap_close,train,0.0,0.0,1.0,4,NOT
24x7 Support,Customer Support,NARROWER,skillmap_overlap,train,1.0,0.0,0.0,4,SATISFIES
Customer Support,24x7 Support,BROADER,skillmap_overlap,train,0.0,1.0,0.0,4,RELATED
JavaScript Scripting,Linux Scripting,DIFFERENT,skillmap_close,train,0.0,0.25,0.75,4,NOT
Linux Scripting,JavaScript Scripting,DIFFERENT,skillmap_close,train,0.0,0.25,0.75,4,NOT
ITIL Processes,ITIL Service Management,SAME,skillmap_close,test,0.75,0.25,0.0,4,SATISFIES
ITIL Service Management,ITIL Processes,SAME,skillmap_close,test,0.75,0.25,0.0,4,SATISFIES
Microsoft Power Platform,Power Apps,BROADER,skillmap_overlap,train,0.25,0.75,0.0,4,RELATED
Power Apps,Microsoft Power Platform,NARROWER,skillmap_overlap,train,0.75,0.25,0.0,4,SATISFIES
AWS networking,Huawei Networking,RELATED,skillmap_overlap,train,0.0,1.0,0.0,4,RELATED
Huawei Networking,AWS networking,RELATED,skillmap_overlap,train,0.0,1.0,0.0,4,RELATED
Linux Administration,macOS Administration,RELATED,skillmap_close,train,0.0,0.75,0.25,4,RELATED
macOS Administration,Linux Administration,RELATED,skillmap_close,train,0.0,0.75,0.25,4,RELATED
Aruba Wireless,Wireless LAN,NARROWER,skillmap_overlap,train,1.0,0.0,0.0,4,SATISFIES
Wireless LAN,Aruba Wireless,BROADER,skillmap_overlap,train,0.0,1.0,0.0,4,RELATED
SD-WAN troubleshooting,Technical Troubleshooting,NARROWER,skillmap_overlap,train,1.0,0.0,0.0,4,SATISFIES
Technical Troubleshooting,SD-WAN troubleshooting,BROADER,skillmap_overlap,train,0.0,1.0,0.0,4,RELATED
Server Troubleshooting,WebLogic Server,BROADER,skillmap_overlap,test,0.25,0.75,0.0,4,RELATED
WebLogic Server,Server Troubleshooting,NARROWER,skillmap_overlap,test,0.5,0.5,0.0,4,SATISFIES
Test Case Development,Testing and debugging,NARROWER,skillmap_close,val,0.75,0.25,0.0,4,SATISFIES
Testing and debugging,Test Case Development,BROADER,skillmap_close,val,0.25,0.75,0.0,4,RELATED
Windows 10/11,Windows Imaging,RELATED,skillmap_overlap,train,0.0,0.75,0.25,4,RELATED
Windows Imaging,Windows 10/11,RELATED,skillmap_overlap,train,0.25,0.5,0.25,4,RELATED
AD,Active Directory,SAME,skillmap_abbrev,val,1.0,0.0,0.0,4,SATISFIES
Active Directory,AD,SAME,skillmap_abbrev,val,1.0,0.0,0.0,4,SATISFIES
Incident Investigation,Incident Review,RELATED,skillmap_close,train,0.5,0.5,0.0,4,RELATED
Incident Review,Incident Investigation,RELATED,skillmap_close,train,0.0,1.0,0.0,4,RELATED
Cloud Technologies,Google Cloud Platform,BROADER,skillmap_overlap,train,0.0,1.0,0.0,4,RELATED
Google Cloud Platform,Cloud Technologies,NARROWER,skillmap_overlap,train,1.0,0.0,0.0,4,SATISFIES
IoT Integration,IT infrastructure integration,RELATED,skillmap_close,train,0.5,0.5,0.0,4,RELATED
IT infrastructure integration,IoT Integration,RELATED,skillmap_close,train,0.0,1.0,0.0,4,RELATED
Laravel,PHP Laravel,SAME,skillmap_overlap,train,0.75,0.25,0.0,4,SATISFIES
PHP Laravel,Laravel,SAME,skillmap_overlap,train,1.0,0.0,0.0,4,SATISFIES
Account Planning,Account Reconciliation,RELATED,skillmap_overlap,train,0.0,0.5,0.5,4,RELATED
Account Reconciliation,Account Planning,RELATED,skillmap_overlap,train,0.0,0.5,0.5,4,RELATED
Operating Systems,Unix,BROADER,skillmap_close,val,0.0,1.0,0.0,4,RELATED
Unix,Operating Systems,NARROWER,skillmap_close,val,1.0,0.0,0.0,4,SATISFIES
Power BI Service,Service Delivery Management,DIFFERENT,skillmap_overlap,train,0.0,0.0,1.0,4,NOT
Service Delivery Management,Power BI Service,DIFFERENT,skillmap_overlap,train,0.0,0.0,1.0,4,NOT
Cloud services,Service Management,RELATED,skillmap_close,train,0.0,0.5,0.5,4,RELATED
Service Management,Cloud services,RELATED,skillmap_close,train,0.0,0.5,0.5,4,RELATED
Go-to-Market Strategy,Information Security Management,DIFFERENT,skillmap_far,train,0.0,0.0,1.0,4,NOT
Information Security Management,Go-to-Market Strategy,DIFFERENT,skillmap_far,train,0.0,0.0,1.0,4,NOT
Test Framework Development,UIKit framework,DIFFERENT,skillmap_overlap,train,0.0,0.0,1.0,4,NOT
UIKit framework,Test Framework Development,DIFFERENT,skillmap_overlap,train,0.0,0.0,1.0,4,NOT
Cloud Development,Public Cloud,RELATED,skillmap_close,train,0.5,0.5,0.0,4,RELATED
Public Cloud,Cloud Development,RELATED,skillmap_close,train,0.0,1.0,0.0,4,RELATED
LAN/WAN Management,Network Operations,NARROWER,skillmap_close,train,0.75,0.25,0.0,4,SATISFIES
Network Operations,LAN/WAN Management,BROADER,skillmap_close,train,0.0,1.0,0.0,4,RELATED
Process Mapping,Process Modeling,SAME,skillmap_overlap,train,0.75,0.25,0.0,4,SATISFIES
Process Modeling,Process Mapping,SAME,skillmap_overlap,train,0.75,0.25,0.0,4,SATISFIES
IT Operations Management,Operations Management,NARROWER,skillmap_close,train,1.0,0.0,0.0,4,SATISFIES
Operations Management,IT Operations Management,BROADER,skillmap_close,train,0.0,1.0,0.0,4,RELATED
Automation Scripting,Office Automation,RELATED,skillmap_close,train,0.25,0.75,0.0,4,RELATED
Office Automation,Automation Scripting,RELATED,skillmap_close,train,0.0,1.0,0.0,4,RELATED
Test Case Design,Test Coordination,RELATED,skillmap_close,train,0.0,0.75,0.25,4,RELATED
Test Coordination,Test Case Design,RELATED,skillmap_close,train,0.0,0.75,0.25,4,RELATED
Microsoft Hyper-V,Virtual Machines,NARROWER,skillmap_close,train,1.0,0.0,0.0,4,SATISFIES
Virtual Machines,Microsoft Hyper-V,BROADER,skillmap_close,train,0.0,1.0,0.0,4,RELATED
Data Analytics,Uniapp,DIFFERENT,skillmap_far,train,0.0,0.0,1.0,4,NOT
Uniapp,Data Analytics,DIFFERENT,skillmap_far,train,0.0,0.0,1.0,4,NOT
System Administration,Web Server Administration,BROADER,skillmap_close,train,0.25,0.75,0.0,4,RELATED
Web Server Administration,System Administration,NARROWER,skillmap_close,train,0.75,0.25,0.0,4,SATISFIES
English Mandarin,Japanese Language,DIFFERENT,skillmap_close,train,0.0,0.0,1.0,4,NOT
Japanese Language,English Mandarin,DIFFERENT,skillmap_close,train,0.0,0.0,1.0,4,NOT
Hardware Deployment,Production Deployment,RELATED,skillmap_close,train,0.0,0.5,0.5,4,RELATED
Production Deployment,Hardware Deployment,RELATED,skillmap_close,train,0.0,0.5,0.5,4,RELATED
IT Support,IT Troubleshooting,NARROWER,skillmap_overlap,train,0.75,0.25,0.0,4,SATISFIES
IT Troubleshooting,IT Support,BROADER,skillmap_overlap,train,0.5,0.5,0.0,4,RELATED
Cybersecurity Practices,Security policy enforcement,BROADER,skillmap_close,test,0.25,0.75,0.0,4,RELATED
Security policy enforcement,Cybersecurity Practices,NARROWER,skillmap_close,test,0.75,0.25,0.0,4,SATISFIES
ASP.NET,ASP.NET Core,RELATED,skillmap_overlap,train,0.0,1.0,0.0,4,RELATED
ASP.NET Core,ASP.NET,RELATED,skillmap_overlap,train,0.5,0.5,0.0,4,RELATED
Budget Management,IT Budget Management,BROADER,skillmap_close,train,0.25,0.75,0.0,4,RELATED
IT Budget Management,Budget Management,NARROWER,skillmap_close,train,0.75,0.25,0.0,4,SATISFIES
SQL Querying,T-SQL,BROADER,skillmap_close,test,0.0,1.0,0.0,4,RELATED
T-SQL,SQL Querying,NARROWER,skillmap_close,test,1.0,0.0,0.0,4,SATISFIES
GitLab CI/CD,Mobile CI/CD,RELATED,skillmap_overlap,train,0.0,1.0,0.0,4,RELATED
Mobile CI/CD,GitLab CI/CD,RELATED,skillmap_overlap,train,0.0,1.0,0.0,4,RELATED
Security Monitoring,Web Security,RELATED,skillmap_close,train,0.0,1.0,0.0,4,RELATED
Web Security,Security Monitoring,RELATED,skillmap_close,train,0.0,1.0,0.0,4,RELATED
E-commerce Analytics,eCommerce catalogue management,RELATED,skillmap_close,train,0.0,0.5,0.5,4,RELATED
eCommerce catalogue management,E-commerce Analytics,RELATED,skillmap_close,train,0.0,0.5,0.5,4,RELATED
Azure Virtual Machines,Virtual machine migration,RELATED,skillmap_close,train,0.25,0.75,0.0,4,RELATED
Virtual machine migration,Azure Virtual Machines,RELATED,skillmap_close,train,0.0,1.0,0.0,4,RELATED
Security Governance,Security Hardening,RELATED,skillmap_close,train,0.25,0.5,0.25,4,RELATED
Security Hardening,Security Governance,RELATED,skillmap_close,train,0.0,0.75,0.25,4,RELATED
Git Version Control,Source Control,NARROWER,skillmap_overlap,train,1.0,0.0,0.0,4,SATISFIES
Source Control,Git Version Control,BROADER,skillmap_overlap,train,0.0,1.0,0.0,4,RELATED
IT Service Management,Service Desk,BROADER,skillmap_overlap,train,0.25,0.75,0.0,4,RELATED
Service Desk,IT Service Management,NARROWER,skillmap_overlap,train,0.75,0.25,0.0,4,SATISFIES
Electronics troubleshooting,Server Troubleshooting,RELATED,skillmap_close,train,0.0,0.75,0.25,4,RELATED
Server Troubleshooting,Electronics troubleshooting,RELATED,skillmap_close,train,0.25,0.5,0.25,4,RELATED
BCP,Business Continuity Planning,SAME,skillmap_abbrev,val,1.0,0.0,0.0,4,SATISFIES
Business Continuity Planning,BCP,SAME,skillmap_abbrev,val,1.0,0.0,0.0,4,SATISFIES
Monitoring and Logging,Network Monitoring,BROADER,skillmap_close,train,0.25,0.75,0.0,4,RELATED
Network Monitoring,Monitoring and Logging,NARROWER,skillmap_close,train,0.75,0.25,0.0,4,SATISFIES
Android testing,Product Testing,NARROWER,skillmap_close,test,1.0,0.0,0.0,4,SATISFIES
Product Testing,Android testing,BROADER,skillmap_close,test,0.0,1.0,0.0,4,RELATED
Cloud Sales,Public Cloud,DIFFERENT,skillmap_close,train,0.0,0.0,1.0,4,NOT
Public Cloud,Cloud Sales,DIFFERENT,skillmap_close,train,0.0,0.0,1.0,4,NOT
Incident Troubleshooting,Software Troubleshooting,BROADER,skillmap_close,train,0.25,0.75,0.0,4,RELATED
Software Troubleshooting,Incident Troubleshooting,NARROWER,skillmap_close,train,0.75,0.25,0.0,4,SATISFIES
IT Technical Support,L2/L3 Support,BROADER,skillmap_overlap,train,0.0,1.0,0.0,4,RELATED
L2/L3 Support,IT Technical Support,NARROWER,skillmap_overlap,train,1.0,0.0,0.0,4,SATISFIES
Continuous Delivery,Service Delivery Management,DIFFERENT,skillmap_close,train,0.25,0.25,0.5,4,NOT
Service Delivery Management,Continuous Delivery,DIFFERENT,skillmap_close,train,0.0,0.5,0.5,4,NOT
Cloud Solutions,Spring Cloud,BROADER,skillmap_close,train,0.0,1.0,0.0,4,RELATED
Spring Cloud,Cloud Solutions,NARROWER,skillmap_close,train,1.0,0.0,0.0,4,SATISFIES
Compatibility Testing,System Integration Testing,RELATED,skillmap_close,train,0.25,0.75,0.0,4,RELATED
System Integration Testing,Compatibility Testing,RELATED,skillmap_close,train,0.0,1.0,0.0,4,RELATED
Marketing Automation,Office Automation,DIFFERENT,skillmap_close,train,0.0,0.25,0.75,4,NOT
Office Automation,Marketing Automation,DIFFERENT,skillmap_close,train,0.0,0.25,0.75,4,NOT
Installation Configuration,OS Installation,BROADER,skillmap_close,train,0.25,0.75,0.0,4,RELATED
OS Installation,Installation Configuration,NARROWER,skillmap_close,train,0.75,0.25,0.0,4,SATISFIES
Caching mechanisms,Pre-sales Engineering,DIFFERENT,skillmap_far,train,0.0,0.0,1.0,4,NOT
Pre-sales Engineering,Caching mechanisms,DIFFERENT,skillmap_far,train,0.0,0.0,1.0,4,NOT
IT Security,Mobile Security,BROADER,skillmap_close,train,0.25,0.75,0.0,4,RELATED
Mobile Security,IT Security,NARROWER,skillmap_close,train,0.75,0.25,0.0,4,SATISFIES
Client Support,ERP Support,BROADER,skillmap_overlap,train,0.0,1.0,0.0,4,RELATED
ERP Support,Client Support,NARROWER,skillmap_overlap,train,1.0,0.0,0.0,4,SATISFIES
ISO 14001,ISO 8583,DIFFERENT,skillmap_close,val,0.0,0.0,1.0,4,NOT
ISO 8583,ISO 14001,DIFFERENT,skillmap_close,val,0.0,0.0,1.0,4,NOT
App Store Publishing,Mobile App Architecture,RELATED,skillmap_overlap,test,0.0,0.5,0.5,4,RELATED
Mobile App Architecture,App Store Publishing,RELATED,skillmap_overlap,test,0.0,0.5,0.5,4,RELATED
IT infrastructure integration,IT infrastructure support,RELATED,skillmap_overlap,train,0.0,0.75,0.25,4,RELATED
IT infrastructure support,IT infrastructure integration,RELATED,skillmap_overlap,train,0.0,0.75,0.25,4,RELATED
WebSphere Application Server,Windows Server Administration,DIFFERENT,skillmap_overlap,train,0.0,0.0,1.0,4,NOT
Windows Server Administration,WebSphere Application Server,DIFFERENT,skillmap_overlap,train,0.0,0.0,1.0,4,NOT
Client Presentation Skills,Presentation Skills,NARROWER,skillmap_overlap,train,0.75,0.25,0.0,4,SATISFIES
Presentation Skills,Client Presentation Skills,BROADER,skillmap_overlap,train,0.25,0.75,0.0,4,RELATED
Network Fundamentals,Network Maintenance,BROADER,skillmap_close,train,0.25,0.75,0.0,4,RELATED
Network Maintenance,Network Fundamentals,NARROWER,skillmap_close,train,0.5,0.5,0.0,4,SATISFIES
Client Consulting,Client Presentation Skills,RELATED,skillmap_overlap,test,0.25,0.5,0.25,4,RELATED
Client Presentation Skills,Client Consulting,RELATED,skillmap_overlap,test,0.0,0.75,0.25,4,RELATED
Content Marketing,Marketing Analytics,RELATED,skillmap_close,train,0.0,1.0,0.0,4,RELATED
Marketing Analytics,Content Marketing,RELATED,skillmap_close,train,0.0,1.0,0.0,4,RELATED
Cybersecurity,NIST Cybersecurity Framework,BROADER,skillmap_close,train,0.0,1.0,0.0,4,RELATED
NIST Cybersecurity Framework,Cybersecurity,NARROWER,skillmap_close,train,1.0,0.0,0.0,4,SATISFIES
Mobile App Architecture,Mobile-First Development,RELATED,skillmap_close,train,0.0,1.0,0.0,4,RELATED
Mobile-First Development,Mobile App Architecture,RELATED,skillmap_close,train,0.0,1.0,0.0,4,RELATED
SOAP,Simple Object Access Protocol,SAME,skillmap_abbrev,train,1.0,0.0,0.0,4,SATISFIES
Simple Object Access Protocol,SOAP,SAME,skillmap_abbrev,train,1.0,0.0,0.0,4,SATISFIES
Business Requirements Documentation,Business Acumen,RELATED,skillmap_overlap,train,0.25,0.75,0.0,4,RELATED
Business Acumen,Business Requirements Documentation,RELATED,skillmap_overlap,train,0.0,1.0,0.0,4,RELATED
IT infrastructure support,Windows Support,BROADER,skillmap_close,test,0.0,1.0,0.0,4,RELATED
Windows Support,IT infrastructure support,NARROWER,skillmap_close,test,1.0,0.0,0.0,4,SATISFIES
System Support,UAT Support,BROADER,skillmap_overlap,test,0.0,1.0,0.0,4,RELATED
UAT Support,System Support,NARROWER,skillmap_overlap,test,1.0,0.0,0.0,4,SATISFIES
Test Case Design,Testing,NARROWER,skillmap_close,train,1.0,0.0,0.0,4,SATISFIES
Testing,Test Case Design,BROADER,skillmap_close,train,0.0,1.0,0.0,4,RELATED
Security Management,Security Patch Management,BROADER,skillmap_close,train,0.25,0.75,0.0,4,RELATED
Security Patch Management,Security Management,NARROWER,skillmap_close,train,0.75,0.25,0.0,4,SATISFIES
Control-M Scheduling,Mandarin Fluency,DIFFERENT,skillmap_far,train,0.0,0.0,1.0,4,NOT
Mandarin Fluency,Control-M Scheduling,DIFFERENT,skillmap_far,train,0.0,0.0,1.0,4,NOT
Database Programming,SQL Querying,RELATED,skillmap_close,train,0.5,0.5,0.0,4,RELATED
SQL Querying,Database Programming,RELATED,skillmap_close,train,0.0,1.0,0.0,4,RELATED
Network documentation,Networking,RELATED,skillmap_close,train,0.25,0.75,0.0,4,RELATED
Networking,Network documentation,RELATED,skillmap_close,train,0.0,1.0,0.0,4,RELATED
AWS CloudWatch,AWS IAM,RELATED,skillmap_close,test,0.0,0.75,0.25,4,RELATED
AWS IAM,AWS CloudWatch,RELATED,skillmap_close,test,0.0,0.75,0.25,4,RELATED
Automation Anywhere,Automation Projects,NARROWER,skillmap_close,test,1.0,0.0,0.0,4,SATISFIES
Automation Projects,Automation Anywhere,BROADER,skillmap_close,test,0.0,1.0,0.0,4,RELATED
AWS Cloud Architecture,Azure Cloud Services,RELATED,skillmap_close,train,0.0,1.0,0.0,4,RELATED
Azure Cloud Services,AWS Cloud Architecture,RELATED,skillmap_close,train,0.0,1.0,0.0,4,RELATED
PC hardware troubleshooting,Testing & Validation,DIFFERENT,skillmap_far,train,0.0,0.25,0.75,4,NOT
Testing & Validation,PC hardware troubleshooting,DIFFERENT,skillmap_far,train,0.0,0.25,0.75,4,NOT
ASP.NET Core MVC,.NET Core,NARROWER,skillmap_close,train,0.75,0.25,0.0,4,SATISFIES
.NET Core,ASP.NET Core MVC,BROADER,skillmap_close,train,0.25,0.75,0.0,4,RELATED
Information Security Management,Security Administration,NARROWER,skillmap_close,train,0.5,0.5,0.0,4,SATISFIES
Security Administration,Information Security Management,BROADER,skillmap_close,train,0.25,0.75,0.0,4,RELATED
Facilitation Skills,Workshop Facilitation,BROADER,skillmap_overlap,val,0.5,0.5,0.0,4,RELATED
Workshop Facilitation,Facilitation Skills,NARROWER,skillmap_overlap,val,0.75,0.25,0.0,4,SATISFIES
SAP BTP,SAP PS,RELATED,skillmap_close,val,0.0,0.5,0.5,4,RELATED
SAP PS,SAP BTP,RELATED,skillmap_close,val,0.0,0.5,0.5,4,RELATED
Unix/Linux administration,Windows Administration,RELATED,skillmap_close,test,0.0,0.5,0.5,4,RELATED
Windows Administration,Unix/Linux administration,RELATED,skillmap_close,test,0.0,0.5,0.5,4,RELATED
Staff Training,Training Development,RELATED,skillmap_overlap,train,0.0,1.0,0.0,4,RELATED
Training Development,Staff Training,RELATED,skillmap_overlap,train,0.0,1.0,0.0,4,RELATED
Hybrid Cloud Architecture,Travel Coordination,DIFFERENT,skillmap_far,train,0.0,0.0,1.0,4,NOT
Travel Coordination,Hybrid Cloud Architecture,DIFFERENT,skillmap_far,train,0.0,0.0,1.0,4,NOT
C programming,Database Programming,DIFFERENT,skillmap_overlap,train,0.0,0.0,1.0,4,NOT
Database Programming,C programming,DIFFERENT,skillmap_overlap,train,0.0,0.0,1.0,4,NOT
Testing and debugging,Web Testing,BROADER,skillmap_overlap,val,0.0,1.0,0.0,4,RELATED
Web Testing,Testing and debugging,NARROWER,skillmap_overlap,val,1.0,0.0,0.0,4,SATISFIES
Network Configuration,Network Programming,RELATED,skillmap_close,test,0.0,0.5,0.5,4,RELATED
Network Programming,Network Configuration,RELATED,skillmap_close,test,0.0,0.5,0.5,4,RELATED
Data Security,IT security controls,NARROWER,skillmap_close,train,1.0,0.0,0.0,4,SATISFIES
IT security controls,Data Security,BROADER,skillmap_close,train,0.0,1.0,0.0,4,RELATED
DHCP,DHCP Management,BROADER,skillmap_overlap,train,0.5,0.5,0.0,4,RELATED
DHCP Management,DHCP,NARROWER,skillmap_overlap,train,0.75,0.25,0.0,4,SATISFIES
Documentation Preparation,Technical Design Documentation,BROADER,skillmap_close,train,0.25,0.75,0.0,4,RELATED
Technical Design Documentation,Documentation Preparation,NARROWER,skillmap_close,train,0.75,0.25,0.0,4,SATISFIES
FSD,Functional Specification Document,SAME,skillmap_abbrev,train,1.0,0.0,0.0,4,SATISFIES
Functional Specification Document,FSD,SAME,skillmap_abbrev,train,1.0,0.0,0.0,4,SATISFIES
Test Planning,Test Scenario Design,RELATED,skillmap_overlap,train,0.25,0.75,0.0,4,RELATED
Test Scenario Design,Test Planning,RELATED,skillmap_overlap,train,0.25,0.75,0.0,4,RELATED
Operations Management,Product Operations,BROADER,skillmap_close,train,0.0,1.0,0.0,4,RELATED
Product Operations,Operations Management,NARROWER,skillmap_close,train,1.0,0.0,0.0,4,SATISFIES
IoT Architecture,Life Cycle Services,DIFFERENT,skillmap_far,train,0.0,0.25,0.75,4,NOT
Life Cycle Services,IoT Architecture,DIFFERENT,skillmap_far,train,0.0,0.25,0.75,4,NOT
Cross-platform mobile,Mobile Testing,RELATED,skillmap_close,train,0.0,1.0,0.0,4,RELATED
Mobile Testing,Cross-platform mobile,RELATED,skillmap_close,train,0.0,1.0,0.0,4,RELATED
SAP ERP 6.0,SLA Management,DIFFERENT,skillmap_far,train,0.0,0.0,1.0,4,NOT
SLA Management,SAP ERP 6.0,DIFFERENT,skillmap_far,train,0.0,0.0,1.0,4,NOT
AWS Athena,OBIEE,RELATED,skillmap_far,train,0.0,0.5,0.5,4,RELATED
OBIEE,AWS Athena,RELATED,skillmap_far,train,0.0,0.5,0.5,4,RELATED
Performance Monitoring,Performance Optimization,RELATED,skillmap_close,test,0.0,1.0,0.0,4,RELATED
Performance Optimization,Performance Monitoring,RELATED,skillmap_close,test,0.25,0.75,0.0,4,RELATED
Network Support,Wireless Networking,RELATED,skillmap_close,train,0.25,0.75,0.0,4,RELATED
Wireless Networking,Network Support,RELATED,skillmap_close,train,0.25,0.75,0.0,4,RELATED
Database development,Website development,DIFFERENT,skillmap_close,train,0.0,0.25,0.75,4,NOT
Website development,Database development,DIFFERENT,skillmap_close,train,0.0,0.25,0.75,4,NOT
Desktop Installation,Software Installation,NARROWER,skillmap_close,train,0.5,0.5,0.0,4,SATISFIES
Software Installation,Desktop Installation,BROADER,skillmap_close,train,0.25,0.75,0.0,4,RELATED
SAP BW,SAP ERP 6.0,RELATED,skillmap_close,val,0.0,0.5,0.5,4,RELATED
SAP ERP 6.0,SAP BW,RELATED,skillmap_close,val,0.0,0.5,0.5,4,RELATED
CCNA,Cisco Certified Network Associate,SAME,skillmap_abbrev,train,1.0,0.0,0.0,4,SATISFIES
Cisco Certified Network Associate,CCNA,SAME,skillmap_abbrev,train,1.0,0.0,0.0,4,SATISFIES
MVP Architecture,Network Security Architecture,DIFFERENT,skillmap_overlap,test,0.0,0.0,1.0,4,NOT
Network Security Architecture,MVP Architecture,DIFFERENT,skillmap_overlap,test,0.0,0.0,1.0,4,NOT
IT Service Management,Windows Services,DIFFERENT,skillmap_close,train,0.0,0.0,1.0,4,NOT
Windows Services,IT Service Management,DIFFERENT,skillmap_close,train,0.0,0.0,1.0,4,NOT
AWS RDS,AWS VPC,RELATED,skillmap_overlap,train,0.0,0.5,0.5,4,RELATED
AWS VPC,AWS RDS,RELATED,skillmap_overlap,train,0.0,0.5,0.5,4,RELATED
Remote Support,Remote Troubleshooting,SAME,skillmap_close,test,0.75,0.25,0.0,4,SATISFIES
Remote Troubleshooting,Remote Support,SAME,skillmap_close,test,0.75,0.25,0.0,4,SATISFIES
Azure Active Directory,SLA Management,DIFFERENT,skillmap_far,train,0.0,0.0,1.0,4,NOT
SLA Management,Azure Active Directory,DIFFERENT,skillmap_far,train,0.0,0.0,1.0,4,NOT
Apache,Apache Flink,BROADER,skillmap_overlap,test,0.0,0.75,0.25,4,RELATED
Apache Flink,Apache,NARROWER,skillmap_overlap,test,0.5,0.25,0.25,4,SATISFIES
SSRS Reporting,Test Reporting,RELATED,skillmap_close,train,0.0,0.5,0.5,4,RELATED
Test Reporting,SSRS Reporting,RELATED,skillmap_close,train,0.0,0.5,0.5,4,RELATED
Mandarin Language,Mandarin Fluency,BROADER,skillmap_close,train,0.5,0.5,0.0,4,RELATED
Mandarin Fluency,Mandarin Language,NARROWER,skillmap_close,train,1.0,0.0,0.0,4,SATISFIES
IBM WebSphere MQ,WebSphere,RELATED,skillmap_close,train,0.5,0.5,0.0,4,RELATED
WebSphere,IBM WebSphere MQ,RELATED,skillmap_close,train,0.0,1.0,0.0,4,RELATED
ISO 9001 Compliance,ISO Standards,NARROWER,skillmap_overlap,train,1.0,0.0,0.0,4,SATISFIES
ISO Standards,ISO 9001 Compliance,BROADER,skillmap_overlap,train,0.0,1.0,0.0,4,RELATED
Laptop troubleshooting,Technical Troubleshooting,NARROWER,skillmap_close,train,1.0,0.0,0.0,4,SATISFIES
Technical Troubleshooting,Laptop troubleshooting,BROADER,skillmap_close,train,0.0,1.0,0.0,4,RELATED
Testing and debugging,Test Management,RELATED,skillmap_close,test,0.25,0.75,0.0,4,RELATED
Test Management,Testing and debugging,RELATED,skillmap_close,test,0.0,1.0,0.0,4,RELATED
Network Packet Analysis,Wireshark analysis,BROADER,skillmap_close,train,0.25,0.75,0.0,4,RELATED
Wireshark analysis,Network Packet Analysis,NARROWER,skillmap_close,train,0.75,0.25,0.0,4,SATISFIES
Server Monitoring,SNMP monitoring,BROADER,skillmap_overlap,train,0.0,1.0,0.0,4,RELATED
SNMP monitoring,Server Monitoring,NARROWER,skillmap_overlap,train,0.75,0.25,0.0,4,SATISFIES
OSPF routing,Routing configuration,NARROWER,skillmap_overlap,train,1.0,0.0,0.0,4,SATISFIES
Routing configuration,OSPF routing,BROADER,skillmap_overlap,train,0.0,1.0,0.0,4,RELATED
Network Security,Security Monitoring,RELATED,skillmap_close,train,0.25,0.75,0.0,4,RELATED
Security Monitoring,Network Security,RELATED,skillmap_close,train,0.0,1.0,0.0,4,RELATED
CRM Integration,Firebase integration,DIFFERENT,skillmap_overlap,train,0.0,0.25,0.75,4,NOT
Firebase integration,CRM Integration,DIFFERENT,skillmap_overlap,train,0.0,0.25,0.75,4,NOT
Remote Troubleshooting,Software Troubleshooting,RELATED,skillmap_close,train,0.5,0.5,0.0,4,RELATED
Software Troubleshooting,Remote Troubleshooting,RELATED,skillmap_close,train,0.0,1.0,0.0,4,RELATED
Adobe Illustrator,Retail Payments,DIFFERENT,skillmap_far,train,0.0,0.0,1.0,4,NOT
Retail Payments,Adobe Illustrator,DIFFERENT,skillmap_far,train,0.0,0.0,1.0,4,NOT
Continuous Deployment,Deployment Automation,NARROWER,skillmap_close,test,1.0,0.0,0.0,4,SATISFIES
Deployment Automation,Continuous Deployment,BROADER,skillmap_close,test,0.0,1.0,0.0,4,RELATED
Git,Git workflow,BROADER,skillmap_overlap,train,0.25,0.75,0.0,4,RELATED
Git workflow,Git,NARROWER,skillmap_overlap,train,0.75,0.25,0.0,4,SATISFIES
SQL Reporting,Tableau Reporting,RELATED,skillmap_close,val,0.0,0.75,0.25,4,RELATED
Tableau Reporting,SQL Reporting,RELATED,skillmap_close,val,0.0,0.75,0.25,4,RELATED
Secure Coding,Security Architecture,RELATED,skillmap_close,train,0.0,0.5,0.5,4,RELATED
Security Architecture,Secure Coding,RELATED,skillmap_close,train,0.0,0.5,0.5,4,RELATED
Network Administration,User Administration,DIFFERENT,skillmap_close,train,0.0,0.25,0.75,4,NOT
User Administration,Network Administration,DIFFERENT,skillmap_close,train,0.0,0.25,0.75,4,NOT
Client Consulting,Security Consulting,BROADER,skillmap_close,test,0.0,1.0,0.0,4,RELATED
Security Consulting,Client Consulting,NARROWER,skillmap_close,test,1.0,0.0,0.0,4,SATISFIES
Operating Systems,Windows Support,BROADER,skillmap_close,val,0.25,0.75,0.0,4,RELATED
Windows Support,Operating Systems,NARROWER,skillmap_close,val,0.75,0.25,0.0,4,SATISFIES
SAP Project Systems,SAP PS,SAME,skillmap_close,train,1.0,0.0,0.0,4,SATISFIES
SAP PS,SAP Project Systems,SAME,skillmap_close,train,1.0,0.0,0.0,4,SATISFIES
Business Reporting,Reporting Automation,BROADER,skillmap_close,train,0.0,1.0,0.0,4,RELATED
Reporting Automation,Business Reporting,NARROWER,skillmap_close,train,0.75,0.25,0.0,4,SATISFIES
Cybersecurity Practices,Security Best Practices,SAME,skillmap_close,test,1.0,0.0,0.0,4,SATISFIES
Security Best Practices,Cybersecurity Practices,SAME,skillmap_close,test,0.75,0.25,0.0,4,SATISFIES
GIS,Geographic Information System,SAME,skillmap_abbrev,train,1.0,0.0,0.0,4,SATISFIES
Geographic Information System,GIS,SAME,skillmap_abbrev,train,1.0,0.0,0.0,4,SATISFIES
Network Management,Service Management,RELATED,skillmap_close,train,0.25,0.5,0.25,4,RELATED
Service Management,Network Management,RELATED,skillmap_close,train,0.25,0.5,0.25,4,RELATED
TTXs,Table Top Exercises,SAME,skillmap_abbrev,train,1.0,0.0,0.0,4,SATISFIES
Table Top Exercises,TTXs,SAME,skillmap_abbrev,train,1.0,0.0,0.0,4,SATISFIES
Cloud services,Google Cloud,BROADER,skillmap_close,train,0.0,1.0,0.0,4,RELATED
Google Cloud,Cloud services,NARROWER,skillmap_close,train,1.0,0.0,0.0,4,SATISFIES
Linux Scripting,Unix,NARROWER,skillmap_close,train,1.0,0.0,0.0,4,SATISFIES
Unix,Linux Scripting,BROADER,skillmap_close,train,0.0,1.0,0.0,4,RELATED
OWASP Security,Security Administration,RELATED,skillmap_overlap,train,0.0,0.75,0.25,4,RELATED
Security Administration,OWASP Security,RELATED,skillmap_overlap,train,0.0,0.75,0.25,4,RELATED
Desktop Installation,Installation Configuration,NARROWER,skillmap_close,train,0.75,0.25,0.0,4,SATISFIES
Installation Configuration,Desktop Installation,BROADER,skillmap_close,train,0.25,0.75,0.0,4,RELATED
Network Security Architecture,System Security,NARROWER,skillmap_close,train,1.0,0.0,0.0,4,SATISFIES
System Security,Network Security Architecture,BROADER,skillmap_close,train,0.0,1.0,0.0,4,RELATED
Helpdesk Operations,Insurance Operations,DIFFERENT,skillmap_overlap,train,0.0,0.0,1.0,4,NOT
Insurance Operations,Helpdesk Operations,DIFFERENT,skillmap_overlap,train,0.0,0.0,1.0,4,NOT
Hardware Maintenance,Mobile UI/UX Design,DIFFERENT,skillmap_far,train,0.0,0.0,1.0,4,NOT
Mobile UI/UX Design,Hardware Maintenance,DIFFERENT,skillmap_far,train,0.0,0.0,1.0,4,NOT
SAP BusinessObjects,SAP PS,DIFFERENT,skillmap_close,test,0.0,0.25,0.75,4,NOT
SAP PS,SAP BusinessObjects,DIFFERENT,skillmap_close,test,0.0,0.25,0.75,4,NOT
Linux Administration,Linux OS support,NARROWER,skillmap_overlap,train,1.0,0.0,0.0,4,SATISFIES
Linux OS support,Linux Administration,BROADER,skillmap_overlap,train,0.5,0.5,0.0,4,RELATED
Data Modeling,Data Structures,RELATED,skillmap_close,train,0.0,0.75,0.25,4,RELATED
Data Structures,Data Modeling,RELATED,skillmap_close,train,0.0,0.75,0.25,4,RELATED
AWS Glue,AWS IAM,DIFFERENT,skillmap_overlap,val,0.0,0.25,0.75,4,NOT
AWS IAM,AWS Glue,DIFFERENT,skillmap_overlap,val,0.0,0.25,0.75,4,NOT
RTO,Recovery Time Objective,SAME,skillmap_abbrev,val,1.0,0.0,0.0,4,SATISFIES
Recovery Time Objective,RTO,SAME,skillmap_abbrev,val,1.0,0.0,0.0,4,SATISFIES
Safety Compliance,SLA Compliance,DIFFERENT,skillmap_overlap,train,0.0,0.25,0.75,4,NOT
SLA Compliance,Safety Compliance,DIFFERENT,skillmap_overlap,train,0.0,0.25,0.75,4,NOT
ETL pipelines,ETL Processes,NARROWER,skillmap_close,train,1.0,0.0,0.0,4,SATISFIES
ETL Processes,ETL pipelines,BROADER,skillmap_close,train,0.5,0.5,0.0,4,RELATED
SAP FICO,SAP HANA,DIFFERENT,skillmap_close,train,0.0,0.25,0.75,4,NOT
SAP HANA,SAP FICO,DIFFERENT,skillmap_close,train,0.0,0.25,0.75,4,NOT
ASP.NET Web Forms,Windows Forms,RELATED,skillmap_close,train,0.0,0.5,0.5,4,RELATED
Windows Forms,ASP.NET Web Forms,RELATED,skillmap_close,train,0.0,0.5,0.5,4,RELATED
TPM,Trusted Platform Modules,SAME,skillmap_abbrev,train,1.0,0.0,0.0,4,SATISFIES
Trusted Platform Modules,TPM,SAME,skillmap_abbrev,train,1.0,0.0,0.0,4,SATISFIES
Data Automation,Puppet Automation,RELATED,skillmap_close,train,0.0,0.75,0.25,4,RELATED
Puppet Automation,Data Automation,RELATED,skillmap_close,train,0.0,0.75,0.25,4,RELATED
OS configuration,Windows OS,BROADER,skillmap_close,train,0.0,1.0,0.0,4,RELATED
Windows OS,OS configuration,NARROWER,skillmap_close,train,0.75,0.25,0.0,4,SATISFIES
Cybersecurity,IT security controls,BROADER,skillmap_close,train,0.0,1.0,0.0,4,RELATED
IT security controls,Cybersecurity,NARROWER,skillmap_close,train,1.0,0.0,0.0,4,SATISFIES
Security Operations,Security Protocols,BROADER,skillmap_close,train,0.0,0.75,0.25,4,RELATED
Security Protocols,Security Operations,NARROWER,skillmap_close,train,0.5,0.25,0.25,4,SATISFIES
ITSM,IT service management,SAME,skillmap_abbrev,train,1.0,0.0,0.0,4,SATISFIES
IT service management,ITSM,SAME,skillmap_abbrev,train,1.0,0.0,0.0,4,SATISFIES
Robotics Development,Robotics Engineering,SAME,skillmap_close,val,0.75,0.25,0.0,4,SATISFIES
Robotics Engineering,Robotics Development,SAME,skillmap_close,val,1.0,0.0,0.0,4,SATISFIES
Microsoft O365,SharePoint Online,BROADER,skillmap_close,train,0.0,1.0,0.0,4,RELATED
SharePoint Online,Microsoft O365,NARROWER,skillmap_close,train,1.0,0.0,0.0,4,SATISFIES
SCADA Integration,SCADA Systems,NARROWER,skillmap_close,train,0.75,0.25,0.0,4,SATISFIES
SCADA Systems,SCADA Integration,BROADER,skillmap_close,train,0.25,0.75,0.0,4,RELATED
Data Center Architecture,Network Architecture,RELATED,skillmap_close,train,0.25,0.5,0.25,4,RELATED
Network Architecture,Data Center Architecture,RELATED,skillmap_close,train,0.25,0.5,0.25,4,RELATED
JMS Messaging,RabbitMQ messaging,RELATED,skillmap_close,train,0.0,1.0,0.0,4,RELATED
RabbitMQ messaging,JMS Messaging,RELATED,skillmap_close,train,0.25,0.75,0.0,4,RELATED
Performance Management,Performance Profiling,BROADER,skillmap_close,train,0.0,0.75,0.25,4,RELATED
Performance Profiling,Performance Management,NARROWER,skillmap_close,train,0.75,0.0,0.25,4,SATISFIES
Azure Networking,Azure Security Center,RELATED,skillmap_overlap,train,0.0,0.5,0.5,4,RELATED
Azure Security Center,Azure Networking,RELATED,skillmap_overlap,train,0.0,0.5,0.5,4,RELATED
AWS Athena,AWS RDS,RELATED,skillmap_close,train,0.0,0.75,0.25,4,RELATED
AWS RDS,AWS Athena,RELATED,skillmap_close,train,0.0,0.75,0.25,4,RELATED
Advanced Analytics,Firebase Analytics,BROADER,skillmap_overlap,train,0.0,1.0,0.0,4,RELATED
Firebase Analytics,Advanced Analytics,NARROWER,skillmap_overlap,train,0.75,0.25,0.0,4,SATISFIES
SEO Optimization,Workflow optimization,DIFFERENT,skillmap_overlap,train,0.25,0.0,0.75,4,NOT
Workflow optimization,SEO Optimization,DIFFERENT,skillmap_overlap,train,0.0,0.25,0.75,4,NOT
Debugging,IT Troubleshooting,NARROWER,skillmap_close,train,0.5,0.5,0.0,4,SATISFIES
IT Troubleshooting,Debugging,BROADER,skillmap_close,train,0.25,0.75,0.0,4,RELATED
Network Fundamentals,Network Operations,BROADER,skillmap_close,train,0.5,0.5,0.0,4,RELATED
Network Operations,Network Fundamentals,BROADER,skillmap_close,train,0.5,0.5,0.0,4,RELATED
Microsoft SQL,PL/SQL,RELATED,skillmap_close,train,0.0,0.5,0.5,4,RELATED
PL/SQL,Microsoft SQL,RELATED,skillmap_close,train,0.0,0.5,0.5,4,RELATED
Network Security,Physical Security Management,DIFFERENT,skillmap_overlap,train,0.0,0.0,1.0,4,NOT
Physical Security Management,Network Security,DIFFERENT,skillmap_overlap,train,0.0,0.0,1.0,4,NOT
MES Integration,MES Support,RELATED,skillmap_close,train,0.25,0.75,0.0,4,RELATED
MES Support,MES Integration,RELATED,skillmap_close,train,0.0,1.0,0.0,4,RELATED
IT infrastructure maintenance,Virtual Desktop Infrastructure,BROADER,skillmap_overlap,train,0.0,1.0,0.0,4,RELATED
Virtual Desktop Infrastructure,IT infrastructure maintenance,NARROWER,skillmap_overlap,train,1.0,0.0,0.0,4,SATISFIES
RFP,request for proposal,SAME,skillmap_abbrev,train,1.0,0.0,0.0,4,SATISFIES
request for proposal,RFP,SAME,skillmap_abbrev,train,1.0,0.0,0.0,4,SATISFIES
Business Architecture,Business Continuity,DIFFERENT,skillmap_overlap,train,0.0,0.0,1.0,4,NOT
Business Continuity,Business Architecture,DIFFERENT,skillmap_overlap,train,0.0,0.0,1.0,4,NOT
Backup Solutions,Backup Strategies,SAME,skillmap_close,train,0.75,0.25,0.0,4,SATISFIES
Backup Strategies,Backup Solutions,SAME,skillmap_close,train,0.75,0.25,0.0,4,SATISFIES
Data Security,Data Transformation,DIFFERENT,skillmap_overlap,train,0.0,0.0,1.0,4,NOT
Data Transformation,Data Security,DIFFERENT,skillmap_overlap,train,0.0,0.0,1.0,4,NOT
OpenAI API,OpenAPI,RELATED,skillmap_close,train,0.0,0.5,0.5,4,RELATED
OpenAPI,OpenAI API,RELATED,skillmap_close,train,0.0,0.5,0.5,4,RELATED
Looker,Travel Coordination,DIFFERENT,skillmap_far,test,0.0,0.0,1.0,4,NOT
Travel Coordination,Looker,DIFFERENT,skillmap_far,test,0.0,0.0,1.0,4,NOT
Server Virtualization,Windows Server,RELATED,skillmap_close,train,0.0,0.75,0.25,4,RELATED
Windows Server,Server Virtualization,RELATED,skillmap_close,train,0.0,0.75,0.25,4,RELATED
Hardware debugging,Technical Troubleshooting,NARROWER,skillmap_close,train,0.75,0.25,0.0,4,SATISFIES
Technical Troubleshooting,Hardware debugging,BROADER,skillmap_close,train,0.25,0.75,0.0,4,RELATED
Client Onboarding,Client Training,BROADER,skillmap_close,train,0.0,0.75,0.25,4,RELATED
Client Training,Client Onboarding,NARROWER,skillmap_close,train,0.5,0.25,0.25,4,SATISFIES
System Integration Testing,Test Execution,NARROWER,skillmap_close,train,1.0,0.0,0.0,4,SATISFIES
Test Execution,System Integration Testing,BROADER,skillmap_close,train,0.0,1.0,0.0,4,RELATED
JMS,JMS Messaging,SAME,skillmap_close,train,1.0,0.0,0.0,4,SATISFIES
JMS Messaging,JMS,SAME,skillmap_close,train,1.0,0.0,0.0,4,SATISFIES
SAP ERP,SAP MDG,BROADER,skillmap_close,train,0.0,0.75,0.25,4,RELATED
SAP MDG,SAP ERP,NARROWER,skillmap_close,train,0.75,0.0,0.25,4,SATISFIES
Service Desk Support,Shift Support,RELATED,skillmap_overlap,val,0.5,0.5,0.0,4,RELATED
Shift Support,Service Desk Support,RELATED,skillmap_overlap,val,0.5,0.5,0.0,4,RELATED
Information Security,IT Security Management,BROADER,skillmap_close,train,0.25,0.75,0.0,4,RELATED
IT Security Management,Information Security,NARROWER,skillmap_close,train,1.0,0.0,0.0,4,SATISFIES
SCCM,Time Management,DIFFERENT,skillmap_far,val,0.0,0.0,1.0,4,NOT
Time Management,SCCM,DIFFERENT,skillmap_far,val,0.0,0.0,1.0,4,NOT
Performance Optimization,Performance Tuning,SAME,skillmap_overlap,test,0.75,0.25,0.0,4,SATISFIES
Performance Tuning,Performance Optimization,SAME,skillmap_overlap,test,1.0,0.0,0.0,4,SATISFIES
IT Infrastructure Management,IT Management,NARROWER,skillmap_close,test,1.0,0.0,0.0,4,SATISFIES
IT Management,IT Infrastructure Management,BROADER,skillmap_close,test,0.0,1.0,0.0,4,RELATED
Information Security,Security Compliance,BROADER,skillmap_close,train,0.0,1.0,0.0,4,RELATED
Security Compliance,Information Security,NARROWER,skillmap_close,train,1.0,0.0,0.0,4,SATISFIES
Code Deployment,Project Deployment,NARROWER,skillmap_close,train,0.5,0.5,0.0,4,SATISFIES
Project Deployment,Code Deployment,BROADER,skillmap_close,train,0.25,0.75,0.0,4,RELATED
DCS,distributed control system,SAME,skillmap_abbrev,train,1.0,0.0,0.0,4,SATISFIES
distributed control system,DCS,SAME,skillmap_abbrev,train,1.0,0.0,0.0,4,SATISFIES
Functional analysis,Functional Testing,RELATED,skillmap_close,train,0.0,0.75,0.25,4,RELATED
Functional Testing,Functional analysis,RELATED,skillmap_close,train,0.0,0.75,0.25,4,RELATED
KPI Development,KPI Analysis,RELATED,skillmap_overlap,train,0.0,1.0,0.0,4,RELATED
KPI Analysis,KPI Development,RELATED,skillmap_overlap,train,0.0,1.0,0.0,4,RELATED
GitOps Workflow,Workflow Automation,NARROWER,skillmap_overlap,train,1.0,0.0,0.0,4,SATISFIES
Workflow Automation,GitOps Workflow,BROADER,skillmap_overlap,train,0.0,1.0,0.0,4,RELATED
Technical Communication,Unified Communications,DIFFERENT,skillmap_close,train,0.0,0.0,1.0,4,NOT
Unified Communications,Technical Communication,DIFFERENT,skillmap_close,train,0.0,0.0,1.0,4,NOT
CEH,Certified Ethical Hacker,SAME,skillmap_abbrev,train,1.0,0.0,0.0,4,SATISFIES
Certified Ethical Hacker,CEH,SAME,skillmap_abbrev,train,1.0,0.0,0.0,4,SATISFIES
API Gateway,API Testing,DIFFERENT,skillmap_overlap,train,0.0,0.25,0.75,4,NOT
API Testing,API Gateway,DIFFERENT,skillmap_overlap,train,0.0,0.25,0.75,4,NOT
Product Testing,Security Testing,BROADER,skillmap_overlap,train,0.0,1.0,0.0,4,RELATED
Security Testing,Product Testing,NARROWER,skillmap_overlap,train,1.0,0.0,0.0,4,SATISFIES
Retail Operations,Supply Chain IT,DIFFERENT,skillmap_close,train,0.0,0.25,0.75,4,NOT
Supply Chain IT,Retail Operations,DIFFERENT,skillmap_close,train,0.0,0.25,0.75,4,NOT
IT Security Compliance,IT Technical Support,DIFFERENT,skillmap_close,train,0.0,0.0,1.0,4,NOT
IT Technical Support,IT Security Compliance,DIFFERENT,skillmap_close,train,0.0,0.0,1.0,4,NOT
WMS,Warehouse Management Systems,SAME,skillmap_abbrev,val,1.0,0.0,0.0,4,SATISFIES
Warehouse Management Systems,WMS,SAME,skillmap_abbrev,val,1.0,0.0,0.0,4,SATISFIES
Contract Negotiation,Smart contracts,RELATED,skillmap_close,train,0.0,0.5,0.5,4,RELATED
Smart contracts,Contract Negotiation,RELATED,skillmap_close,train,0.0,0.5,0.5,4,RELATED
Information Security Management,System Security,BROADER,skillmap_close,train,0.0,1.0,0.0,4,RELATED
System Security,Information Security Management,NARROWER,skillmap_close,train,1.0,0.0,0.0,4,SATISFIES
Cloud Networking,Cloud Technologies,NARROWER,skillmap_close,train,1.0,0.0,0.0,4,SATISFIES
Cloud Technologies,Cloud Networking,BROADER,skillmap_close,train,0.0,1.0,0.0,4,RELATED
Google Cloud SQL,SAP Analytics Cloud,DIFFERENT,skillmap_overlap,train,0.0,0.25,0.75,4,NOT
SAP Analytics Cloud,Google Cloud SQL,DIFFERENT,skillmap_overlap,train,0.0,0.25,0.75,4,NOT
SAP ByDesign,SAP Implementation,NARROWER,skillmap_close,train,0.75,0.25,0.0,4,SATISFIES
SAP Implementation,SAP ByDesign,BROADER,skillmap_close,train,0.0,1.0,0.0,4,RELATED
Anomaly Detection,Hardware Replacement,DIFFERENT,skillmap_far,train,0.0,0.0,1.0,4,NOT
Hardware Replacement,Anomaly Detection,DIFFERENT,skillmap_far,train,0.0,0.0,1.0,4,NOT
MCITP,Microsoft Certified IT Professional,SAME,skillmap_abbrev,train,1.0,0.0,0.0,4,SATISFIES
Microsoft Certified IT Professional,MCITP,SAME,skillmap_abbrev,train,1.0,0.0,0.0,4,SATISFIES
Manual Testing,Test Documentation,RELATED,skillmap_close,train,0.0,1.0,0.0,4,RELATED
Test Documentation,Manual Testing,RELATED,skillmap_close,train,0.0,1.0,0.0,4,RELATED
EPP,Endpoint Protection,SAME,skillmap_abbrev,test,1.0,0.0,0.0,4,SATISFIES
Endpoint Protection,EPP,SAME,skillmap_abbrev,test,1.0,0.0,0.0,4,SATISFIES
iOS Deployment,WiFi Deployment,DIFFERENT,skillmap_close,train,0.0,0.0,1.0,4,NOT
WiFi Deployment,iOS Deployment,DIFFERENT,skillmap_close,train,0.0,0.0,1.0,4,NOT
Cybersecurity,IT Security Solutions,BROADER,skillmap_close,train,0.5,0.5,0.0,4,RELATED
IT Security Solutions,Cybersecurity,NARROWER,skillmap_close,train,0.75,0.25,0.0,4,SATISFIES
Maintenance Master Data,Master Data Management,NARROWER,skillmap_close,train,1.0,0.0,0.0,4,SATISFIES
Master Data Management,Maintenance Master Data,BROADER,skillmap_close,train,0.0,1.0,0.0,4,RELATED
SAP BTP,SAP Solution Manager,RELATED,skillmap_close,val,0.0,0.5,0.5,4,RELATED
SAP Solution Manager,SAP BTP,RELATED,skillmap_close,val,0.0,0.5,0.5,4,RELATED
Vulnerability Assessment,Vulnerability Scanning,BROADER,skillmap_close,train,0.5,0.5,0.0,4,RELATED
Vulnerability Scanning,Vulnerability Assessment,BROADER,skillmap_close,train,0.5,0.5,0.0,4,RELATED
Agile Documentation,Technical Design Documentation,RELATED,skillmap_close,train,0.0,0.5,0.5,4,RELATED
Technical Design Documentation,Agile Documentation,RELATED,skillmap_close,train,0.0,0.5,0.5,4,RELATED
Remote Desktop Support,SAP Support,DIFFERENT,skillmap_overlap,train,0.0,0.25,0.75,4,NOT
SAP Support,Remote Desktop Support,DIFFERENT,skillmap_overlap,train,0.0,0.25,0.75,4,NOT
Caching,Redis caching,BROADER,skillmap_close,train,0.0,1.0,0.0,4,RELATED
Redis caching,Caching,NARROWER,skillmap_close,train,1.0,0.0,0.0,4,SATISFIES
Project Deployment,Testing and Deployment,BROADER,skillmap_overlap,train,0.25,0.75,0.0,4,RELATED
Testing and Deployment,Project Deployment,NARROWER,skillmap_overlap,train,0.5,0.5,0.0,4,SATISFIES
WAF,Web Application Firewalls,SAME,skillmap_abbrev,train,1.0,0.0,0.0,4,SATISFIES
Web Application Firewalls,WAF,SAME,skillmap_abbrev,train,1.0,0.0,0.0,4,SATISFIES
Database maintenance,Server Maintenance,RELATED,skillmap_close,train,0.0,1.0,0.0,4,RELATED
Server Maintenance,Database maintenance,RELATED,skillmap_close,train,0.0,1.0,0.0,4,RELATED
Data Cleansing,Data Encryption,DIFFERENT,skillmap_overlap,val,0.0,0.0,1.0,4,NOT
Data Encryption,Data Cleansing,DIFFERENT,skillmap_overlap,val,0.0,0.0,1.0,4,NOT
SVN Version Control,Version Upgrade,DIFFERENT,skillmap_overlap,train,0.25,0.0,0.75,4,NOT
Version Upgrade,SVN Version Control,DIFFERENT,skillmap_overlap,train,0.0,0.25,0.75,4,NOT
Device driver development,Mobile Device Support,RELATED,skillmap_overlap,train,0.0,0.5,0.5,4,RELATED
Mobile Device Support,Device driver development,RELATED,skillmap_overlap,train,0.0,0.5,0.5,4,RELATED
AWS SageMaker,IT Risk Assessment,DIFFERENT,skillmap_far,train,0.0,0.0,1.0,4,NOT
IT Risk Assessment,AWS SageMaker,DIFFERENT,skillmap_far,train,0.0,0.0,1.0,4,NOT
RPG,Webpack Bundler,DIFFERENT,skillmap_far,train,0.0,0.0,1.0,4,NOT
Webpack Bundler,RPG,DIFFERENT,skillmap_far,train,0.0,0.0,1.0,4,NOT
Business Case Development,Test Case Management,DIFFERENT,skillmap_overlap,train,0.0,0.0,1.0,4,NOT
Test Case Management,Business Case Development,DIFFERENT,skillmap_overlap,train,0.0,0.0,1.0,4,NOT
Reporting,Reporting & Analytics,BROADER,skillmap_overlap,train,0.5,0.5,0.0,4,RELATED
Reporting & Analytics,Reporting,BROADER,skillmap_overlap,train,0.5,0.5,0.0,4,RELATED
Azure Security Center,Security Operations Center,RELATED,skillmap_close,train,0.25,0.5,0.25,4,RELATED
Security Operations Center,Azure Security Center,RELATED,skillmap_close,train,0.0,0.75,0.25,4,RELATED
Server Administration,Server Configuration,BROADER,skillmap_overlap,train,0.25,0.75,0.0,4,RELATED
Server Configuration,Server Administration,NARROWER,skillmap_overlap,train,0.75,0.25,0.0,4,SATISFIES
Cross-functional Collaboration,Cross-Platform Development,DIFFERENT,skillmap_overlap,test,0.0,0.0,1.0,4,NOT
Cross-Platform Development,Cross-functional Collaboration,DIFFERENT,skillmap_overlap,test,0.0,0.0,1.0,4,NOT
Cybersecurity Risk Assessment,Vulnerability Assessment,BROADER,skillmap_overlap,train,0.0,1.0,0.0,4,RELATED
Vulnerability Assessment,Cybersecurity Risk Assessment,NARROWER,skillmap_overlap,train,0.75,0.25,0.0,4,SATISFIES
Python automation,Reporting Automation,RELATED,skillmap_overlap,train,0.0,0.5,0.5,4,RELATED
Reporting Automation,Python automation,RELATED,skillmap_overlap,train,0.0,0.5,0.5,4,RELATED
MIS,Management Information System,SAME,skillmap_abbrev,val,1.0,0.0,0.0,4,SATISFIES
Management Information System,MIS,SAME,skillmap_abbrev,val,1.0,0.0,0.0,4,SATISFIES
Business Analysis,Business Automation,RELATED,skillmap_overlap,train,0.0,0.5,0.5,4,RELATED
Business Automation,Business Analysis,RELATED,skillmap_overlap,train,0.0,0.5,0.5,4,RELATED
Patch Management,Security Patch Management,BROADER,skillmap_overlap,train,0.25,0.75,0.0,4,RELATED
Security Patch Management,Patch Management,NARROWER,skillmap_overlap,train,0.75,0.25,0.0,4,SATISFIES
Agile Development,Scrum Master,BROADER,skillmap_close,val,0.0,0.75,0.25,4,RELATED
Scrum Master,Agile Development,NARROWER,skillmap_close,val,0.75,0.0,0.25,4,SATISFIES
GxP Compliance,HIPAA Compliance,RELATED,skillmap_overlap,val,0.0,0.75,0.25,4,RELATED
HIPAA Compliance,GxP Compliance,RELATED,skillmap_overlap,val,0.0,0.75,0.25,4,RELATED
Bug Fixing,Software Patching,DIFFERENT,skillmap_close,val,0.0,0.5,0.5,4,NOT
Software Patching,Bug Fixing,DIFFERENT,skillmap_close,val,0.25,0.25,0.5,4,NOT
A/B Testing,Android testing,DIFFERENT,skillmap_overlap,train,0.0,0.25,0.75,4,NOT
Android testing,A/B Testing,DIFFERENT,skillmap_overlap,train,0.0,0.25,0.75,4,NOT
SAP Solution Manager,SAP Workflow,RELATED,skillmap_close,train,0.0,0.5,0.5,4,RELATED
SAP Workflow,SAP Solution Manager,RELATED,skillmap_close,train,0.0,0.5,0.5,4,RELATED
gRPC API,Postman API Testing,DIFFERENT,skillmap_overlap,train,0.0,0.25,0.75,4,NOT
Postman API Testing,gRPC API,DIFFERENT,skillmap_overlap,train,0.0,0.25,0.75,4,NOT
Application Portfolio Management,Application Troubleshooting,DIFFERENT,skillmap_overlap,train,0.0,0.0,1.0,4,NOT
Application Troubleshooting,Application Portfolio Management,DIFFERENT,skillmap_overlap,train,0.0,0.0,1.0,4,NOT
Database Tuning,Query Optimization,BROADER,skillmap_close,val,0.5,0.5,0.0,4,RELATED
Query Optimization,Database Tuning,NARROWER,skillmap_close,val,1.0,0.0,0.0,4,SATISFIES
