a,b,label5,source,split,label3
Design of Experiments,Experiment design,SAME,a8_verified,train,SATISFIES
information security threats,attack vectors,SAME,esco_altlabel,train,SATISFIES
ABAP Programming Techniques,ABAP,SAME,esco_altlabel,train,SATISFIES
remote tailoring,e-tailoring,SAME,esco_altlabel,train,SATISFIES
Nessus Vulnerability Scanner,Nessus,SAME,esco_altlabel,train,SATISFIES
carry out document digitisation,digitise documents,SAME,esco_altlabel,val,SATISFIES
POS Management,POS System Management,SAME,a8_verified,test,SATISFIES
install consumer electronics,set up consumer electronics,SAME,esco_altlabel,train,SATISFIES
installing a network security firewall,implement a firewall,SAME,esco_altlabel,train,SATISFIES
file hosting service,data storage,SAME,esco_altlabel,train,SATISFIES
software architecture patterns,software architecture models,SAME,esco_altlabel,test,SATISFIES
android software frameworks,mobile device software frameworks,SAME,esco_altlabel,val,SATISFIES
analyse and approve software development releases,manage software releases,SAME,esco_altlabel,val,SATISFIES
ServiceNow Platform,ServiceNow,SAME,a8_verified,train,SATISFIES
MS Office Suite,Microsoft Office Suite,SAME,a8_verified,train,SATISFIES
Microsoft Office Access,Microsoft Access,SAME,esco_altlabel,train,SATISFIES
ABAP software development,ABAP,SAME,esco_altlabel,train,SATISFIES
operating automated optical inspection machine,operate automated optical inspection machine,SAME,esco_altlabel,train,SATISFIES
advertise virtual reality travelling experiences,promote virtual reality travelling experiences,SAME,esco_altlabel,train,SATISFIES
organise software transference process,manage software localisation,SAME,esco_altlabel,train,SATISFIES
use tote board,operate tote board,SAME,esco_altlabel,train,SATISFIES
Selenium,tools for ICT test automation,SAME,esco_altlabel,train,SATISFIES
apply techniques to evaluate cost of software products,evaluate cost of software products,SAME,esco_altlabel,test,SATISFIES
Red Hat Linux,Linux RedHat,SAME,a8_verified,test,SATISFIES
Product Roadmapping,Product Roadmap Planning,SAME,a8_verified,train,SATISFIES
using thermal analysis,use thermal analysis,SAME,esco_altlabel,test,SATISFIES
compile data from maps and other sources,compile GIS-data,SAME,esco_altlabel,train,SATISFIES
strategies for social media platforms,social media marketing techniques,SAME,esco_altlabel,val,SATISFIES
discover market expectations for ICT documentation,identify market requirements for ICT documentation,SAME,esco_altlabel,val,SATISFIES
vehicle weight-measurement system,weigh in motion system,SAME,esco_altlabel,train,SATISFIES
design the interface of lottery games digitally,"design the digital interface of gambling, betting and lottery games",SAME,esco_altlabel,train,SATISFIES
implement cloud environment for complex organisations,design for organisational complexity,SAME,esco_altlabel,val,SATISFIES
up-date online security measures,apply digital security measures,SAME,esco_altlabel,train,SATISFIES
using the internet to increase sales,use internet to increase sales,SAME,esco_altlabel,train,SATISFIES
Coaching and Mentoring,Mentorship & Coaching,SAME,a8_verified,train,SATISFIES
TeamWox,learning management systems,SAME,esco_altlabel,test,SATISFIES
Formatted Output Specification Instance,style sheet languages,SAME,esco_altlabel,train,SATISFIES
use mobile and e-health,use e-health and mobile health technologies,SAME,esco_altlabel,train,SATISFIES
translation memory software development,develop translation memory software,SAME,esco_altlabel,train,SATISFIES
oversee ICT semantic integration,manage ICT semantic integration,SAME,esco_altlabel,train,SATISFIES
building monitoring systems,building systems monitoring technology,SAME,esco_altlabel,train,SATISFIES
Maven,Apache Maven,SAME,esco_altlabel,test,SATISFIES
carry out ICT process impact evaluation,conduct impact evaluation of ICT processes on business,SAME,esco_altlabel,test,SATISFIES
electric locking devices,electronic locks,SAME,esco_altlabel,train,SATISFIES
R:Base,database management systems,SAME,esco_altlabel,train,SATISFIES
design a technical sound system,technically design a sound system,SAME,esco_altlabel,train,SATISFIES
online journalism,digital journalism,SAME,esco_altlabel,train,SATISFIES
operate emergency communication systems,operate an emergency communication system,SAME,esco_altlabel,train,SATISFIES
operate translation memory software,use translation memory software,SAME,esco_altlabel,train,SATISFIES
Autodesk SketchBook Pro,SketchBook Pro,SAME,esco_altlabel,train,SATISFIES
use intranet systems,use intranet,SAME,esco_altlabel,train,SATISFIES
Havok Vision game engine,Havok Vision,SAME,esco_altlabel,val,SATISFIES
audio editing plugin,audio editing software,SAME,esco_altlabel,test,SATISFIES
roofing drone types,roofing drones,SAME,esco_altlabel,test,SATISFIES
creating online news content,create online news content,SAME,esco_altlabel,train,SATISFIES
Informix Extended Parallel Server,IBM Informix,SAME,esco_altlabel,test,SATISFIES
Edmodo online learning tool,Edmodo,SAME,esco_altlabel,val,SATISFIES
network architecture,network engineering,SAME,esco_altlabel,train,SATISFIES
supervise online communications,manage online communications,SAME,esco_altlabel,train,SATISFIES
operate sound editing software,use media software,SAME,esco_altlabel,train,SATISFIES
office operating system,office software,SAME,esco_altlabel,train,SATISFIES
optical system modelling,model optical systems,SAME,esco_altlabel,train,SATISFIES
draw sketches for textile designs,produce textile designs,SAME,esco_altlabel,train,SATISFIES
establish data sets,create data sets,SAME,esco_altlabel,val,SATISFIES
decipher automatic call distribution data,interpret automatic call distribution data,SAME,esco_altlabel,val,SATISFIES
computer hardware repairing,maintain computer hardware,SAME,esco_altlabel,train,SATISFIES
oversee IT security compliance,manage IT security compliances,SAME,esco_altlabel,train,SATISFIES
intrusion detection system,manage alarm system,SAME,esco_altlabel,train,SATISFIES
define database physical storage structure,define database physical structure,SAME,esco_altlabel,train,SATISFIES
collect data,gather data,SAME,esco_altlabel,train,SATISFIES
draft database backup specifications,design database backup specifications,SAME,esco_altlabel,train,SATISFIES
Oracle WebLogic Server,Oracle WebLogic,SAME,a8_verified,val,SATISFIES
task algorithm development,task algorithmisation,SAME,esco_altlabel,train,SATISFIES
use 3D scanned data for computer-aided visualization,analyse scanned data of the body,SAME,esco_altlabel,val,SATISFIES
Cube databases,online analytical processing,SAME,esco_altlabel,train,SATISFIES
DHCP DNS Configuration,DNS DHCP configuration,SAME,a8_verified,val,SATISFIES
grid computing,distributed computing,SAME,esco_altlabel,test,SATISFIES
use a data processing technique,use data processing techniques,SAME,esco_altlabel,train,SATISFIES
augmented reality creation process,augmented reality,SAME,esco_altlabel,test,SATISFIES
Cain and Abel password recovery tool,Cain and Abel (penetration testing tool),SAME,esco_altlabel,train,SATISFIES
technology of PLCs,programmable logic controller,SAME,esco_altlabel,train,SATISFIES
areas of blockchain application,blockchain application areas,SAME,esco_altlabel,train,SATISFIES
install monitors for surveillance,install monitors for process control,SAME,esco_altlabel,train,SATISFIES
data security methods,data security principles,SAME,esco_altlabel,test,SATISFIES
Remote Diagnosis,Remote Diagnostics,SAME,a8_verified,test,SATISFIES
computer literacy,have computer literacy,SAME,esco_altlabel,train,SATISFIES
telecommunication,concepts of telecommunications,SAME,esco_altlabel,test,SATISFIES
communicate alerts using the GMDSS,communicate using the global maritime distress and safety system,SAME,esco_altlabel,train,SATISFIES
manage clinical information system activities,oversee clinical information system activities,SAME,esco_altlabel,train,SATISFIES
CFD,computational fluid dynamics,SAME,esco_altlabel,train,SATISFIES
undertake conversion testing,execute conversion testing,SAME,esco_altlabel,train,SATISFIES
deliver online training courses,deliver online training,SAME,esco_altlabel,train,SATISFIES
C# .NET,.NET C#,SAME,a8_verified,train,SATISFIES
anticipate weather conditions using meteorological equipment,use meteorological tools to forecast meteorological conditions,SAME,esco_altlabel,train,SATISFIES
SPARQL Protocol and RDF Query Language,SPARQL,SAME,esco_altlabel,train,SATISFIES
Joomla software,Joomla,SAME,esco_altlabel,train,SATISFIES
OS Patch Management,OS Patching,SAME,a8_verified,test,SATISFIES
supervise product data,product data management,SAME,esco_altlabel,train,SATISFIES
Prolog,Prolog (computer programming),SAME,esco_altlabel,train,SATISFIES
design ICT hardware placement in buildings,design ICT hardware placement,SAME,esco_altlabel,val,SATISFIES
oversee a product control process,program a CNC controller,SAME,esco_altlabel,test,SATISFIES
building's equipment for electronic access,building's electronic access equipment,SAME,esco_altlabel,train,SATISFIES
analysing stress resistance of material,analyse stress resistance of materials,SAME,esco_altlabel,train,SATISFIES
Routing and Switching,Routing & Switching,SAME,a8_verified,val,SATISFIES
design LAN,design computer network,SAME,esco_altlabel,train,SATISFIES
examine touchpoints with a brand,use experience map,SAME,esco_altlabel,train,SATISFIES
Appium Mobile Testing,Appium Mobile,SAME,a8_verified,train,SATISFIES
Edmodo e-learning platform,Edmodo,SAME,esco_altlabel,val,SATISFIES
scan an animal to locate a microchip,locate microchip in animals,SAME,esco_altlabel,test,SATISFIES
carry out clinical research,conduct clinical software research,SAME,esco_altlabel,train,SATISFIES
adhere to organisational system guidelines,apply system organisational policies,SAME,esco_altlabel,test,SATISFIES
apply a control process statistical methodology,apply control process statistical methods,SAME,esco_altlabel,train,SATISFIES
OpenEdge Advanced Business Language techniques,OpenEdge Advanced Business Language,SAME,esco_altlabel,test,SATISFIES
scan of photos,scan photos,SAME,esco_altlabel,train,SATISFIES
undertake ICT troubleshooting,perform ICT troubleshooting,SAME,esco_altlabel,test,SATISFIES
Monitoring and Logging,Logging & Monitoring,SAME,a8_verified,train,SATISFIES
ICT recovery techniques for corrupted software components,ICT recovery techniques,SAME,esco_altlabel,train,SATISFIES
e purchasing,e-procurement,SAME,esco_altlabel,train,SATISFIES
design creation using specialist software,use technical drawing software,SAME,esco_altlabel,train,SATISFIES
execute information security audits,execute ICT audits,SAME,esco_altlabel,train,SATISFIES
present safety information,develop ICT safety information,SAME,esco_altlabel,test,SATISFIES
Apache Hadoop,Hadoop,SAME,esco_altlabel,train,SATISFIES
design online community plan,develop online community plan,SAME,esco_altlabel,test,SATISFIES
use programming design patterns,use software design patterns,SAME,esco_altlabel,val,SATISFIES
scan documents,digitise documents,SAME,esco_altlabel,val,SATISFIES
WordPress CMS,WordPress,SAME,esco_altlabel,train,SATISFIES
carry out planned installation of media system,run a media server,SAME,esco_altlabel,val,SATISFIES
Office 365,Microsoft Office 365,SAME,a8_verified,test,SATISFIES
prepare and apply security test plans,perform ICT security testing,SAME,esco_altlabel,val,SATISFIES
develop software exploits,develop code exploits,SAME,esco_altlabel,train,SATISFIES
MBSE,model based system engineering,SAME,esco_altlabel,train,SATISFIES
DNS server,domain name service,SAME,esco_altlabel,train,SATISFIES
chromatography software applying,use chromatography software,SAME,esco_altlabel,val,SATISFIES
image interpretation,image recognition,SAME,esco_altlabel,train,SATISFIES
VPN Configuration,VPN Setup,SAME,a8_verified,train,SATISFIES
sound measuring instrument use,use sound measuring instruments,SAME,esco_altlabel,train,SATISFIES
manage a digital library,manage digital libraries,SAME,esco_altlabel,train,SATISFIES
conduct energy simulations,perform energy simulations,SAME,esco_altlabel,test,SATISFIES
establish ICT network design policies,define ICT network design policies,SAME,esco_altlabel,train,SATISFIES
3D Printing,3D printing process,SAME,esco_altlabel,train,SATISFIES
copyright and licenses related to digital content,intellectual property regime of digital content,SAME,esco_altlabel,train,SATISFIES
analyse legacy implication,manage ICT legacy implication,SAME,esco_altlabel,test,SATISFIES
Electronic Communications Code,telecom regulations,SAME,esco_altlabel,train,SATISFIES
specialized astrology software,specialised astrology software,SAME,esco_altlabel,train,SATISFIES
update basic software in embedded systems,upgrade firmware,SAME,esco_altlabel,train,SATISFIES
capture ICT knowledge,assess ICT knowledge,SAME,esco_altlabel,val,SATISFIES
PowerCenter Informatica,Informatica PowerCenter,SAME,esco_altlabel,test,SATISFIES
create digital image,create digital images,SAME,esco_altlabel,train,SATISFIES
Prince II,Prince2 project management,SAME,esco_altlabel,train,SATISFIES
represent 3D polygonal models,use polygonal modelling,SAME,esco_altlabel,test,SATISFIES
perform video edit,perform video editing,SAME,esco_altlabel,train,SATISFIES
help customers on type of computer equipment,advise customers on type of computer equipment,SAME,esco_altlabel,train,SATISFIES
oversee ICT change request process,manage ICT change request process,SAME,esco_altlabel,train,SATISFIES
SSRS,MS SSRS,SAME,a8_verified,val,SATISFIES
backup ICT system,perform backups,SAME,esco_altlabel,train,SATISFIES
digitalise uncut recordings,put uncut recordings into computer,SAME,esco_altlabel,train,SATISFIES
Ajax Framework features,Ajax Framework,SAME,esco_altlabel,val,SATISFIES
computer machinery,computer equipment,SAME,esco_altlabel,test,SATISFIES
kinds of aquaculture production planning software,aquaculture production planning software,SAME,esco_altlabel,val,SATISFIES
interpret logistical data through analytical methods,use methods of logistical data analysis,SAME,esco_altlabel,test,SATISFIES
COBIT,control objectives for information and related technology,SAME,esco_altlabel,test,SATISFIES
automated control system,automatic control system,SAME,esco_altlabel,train,SATISFIES
develop multimedia content,provide multimedia content,SAME,esco_altlabel,train,SATISFIES
handle digital printers,operate digital printers,SAME,esco_altlabel,train,SATISFIES
supervise disaster recovery trainings,lead disaster recovery exercises,SAME,esco_altlabel,test,SATISFIES
draw up stage layout digitally,draw up stage layouts digitally,SAME,esco_altlabel,train,SATISFIES
design concepts of digital games,create concept of digital game,SAME,esco_altlabel,train,SATISFIES
conduct ground system performance testing,test ground system performance,SAME,esco_altlabel,train,SATISFIES
evaluate digital content,"evaluate data, information and digital content",SAME,esco_altlabel,test,SATISFIES
crowdsourcing funds,crowdfunding,SAME,esco_altlabel,train,SATISFIES
Language Integrated Query,LINQ,SAME,esco_altlabel,train,SATISFIES
Scratch,Scratch (computer programming),SAME,esco_altlabel,train,SATISFIES
Laptop troubleshooting,Troubleshooting laptops,SAME,a8_verified,test,SATISFIES
solutions for software user interface tasks,software UI design patterns,SAME,esco_altlabel,test,SATISFIES
adopt machinery control programmes,use CAM software,SAME,esco_altlabel,train,SATISFIES
develop instructional material,develop digital educational materials,SAME,esco_altlabel,train,SATISFIES
scan an animal to locate a micro-chip,locate microchip in animals,SAME,esco_altlabel,test,SATISFIES
image detection,image recognition,SAME,esco_altlabel,train,SATISFIES
operate collating machines,operate collating machine,SAME,esco_altlabel,train,SATISFIES
microwave signal generator operating,operate signal generator,SAME,esco_altlabel,train,SATISFIES
study 3D clothing prototypes,analyse clothing 3d prototypes,SAME,esco_altlabel,train,SATISFIES
TLS,ICT encryption,SAME,esco_altlabel,train,SATISFIES
blockchain technology history,blockchain history,SAME,esco_altlabel,train,SATISFIES
set standards for data transformation,manage standards for data exchange,SAME,esco_altlabel,test,SATISFIES
cybersecurity,cyber security,SAME,esco_altlabel,val,SATISFIES
GCC,computer programming,SAME,esco_altlabel,train,SATISFIES
DevOps based software development,DevOps,SAME,esco_altlabel,train,SATISFIES
recommender engine,build recommender systems,SAME,esco_altlabel,train,SATISFIES
NoSQL database management system,NoSQL,SAME,esco_altlabel,train,SATISFIES
use Datalog for logic programming,use logic programming,SAME,esco_altlabel,val,SATISFIES
EU data protection,GDPR,SAME,esco_altlabel,train,SATISFIES
pharmaceutical production systems design,design pharmaceutical manufacturing systems,SAME,esco_altlabel,train,SATISFIES
Python,Python (computer programming),SAME,esco_altlabel,train,SATISFIES
digital credentials,types of digital badges,SAME,esco_altlabel,train,SATISFIES
applying map making techniques,create thematic maps,SAME,esco_altlabel,train,SATISFIES
repair control systems for automated equipment,maintain control systems for automated equipment,SAME,esco_altlabel,train,SATISFIES
micro mobility gadgets,micro mobility devices,SAME,esco_altlabel,train,SATISFIES
management of IT related projects,ICT project management,SAME,esco_altlabel,val,SATISFIES
types of integrated circuit,integrated circuit types,SAME,esco_altlabel,train,SATISFIES
data scraping,data mining,SAME,esco_altlabel,train,SATISFIES
Borland C++ Builder,integrated development environment software,SAME,esco_altlabel,train,SATISFIES
Teradata,Teradata Database,SAME,esco_altlabel,train,SATISFIES
heel CAD designing,use CAD for heels,SAME,esco_altlabel,train,SATISFIES
interact through ICT,use communication and collaboration software,SAME,esco_altlabel,train,SATISFIES
replace parts of mobile devices,repair mobile devices,SAME,esco_altlabel,val,SATISFIES
develop power electronics systems,design power electronics,SAME,esco_altlabel,val,SATISFIES
residential intelligent building installations,domotic systems,SAME,esco_altlabel,train,SATISFIES
Testing & Validation,Testing and Validation,SAME,a8_verified,train,SATISFIES
Source 2006,Source (digital game creation systems),SAME,esco_altlabel,train,SATISFIES
build automated software tests,develop automated software tests,SAME,esco_altlabel,train,SATISFIES
software behaviour deviations,software anomalies,SAME,esco_altlabel,train,SATISFIES
solve location and navigation problem by using GPS tools,solve location and navigation problems by using GPS tools,SAME,esco_altlabel,train,SATISFIES
analyse dApps,analyse decentralised applications,SAME,esco_altlabel,val,SATISFIES
analyse customer software problems,replicate customer software issues,SAME,esco_altlabel,train,SATISFIES
maintain environmental management systems,manage environmental management system,SAME,esco_altlabel,train,SATISFIES
MS Navision,Microsoft Navision,SAME,a8_verified,train,SATISFIES
manage dispatch software systems;,manage dispatch software systems,SAME,esco_altlabel,test,SATISFIES
use analytics for commercial purpose,use analytics for commercial purposes,SAME,esco_altlabel,train,SATISFIES
maintain audio-video equipment,maintain audiovisual equipment,SAME,esco_altlabel,val,SATISFIES
check ICT query output,test ICT queries,SAME,esco_altlabel,train,SATISFIES
system logging,monitor system performance,SAME,esco_altlabel,train,SATISFIES
Google Docs,use word processing software,SAME,esco_altlabel,train,SATISFIES
Metasploit penetration testing tool,Metasploit,SAME,esco_altlabel,train,SATISFIES
store systems and digital data,store digital data and systems,SAME,esco_altlabel,train,SATISFIES
investigate blockchain use cases,analyse blockchain use cases,SAME,esco_altlabel,val,SATISFIES
testing methods for printed circuit boards,printed circuit boards testing methods,SAME,esco_altlabel,train,SATISFIES
model ICT threats,identify ICT security risks,SAME,esco_altlabel,val,SATISFIES
manage data models,create data models,SAME,esco_altlabel,train,SATISFIES
carry out bibliographic works,carry out bibliographic work,SAME,esco_altlabel,train,SATISFIES
Monitoring and alerting,Monitoring & Alerting,SAME,a8_verified,val,SATISFIES
Kali Tools,Kali Linux,SAME,esco_altlabel,train,SATISFIES
design online classes,design web-based courses,SAME,esco_altlabel,train,SATISFIES
propose technical solutions to business problems,propose ICT solutions to business problems,SAME,esco_altlabel,train,SATISFIES
Tricent Tosca,Tricentis Tosca,SAME,a8_verified,train,SATISFIES
video surveillance,manage closed-circuit television system,SAME,esco_altlabel,train,SATISFIES
perform analysis of safety data,perform safety data analysis,SAME,esco_altlabel,train,SATISFIES
CCTV maintenance,CCTV system maintenance,SAME,a8_verified,train,SATISFIES
technology of medical imaging,medical imaging technology,SAME,esco_altlabel,val,SATISFIES
metadata tagging,keywords in digital content,SAME,esco_altlabel,train,SATISFIES
transfer scribbles into virtual sketches,convert scribbles into virtual sketches,SAME,esco_altlabel,train,SATISFIES
manage content,manage content metadata,SAME,esco_altlabel,val,SATISFIES
repairing robotic equipment,maintain robotic equipment,SAME,esco_altlabel,train,SATISFIES
employ IT tools,use IT tools,SAME,esco_altlabel,val,SATISFIES
maintain radio receiving equipment,maintain radio communications equipment,SAME,esco_altlabel,train,SATISFIES
RMA processing,RMA handling,SAME,a8_verified,test,SATISFIES
ICT network wire limitations,ICT network cable limitations,SAME,esco_altlabel,val,SATISFIES
types of optical fiber,fibre optics,SAME,esco_altlabel,test,SATISFIES
Testing Management,Test Management,SAME,a8_verified,test,SATISFIES
administer social media marketing,apply social media marketing,SAME,esco_altlabel,train,SATISFIES
use live sound systems,operate sound live,SAME,esco_altlabel,train,SATISFIES
vehicle engineering,automotive engineering,SAME,esco_altlabel,train,SATISFIES
software architecture frameworks,software architecture models,SAME,esco_altlabel,test,SATISFIES
IPhoneOS,iOS,SAME,esco_altlabel,train,SATISFIES
ICT service models,service-oriented modelling,SAME,esco_altlabel,test,SATISFIES
optimise utilisation of fleet,optimise fleet usability,SAME,esco_altlabel,train,SATISFIES
Wireshark analysis,Wireshark packet analysis,SAME,a8_verified,train,SATISFIES
Kingsoft Office Presentation,use presentation software,SAME,esco_altlabel,train,SATISFIES
Visual C++,Microsoft Visual C++,SAME,esco_altlabel,train,SATISFIES
operate internet to increase sales,use internet to increase sales,SAME,esco_altlabel,train,SATISFIES
assemble customer data,collect customer data,SAME,esco_altlabel,test,SATISFIES
ICT network line limitations,ICT network cable limitations,SAME,esco_altlabel,val,SATISFIES
cloud safety and compliance,cloud security and compliance,SAME,esco_altlabel,train,SATISFIES
maintaining projection equipment,maintain projection equipment,SAME,esco_altlabel,train,SATISFIES
social media marketing strategies,social media marketing techniques,SAME,esco_altlabel,val,SATISFIES
unmanned-aircraft vehicle system,unmanned air systems,SAME,esco_altlabel,train,SATISFIES
keep an up-to-date to computer trend,keep up-to-date to computer trends,SAME,esco_altlabel,train,SATISFIES
electronic system designing,design electronic systems,SAME,esco_altlabel,train,SATISFIES
computational linguistic studies,computational linguistics,SAME,esco_altlabel,train,SATISFIES
design product's virtual model,create a product's virtual model,SAME,esco_altlabel,train,SATISFIES
place blinds drive systems,install blinds drive systems,SAME,esco_altlabel,train,SATISFIES
operating software for milk control,use milk control software,SAME,esco_altlabel,train,SATISFIES
utilise software design patterns,use software design patterns,SAME,esco_altlabel,val,SATISFIES
WebEx,use online tools to collaborate,SAME,esco_altlabel,train,SATISFIES
Microsoft Access,MS Access,SAME,a8_verified,train,SATISFIES
drift existing data,migrate existing data,SAME,esco_altlabel,train,SATISFIES
consumer data privacy,information confidentiality,SAME,esco_altlabel,train,SATISFIES
OCR software,ABBYY FineReader,SAME,esco_altlabel,val,SATISFIES
examine network configuration and effectiveness,analyse network configuration and performance,SAME,esco_altlabel,train,SATISFIES
modify video transmissions,adjust video transmissions,SAME,esco_altlabel,train,SATISFIES
disassemble cell phone devices,disassemble mobile devices,SAME,esco_altlabel,train,SATISFIES
tele-communications engineering,telecommunications engineering,SAME,esco_altlabel,train,SATISFIES
RDF query language,resource description framework query language,SAME,esco_altlabel,train,SATISFIES
data quality analysis,data quality assessment,SAME,esco_altlabel,train,SATISFIES
analyze stress resistance of materials,analyse stress resistance of materials,SAME,esco_altlabel,train,SATISFIES
data anlysis,data analytics,SAME,esco_altlabel,train,SATISFIES
assistive technology for reading,screen reader,SAME,esco_altlabel,train,SATISFIES
ICT communications protocols in automotive,ICT communications protocols,SAME,esco_altlabel,test,SATISFIES
customise drive system software,customise software for drive system,SAME,esco_altlabel,train,SATISFIES
Taleo e-learning platform,Taleo,SAME,esco_altlabel,train,SATISFIES
revise user-friendliness,improve user-friendliness,SAME,esco_altlabel,train,SATISFIES
apply control process statistical methodology,apply control process statistical methods,SAME,esco_altlabel,train,SATISFIES
schedule ICT capacity,plan ICT capacity,SAME,esco_altlabel,train,SATISFIES
DMX,query languages,SAME,esco_altlabel,train,SATISFIES
AWS,Amazon AWS,SAME,a8_verified,train,SATISFIES
QV Expressor,QlikView Expressor,SAME,esco_altlabel,val,SATISFIES
computer hardware assembling,assemble hardware components,SAME,esco_altlabel,train,SATISFIES
industrial regulatory systems,control systems,SAME,esco_altlabel,val,SATISFIES
LAN Administration,LAN Management,SAME,a8_verified,train,SATISFIES
cloud computing monitoring and reporting,cloud monitoring and reporting,SAME,esco_altlabel,test,SATISFIES
control systems technology,automation technology,SAME,esco_altlabel,train,SATISFIES
ensure compliance with information security regulations,manage IT security compliances,SAME,esco_altlabel,train,SATISFIES
mount footage on tape,assemble video tape footage,SAME,esco_altlabel,train,SATISFIES
C++ software,C++,SAME,esco_altlabel,train,SATISFIES
oversee scientific data,manage research data,SAME,esco_altlabel,train,SATISFIES
Java 2,Java (computer programming),SAME,esco_altlabel,test,SATISFIES
smart grids,smart grids systems,SAME,esco_altlabel,train,SATISFIES
DB2 Connect,DB2,SAME,esco_altlabel,train,SATISFIES
assisting infrastructure designing for surface mines,design infrastructure for surface mines,SAME,esco_altlabel,test,SATISFIES
design process for blockchain technology,design process for blockchain-based systems,SAME,esco_altlabel,train,SATISFIES
operate system,administer ICT system,SAME,esco_altlabel,test,SATISFIES
macOS Support,Mac OS support,SAME,a8_verified,train,SATISFIES
SamuraiWTF,Samurai Web Testing Framework,SAME,esco_altlabel,train,SATISFIES
SIEM Management,SIEM Administration,SAME,a8_verified,train,SATISFIES
JSON,JSON Data,SAME,a8_verified,train,SATISFIES
apply desktop publishing procedures,apply desktop publishing techniques,SAME,esco_altlabel,val,SATISFIES
create data visualisation,deliver visual presentation of data,SAME,esco_altlabel,train,SATISFIES
PMS,property management software,SAME,esco_altlabel,train,SATISFIES
body motion animation principles,principles of animation,SAME,esco_altlabel,val,SATISFIES
WebLogic Server,WebLogic,SAME,a8_verified,test,SATISFIES
develop communication material accessible to people with disabilities,develop inclusive communication material,SAME,esco_altlabel,train,SATISFIES
build 3D environments,create 3D environments,SAME,esco_altlabel,val,SATISFIES
interface design techniques,interfacing techniques,SAME,esco_altlabel,train,SATISFIES
design wide area network,design computer network,SAME,esco_altlabel,train,SATISFIES
develop website wireframe,create website wireframe,SAME,esco_altlabel,val,SATISFIES
AWS cloud security,Cloud security (AWS),SAME,a8_verified,train,SATISFIES
biological computing,computational biology,SAME,esco_altlabel,train,SATISFIES
use digital illustration programmes,use digital illustration techniques,SAME,esco_altlabel,train,SATISFIES
repair hardware faults,maintain ICT server,SAME,esco_altlabel,test,SATISFIES
analyse data quality,data quality assessment,SAME,esco_altlabel,train,SATISFIES
multimedia equipment set up,set up multimedia equipment,SAME,esco_altlabel,train,SATISFIES
make use of typesetting software,use typesetting software,SAME,esco_altlabel,train,SATISFIES
disaster recovery best practice,system backup best practice,SAME,esco_altlabel,train,SATISFIES
unmanned aircraft system,unmanned air systems,SAME,esco_altlabel,train,SATISFIES
ERP Application Support,ERP software support,SAME,a8_verified,train,SATISFIES
C# .NET,C#.NET,SAME,a8_verified,train,SATISFIES
User Administration,User Management,SAME,a8_verified,train,SATISFIES
gather data,manage quantitative data,SAME,esco_altlabel,train,SATISFIES
setting up audio-visual equipment,set up broadcast equipment,SAME,esco_altlabel,train,SATISFIES
ObjectStore Standard Edition,ObjectStore,SAME,esco_altlabel,train,SATISFIES
LAN/WAN design,WAN/LAN design,SAME,a8_verified,train,SATISFIES
utilise computerised stowage systems,operate stowage programmes,SAME,esco_altlabel,train,SATISFIES
test programs,execute software tests,SAME,esco_altlabel,val,SATISFIES
advising on online dating,advise on online dating,SAME,esco_altlabel,train,SATISFIES
manage information security,manage system security,SAME,esco_altlabel,train,SATISFIES
simulation software ANSYS,computer simulation,SAME,esco_altlabel,train,SATISFIES
anticipate technical issues with multimedia integration systems,prevent technical problems with media integration systems,SAME,esco_altlabel,train,SATISFIES
instruct learners on using assistive technologies,guide learners in using assistive technologies,SAME,esco_altlabel,train,SATISFIES
airflow analysis,computational fluid dynamics,SAME,esco_altlabel,train,SATISFIES
Adobe Photoshop Lightroom for 2D Raster Graphics Generation,Adobe Photoshop Lightroom,SAME,esco_altlabel,train,SATISFIES
Hydra parallelized network login tool,THC Hydra,SAME,esco_altlabel,train,SATISFIES
record data from biomedical test,record data from biomedical tests,SAME,esco_altlabel,train,SATISFIES
internet gambling,online gambling,SAME,esco_altlabel,test,SATISFIES
Jenkins,Jenkins (tools for software configuration management),SAME,esco_altlabel,train,SATISFIES
Cisco Telephony Systems,Cisco Telephony,SAME,a8_verified,train,SATISFIES
backup data,perform backups,SAME,esco_altlabel,train,SATISFIES
manage info access aids,manage information access aids,SAME,esco_altlabel,val,SATISFIES
field-programmable integrated circuits,field-programmable gate arrays,SAME,esco_altlabel,train,SATISFIES
employ colour printing programs,use colour printing programs,SAME,esco_altlabel,train,SATISFIES
undertake cyber threat intelligence,conduct threat intelligence,SAME,esco_altlabel,test,SATISFIES
setup a digital crowdfunding activity,create a crowdfunding campaign,SAME,esco_altlabel,val,SATISFIES
managing library users queries,manage library users queries,SAME,esco_altlabel,train,SATISFIES
Swift programming paradigms,Swift (computer programming),SAME,esco_altlabel,train,SATISFIES
use html,use markup languages,SAME,esco_altlabel,test,SATISFIES
supercomputing techniques,supercomputing,SAME,esco_altlabel,val,SATISFIES
drafting corporate emails,draft corporate emails,SAME,esco_altlabel,train,SATISFIES
web search engine,search engines,SAME,esco_altlabel,train,SATISFIES
develop navigation routes for ships,plot shipping navigation routes,SAME,esco_altlabel,train,SATISFIES
develop animated images,create moving images,SAME,esco_altlabel,train,SATISFIES
ESXi Management,ESXi Administration,SAME,a8_verified,test,SATISFIES
recover ICT system,implement ICT recovery system,SAME,esco_altlabel,train,SATISFIES
produce brand's online communication plan,design brand's online communication plan,SAME,esco_altlabel,train,SATISFIES
install imaging equipment,install image equipment,SAME,esco_altlabel,train,SATISFIES
operate telecommunications equipment,use communication equipment,SAME,esco_altlabel,train,SATISFIES
handle IT systems for commercial purposes,use IT systems for commercial purposes,SAME,esco_altlabel,train,SATISFIES
Test Automation,Automation Testing,SAME,a8_verified,test,SATISFIES
MySQL Enterprise Edition,MySQL,SAME,esco_altlabel,val,SATISFIES
perform social engineering tests,execute social engineering tests,SAME,esco_altlabel,train,SATISFIES
D2L Brightspace,Brightspace (learning management systems),SAME,esco_altlabel,train,SATISFIES
run production systems,manage production systems,SAME,esco_altlabel,train,SATISFIES
OpenShift,OpenShift Platform,SAME,a8_verified,train,SATISFIES
operate communication equipment,use communication devices,SAME,esco_altlabel,train,SATISFIES
survey data processing,process collected survey data,SAME,esco_altlabel,train,SATISFIES
cognitive computing technology,cognitive computing,SAME,esco_altlabel,train,SATISFIES
IDS/IPS Management,IPS/IDS Management,SAME,a8_verified,train,SATISFIES
operate broadcast apparatus,operate broadcast equipment,SAME,esco_altlabel,train,SATISFIES
Data Visualization,Data visualisation,SAME,a8_verified,train,SATISFIES
unified modeling language,unified modelling language,SAME,esco_altlabel,train,SATISFIES
develop data processes,establish data processes,SAME,esco_altlabel,train,SATISFIES
information visualisation,visual presentation techniques,SAME,esco_altlabel,train,SATISFIES
PRojects IN Controlled Environments,Prince2 project management,SAME,esco_altlabel,train,SATISFIES
MS Visual C++,Microsoft Visual C++,SAME,esco_altlabel,train,SATISFIES
SAP R/3 Enterprise Edition,SAP R3,SAME,esco_altlabel,train,SATISFIES
cloud computing,cloud technologies,SAME,esco_altlabel,train,SATISFIES
hardware checking,test hardware,SAME,esco_altlabel,val,SATISFIES
conduct geographic information system activities,use geographic information systems,SAME,esco_altlabel,val,SATISFIES
use of electronic health records in nursing,use electronic health records in nursing,SAME,esco_altlabel,train,SATISFIES
knowledge of Eclipse,Eclipse (integrated development environment software),SAME,esco_altlabel,train,SATISFIES
measure network bandwidth requirements,analyse network bandwidth requirements,SAME,esco_altlabel,train,SATISFIES
types of IC,integrated circuit types,SAME,esco_altlabel,train,SATISFIES
Mentoring junior staff,Junior mentorship,SAME,a8_verified,train,SATISFIES
R software,R,SAME,esco_altlabel,train,SATISFIES
Sailfish OS,mobile operating systems,SAME,esco_altlabel,test,SATISFIES
combine face-to-face and online learning,apply blended learning,SAME,esco_altlabel,val,SATISFIES
network equipment vendors,procurement of ICT network equipment,SAME,esco_altlabel,train,SATISFIES
utilise 3D body scanners for clothing,use 3D scanners for clothing,SAME,esco_altlabel,train,SATISFIES
footwear computer-aided design,CAD for footwear,SAME,esco_altlabel,test,SATISFIES
Microsoft 365,Microsoft Office 365,SAME,a8_verified,val,SATISFIES
technologies for 3D body scanning,3D body scanning technologies,SAME,esco_altlabel,train,SATISFIES
establish advocacy material,create advocacy material,SAME,esco_altlabel,train,SATISFIES
types of control panel components,control panel components,SAME,esco_altlabel,train,SATISFIES
Informix Advanced Workgroup Edition,IBM Informix,SAME,esco_altlabel,test,SATISFIES
digital signature schemes,blockchain signature schemes,SAME,esco_altlabel,train,SATISFIES
Elasticsearch,Elasticsearch Engine,SAME,a8_verified,train,SATISFIES
digitally cut raw footage,cut raw footage digitally,SAME,esco_altlabel,test,SATISFIES
simulating sensor,model sensor,SAME,esco_altlabel,train,SATISFIES
models for blockchain-based business,blockchain-based business models,SAME,esco_altlabel,test,SATISFIES
data feature engineering,perform dimensionality reduction,SAME,esco_altlabel,test,SATISFIES
utilise on-board computer systems,operate on-board computer systems,SAME,esco_altlabel,train,SATISFIES
study stress resistance of products,analyse stress resistance of products,SAME,esco_altlabel,train,SATISFIES
website marketing,enhance website visibility,SAME,esco_altlabel,test,SATISFIES
Mobile App Development,Mobile Application Development,SAME,a8_verified,train,SATISFIES
sketch textiles or wearing apparel using softwares,draw sketches to develop textile articles using softwares,SAME,esco_altlabel,train,SATISFIES
smart farming,e-agriculture,SAME,esco_altlabel,test,SATISFIES
t-distributed stochastic neighbor embedding,perform dimensionality reduction,SAME,esco_altlabel,test,SATISFIES
security in distributed ledger technology,distributed ledger technologies vulnerabilities,SAME,esco_altlabel,val,SATISFIES
computer components assembling,assemble hardware components,SAME,esco_altlabel,train,SATISFIES
operate ICT hardware,use ICT hardware,SAME,esco_altlabel,train,SATISFIES
ICT capacity management,ICT capacity planning strategies,SAME,esco_altlabel,train,SATISFIES
develop digital marketing strategies,plan digital marketing,SAME,esco_altlabel,test,SATISFIES
ethical hacking techniques,ethical hacking principles,SAME,esco_altlabel,train,SATISFIES
employ a telecine,use a telecine,SAME,esco_altlabel,train,SATISFIES
employ water navigation equipment,use water navigation devices,SAME,esco_altlabel,train,SATISFIES
Office 365,Office 365 Suite,SAME,a8_verified,test,SATISFIES
IIS,Microsoft IIS,SAME,a8_verified,train,SATISFIES
optical prototypes developing,design optical prototypes,SAME,esco_altlabel,train,SATISFIES
Schedule Management,Scheduling Management,SAME,a8_verified,train,SATISFIES
conduct research in ICT,innovate in ICT,SAME,esco_altlabel,train,SATISFIES
cloud migration planning,plan migration to cloud,SAME,esco_altlabel,test,SATISFIES
preserve new media,conserve new media,SAME,esco_altlabel,train,SATISFIES
monitor product data,product data management,SAME,esco_altlabel,train,SATISFIES
GitHub Version Control,GitHub Versioning,SAME,a8_verified,test,SATISFIES
Absorb,Absorb (learning management systems),SAME,esco_altlabel,train,SATISFIES
Adobe Illustrator CC,Adobe Illustrator,SAME,esco_altlabel,val,SATISFIES
theory of hybrid model,hybrid model,SAME,esco_altlabel,train,SATISFIES
manage wireless equipment set-up for performing art,manage multi frequency wireless signal distribution,SAME,esco_altlabel,test,SATISFIES
produce electronic files,output electronic files,SAME,esco_altlabel,train,SATISFIES
the post-processing of photographs,post-processing of photographs,SAME,esco_altlabel,train,SATISFIES
Quality maturity models,ICT process quality models,SAME,esco_altlabel,train,SATISFIES
operation of maritime telecommunications systems,maritime telecommunications,SAME,esco_altlabel,train,SATISFIES
HCI,human-computer interaction,SAME,esco_altlabel,test,SATISFIES
XQuery language,XQuery,SAME,esco_altlabel,val,SATISFIES
create and update donor database,manage donor database,SAME,esco_altlabel,train,SATISFIES
internet governance policies,internet governance,SAME,esco_altlabel,test,SATISFIES
TypeScript programming language,TypeScript,SAME,esco_altlabel,test,SATISFIES
ABBYY FineReader PDF software,ABBYY FineReader,SAME,esco_altlabel,val,SATISFIES
ensure accessibility of communication material,develop inclusive communication material,SAME,esco_altlabel,train,SATISFIES
research ground systems,carry out research on ground systems,SAME,esco_altlabel,test,SATISFIES
extract information by applying reverse engineering,apply reverse engineering,SAME,esco_altlabel,train,SATISFIES
modelling sensor,model sensor,SAME,esco_altlabel,train,SATISFIES
operate broadcast studio controls,operate audio equipment,SAME,esco_altlabel,train,SATISFIES
archive new media,conserve new media,SAME,esco_altlabel,train,SATISFIES
data confidentiality,information confidentiality,SAME,esco_altlabel,train,SATISFIES
Testing and Deployment,Testing Deployment,SAME,a8_verified,train,SATISFIES
Groovy programming language,Groovy,SAME,esco_altlabel,train,SATISFIES
ICT networking devices,ICT networking hardware,SAME,esco_altlabel,train,SATISFIES
object-oriented modeling,object-oriented modelling,SAME,esco_altlabel,train,SATISFIES
databases quality standards,database quality standards,SAME,esco_altlabel,train,SATISFIES
ICT environmental guidelines,ICT environmental policies,SAME,esco_altlabel,val,SATISFIES
design ICT workflows,develop ICT workflow,SAME,esco_altlabel,test,SATISFIES
oversee data collection methods,manage data collection systems,SAME,esco_altlabel,train,SATISFIES
conserve database,maintain freelance database,SAME,esco_altlabel,train,SATISFIES
employ audio reproduction tools,use audio reproduction software,SAME,esco_altlabel,train,SATISFIES
Rudder,tools for software configuration management,SAME,esco_altlabel,val,SATISFIES
fitting sound on stage,prepare sound equipment on stage,SAME,esco_altlabel,test,SATISFIES
IT infrastructure and operations,ICT infrastructure,SAME,esco_altlabel,train,SATISFIES
edit photos and negatives,edit photographs,SAME,esco_altlabel,train,SATISFIES
utilisation of pipeline video equipment,use pipeline video equipment,SAME,esco_altlabel,train,SATISFIES
crypto,cryptocurrency,SAME,esco_altlabel,val,SATISFIES
Brightspace Learning Environment,Brightspace (learning management systems),SAME,esco_altlabel,train,SATISFIES
online interaction strategies and methods,online moderation techniques,SAME,esco_altlabel,train,SATISFIES
design cybersecurity training,set up cybersecurity training programmes,SAME,esco_altlabel,test,SATISFIES
Python 3K,Python (computer programming),SAME,esco_altlabel,train,SATISFIES
use net chat,use internet chat,SAME,esco_altlabel,train,SATISFIES
MultiDimensional eXpressions,MDX,SAME,esco_altlabel,train,SATISFIES
develop software throw-away simulation,develop software prototype,SAME,esco_altlabel,train,SATISFIES
guard CNC grinding machine,tend CNC grinding machine,SAME,esco_altlabel,train,SATISFIES
organise ICT data classification responsibilities,manage ICT data classification,SAME,esco_altlabel,train,SATISFIES
adapt to new technology used in automobiles,adapt to new technology used in cars,SAME,esco_altlabel,train,SATISFIES
set up a basic recording,set up basic recording,SAME,esco_altlabel,train,SATISFIES
sketch stage layouts digitally,draw up stage layouts digitally,SAME,esco_altlabel,train,SATISFIES
neural networks,artificial neural networks,SAME,esco_altlabel,train,SATISFIES
Solaris,Solaris OS,SAME,a8_verified,train,SATISFIES
cloud safety,cloud security and compliance,SAME,esco_altlabel,train,SATISFIES
WebLogic Server,Oracle WebLogic Server,SAME,a8_verified,test,SATISFIES
plan threat intelligence,conduct threat intelligence,SAME,esco_altlabel,test,SATISFIES
alarms,alarm systems,SAME,esco_altlabel,train,SATISFIES
operate automated stage flying systems,operate automated stage movement control system,SAME,esco_altlabel,train,SATISFIES
use GPS and radar navigation systems,use modern electronic navigational aids,SAME,esco_altlabel,train,SATISFIES
Non-first Normal Form Query Language,N1QL,SAME,esco_altlabel,train,SATISFIES
prepare circuit boards,design circuit boards,SAME,esco_altlabel,val,SATISFIES
align antennae with receiving dish,align antennae with receiving dishes,SAME,esco_altlabel,train,SATISFIES
robots assembling,assemble robots,SAME,esco_altlabel,train,SATISFIES
develop software mockup,develop software prototype,SAME,esco_altlabel,train,SATISFIES
legal guidance for blockchain,blockchain-based services regulation,SAME,esco_altlabel,train,SATISFIES
Azure Cloud,Azure,SAME,a8_verified,train,SATISFIES
simulate computer hardware,model hardware,SAME,esco_altlabel,train,SATISFIES
OBS,Outsourcing model,SAME,esco_altlabel,train,SATISFIES
Smalltalk programming system,Smalltalk (computer programming),SAME,esco_altlabel,train,SATISFIES
3D texturing process,3D texturing,SAME,esco_altlabel,test,SATISFIES
analyze ecological data,analyse ecological data,SAME,esco_altlabel,test,SATISFIES
digitalise patient data,transfer medical information,SAME,esco_altlabel,train,SATISFIES
perform actions using computerised stowage programmes,operate stowage programmes,SAME,esco_altlabel,train,SATISFIES
designing electrical systems,design electrical systems,SAME,esco_altlabel,test,SATISFIES
BDD Cucumber,Cucumber BDD,SAME,a8_verified,train,SATISFIES
Escalation Procedures,Escalation Handling,SAME,a8_verified,val,SATISFIES
Apache Tomcat,Tomcat server,SAME,a8_verified,train,SATISFIES
RMA processing,RMA Process,SAME,a8_verified,test,SATISFIES
use computer reservation system,use global distribution system,SAME,esco_altlabel,test,SATISFIES
Lightweight Directory Access Protocol,LDAP,SAME,esco_altlabel,train,SATISFIES
create MRI images,operate medical imaging equipment,SAME,esco_altlabel,train,SATISFIES
use agricultural information systems,use agricultural information systems and databases,SAME,esco_altlabel,val,SATISFIES
software integration testing,levels of software testing,SAME,esco_altlabel,train,SATISFIES
data administration,manage data,SAME,esco_altlabel,train,SATISFIES
use search engine,conduct web searches,SAME,esco_altlabel,train,SATISFIES
identify needs of website users to increase traffic,research website users,SAME,esco_altlabel,train,SATISFIES
C++ framework,C++,SAME,esco_altlabel,train,SATISFIES
use information and communication technology systems,use ICT systems,SAME,esco_altlabel,train,SATISFIES
give online help,provide online help,SAME,esco_altlabel,test,SATISFIES
First-Level Troubleshooting,Level 1 Troubleshooting,SAME,a8_verified,train,SATISFIES
ICT hardware needs,ICT hardware specifications,SAME,esco_altlabel,train,SATISFIES
operate ICT equipment in maintenance activities,use ICT equipment in maintenance activities,SAME,esco_altlabel,val,SATISFIES
develop instructional material for educators,develop digital educational materials,SAME,esco_altlabel,train,SATISFIES
design ICT system,design information system,SAME,esco_altlabel,test,SATISFIES
design automated transfer of ICT information,develop automated migration methods,SAME,esco_altlabel,train,SATISFIES
digital compositing process,digital compositing,SAME,esco_altlabel,train,SATISFIES
manage websites,manage website,SAME,esco_altlabel,train,SATISFIES
define statistical software,develop statistical software,SAME,esco_altlabel,train,SATISFIES
open web application security project,web application security threats,SAME,esco_altlabel,train,SATISFIES
engineer a domotic system in nzeb residential buildings,design a domotic system in buildings,SAME,esco_altlabel,train,SATISFIES
digital photography,digital arts,SAME,esco_altlabel,test,SATISFIES
Microsoft Hyper-V,Hyper-V,SAME,a8_verified,train,SATISFIES
ANN,artificial neural networks,SAME,esco_altlabel,train,SATISFIES
generate 3D texture map,create 3D texture map,SAME,esco_altlabel,train,SATISFIES
use IT systems for a commercial purpose,use IT systems for commercial purposes,SAME,esco_altlabel,train,SATISFIES
carry out operations using mailing information systems,operate mailing information systems,SAME,esco_altlabel,train,SATISFIES
set up tote boards,set up tote board,SAME,esco_altlabel,test,SATISFIES
plan marketing digitally,plan digital marketing,SAME,esco_altlabel,test,SATISFIES
undertake online data analysis,perform online data analysis,SAME,esco_altlabel,train,SATISFIES
CA-Datacom/DB,CA Datacom/DB,SAME,esco_altlabel,train,SATISFIES
Informatica Power Center,Informatica PowerCenter,SAME,esco_altlabel,test,SATISFIES
maintaining irrigation controllers,maintain irrigation controllers,SAME,esco_altlabel,train,SATISFIES
develop 3D character rigs,rig 3D characters,SAME,esco_altlabel,train,SATISFIES
use digital devices,operate digital hardware,SAME,esco_altlabel,train,SATISFIES
call-centre technology,call-centre technologies,SAME,esco_altlabel,test,SATISFIES
BlackArch testing tool,BlackArch,SAME,esco_altlabel,train,SATISFIES
Virtual machine migration,VM Migration,SAME,a8_verified,val,SATISFIES
coordinate meteorological databases,manage meteorological database,SAME,esco_altlabel,train,SATISFIES
manage software systems used in dispatching,manage dispatch software systems,SAME,esco_altlabel,test,SATISFIES
Kubernetes Management,Kubernetes Administration,SAME,a8_verified,train,SATISFIES
microelectromechanical systems design,design microelectromechanical systems,SAME,esco_altlabel,train,SATISFIES
Murex 3.1,Murex MX3.1,SAME,a8_verified,train,SATISFIES
Linux/Unix,Unix/Linux,SAME,a8_verified,train,SATISFIES
complete bibliographic work,carry out bibliographic work,SAME,esco_altlabel,train,SATISFIES
RAGE,RAGE (digital game creation systems),SAME,esco_altlabel,train,SATISFIES
Kali Docs,Kali Linux,SAME,esco_altlabel,train,SATISFIES
computational science,scientific computing,SAME,esco_altlabel,val,SATISFIES
milk control software operating,use milk control software,SAME,esco_altlabel,train,SATISFIES
analyze network bandwidth requirements,analyse network bandwidth requirements,SAME,esco_altlabel,train,SATISFIES
optimise fleet utilisation,optimise fleet usability,SAME,esco_altlabel,train,SATISFIES
gambling online,online gambling,SAME,esco_altlabel,test,SATISFIES
fix projection equipment,maintain projection equipment,SAME,esco_altlabel,train,SATISFIES
assess software specifications,analyse software specifications,SAME,esco_altlabel,train,SATISFIES
gis,geographic information systems,SAME,esco_altlabel,train,SATISFIES
specify ICT hardware placement in buildings,design ICT hardware placement,SAME,esco_altlabel,val,SATISFIES
PointBase Embedded,database management systems,SAME,esco_altlabel,train,SATISFIES
MBSE methodology,model based system engineering,SAME,esco_altlabel,train,SATISFIES
apply ultrasonic equipment,use ultrasonic equipment,SAME,esco_altlabel,train,SATISFIES
make digital files,create digital files,SAME,esco_altlabel,train,SATISFIES
Huawei switching,Huawei Switches,SAME,a8_verified,train,SATISFIES
audio-visual apparatus,audiovisual equipment,SAME,esco_altlabel,train,SATISFIES
oversee software localisation,manage software localisation,SAME,esco_altlabel,train,SATISFIES
Nginx web server,NGINX server,SAME,a8_verified,train,SATISFIES
MATLAB software development principles,MATLAB,SAME,esco_altlabel,train,SATISFIES
security sensor control panel wiring,wire security sensors,SAME,esco_altlabel,train,SATISFIES
electronic devices,electronics,SAME,esco_altlabel,val,SATISFIES
supervise internet-based volunteers,manage online volunteers,SAME,esco_altlabel,train,SATISFIES
digital identity methods,digital identity management,SAME,esco_altlabel,train,SATISFIES
manage cloud data retention,manage cloud data and storage,SAME,esco_altlabel,train,SATISFIES
healthcare data system types,healthcare data systems,SAME,esco_altlabel,train,SATISFIES
develop database scheme,design database scheme,SAME,esco_altlabel,test,SATISFIES
utilise CAE software,use CAE software,SAME,esco_altlabel,train,SATISFIES
designing ventilation network,design ventilation network,SAME,esco_altlabel,train,SATISFIES
Legal Technology,Legal Tech,SAME,a8_verified,train,SATISFIES
using sales forecasting softwares,use sales forecasting softwares,SAME,esco_altlabel,val,SATISFIES
Windows,Microsoft Windows,SAME,a8_verified,train,SATISFIES
create facial animation for 3D character,animate 3D organic forms,SAME,esco_altlabel,train,SATISFIES
adjust ICT network capacity,adjust ICT system capacity,SAME,esco_altlabel,val,SATISFIES
identify risks in blockchain technology,recognise blockchain risks,SAME,esco_altlabel,test,SATISFIES
produce online sales business plan,develop online sales business plan,SAME,esco_altlabel,train,SATISFIES
mechanics computing,computational mechanics,SAME,esco_altlabel,train,SATISFIES
use database management systems,use databases,SAME,esco_altlabel,train,SATISFIES
ABAP debugging,Debugging ABAP,SAME,a8_verified,val,SATISFIES
ServiceNow incident handling,ServiceNow Incident Management,SAME,a8_verified,train,SATISFIES
conserve broadcast equipment,maintain broadcast equipment,SAME,esco_altlabel,test,SATISFIES
transportation software related to an ERP programme,transportation software related to an ERP system,SAME,esco_altlabel,train,SATISFIES
verify formal IT specifications,verify formal ICT specifications,SAME,esco_altlabel,train,SATISFIES
operate live remote equipment,operate remote broadcast equipment,SAME,esco_altlabel,val,SATISFIES
use recovery software,use back-up and recovery tools,SAME,esco_altlabel,train,SATISFIES
typology of digital camera sensors,digital camera sensors,SAME,esco_altlabel,train,SATISFIES
Oracle WebLogic,WebLogic,SAME,a8_verified,test,SATISFIES
simulate customer software problems,replicate customer software issues,SAME,esco_altlabel,train,SATISFIES
mobility lightweight vehicles,micro mobility devices,SAME,esco_altlabel,train,SATISFIES
UML Modeling,UML modelling,SAME,a8_verified,train,SATISFIES
GIMP software,GIMP (graphics editor software),SAME,esco_altlabel,val,SATISFIES
utilise specialist equipment to calculate ocean depth,operate echo sounding equipment,SAME,esco_altlabel,train,SATISFIES
identify needs and technological responses,identify technological needs,SAME,esco_altlabel,train,SATISFIES
Google Sheets,use spreadsheets software,SAME,esco_altlabel,train,SATISFIES
SOAP Web Services,SOAP Services,SAME,a8_verified,test,SATISFIES
create products' virtual models,create a product's virtual model,SAME,esco_altlabel,train,SATISFIES
assess translation technologies,evaluate translation technologies,SAME,esco_altlabel,train,SATISFIES
utilise computer-based programmes to improve patients' abilities,use computer programs to improve patients' skills,SAME,esco_altlabel,train,SATISFIES
sync antennae with receiving dishes,align antennae with receiving dishes,SAME,esco_altlabel,train,SATISFIES
communicate in digital environments,use communication and collaboration software,SAME,esco_altlabel,train,SATISFIES
MS Office,MS Office Suite,SAME,a8_verified,val,SATISFIES
apply customer relationship management software,use customer relationship management software,SAME,esco_altlabel,test,SATISFIES
CRM,Salesforce CRM,SAME,a8_verified,train,SATISFIES
proof of stake,blockchain consensus mechanisms,SAME,esco_altlabel,test,SATISFIES
L3 Support,L3 Technical Support,SAME,a8_verified,test,SATISFIES
ensure that database used in warehouse is up-to-date,maintain warehouse database,SAME,esco_altlabel,train,SATISFIES
mount broadcast equipment,set up broadcast equipment,SAME,esco_altlabel,train,SATISFIES
Mentorship,Mentoring,SAME,a8_verified,train,SATISFIES
evaluate digital data,"evaluate data, information and digital content",SAME,esco_altlabel,test,SATISFIES
simulate medical devices,model medical devices,SAME,esco_altlabel,test,SATISFIES
manufacturer's advice for audio visual equipment,manufacturer's instructions for audiovisual equipment,SAME,esco_altlabel,train,SATISFIES
digital collaboration tools,web based collaborative platforms,SAME,esco_altlabel,test,SATISFIES
set up website wireframe,create website wireframe,SAME,esco_altlabel,val,SATISFIES
Modbus protocol,Modbus communication,SAME,a8_verified,train,SATISFIES
computer telephony,use computer telephony integration,SAME,esco_altlabel,train,SATISFIES
blockchain,blockchain components,SAME,esco_altlabel,train,SATISFIES
Oracle SQL,SQL Oracle,SAME,a8_verified,train,SATISFIES
CADD software,CAD software,SAME,esco_altlabel,val,SATISFIES
implement fleet management system,use fleet management system,SAME,esco_altlabel,val,SATISFIES
ensure data reusability,manage findable accessible interoperable and reusable data,SAME,esco_altlabel,train,SATISFIES
learning channels,learning technologies,SAME,esco_altlabel,train,SATISFIES
analyse the implications of blockchain for governance,explain blockchain implications,SAME,esco_altlabel,val,SATISFIES
operate tote boards,operate tote board,SAME,esco_altlabel,train,SATISFIES
Software Testing Methodologies,Software Test Methodologies,SAME,a8_verified,train,SATISFIES
Wi-Fi Administration,Wi‑Fi management,SAME,a8_verified,val,SATISFIES
Data Center HVAC,Data centre HVAC,SAME,a8_verified,train,SATISFIES
execute automated process control,operate automated process control,SAME,esco_altlabel,val,SATISFIES
employ audio-signal processors,operate audio-signal processors,SAME,esco_altlabel,val,SATISFIES
tend computer numerical controlled metal punch presses,tend CNC metal punch press,SAME,esco_altlabel,train,SATISFIES
naval telecommunications,maritime telecommunications,SAME,esco_altlabel,train,SATISFIES
machine tools using,operate machine tools,SAME,esco_altlabel,train,SATISFIES
troubleshoot system,solve ICT system problems,SAME,esco_altlabel,test,SATISFIES
utilize analytics for commercial purposes,use analytics for commercial purposes,SAME,esco_altlabel,train,SATISFIES
data presentation software,data visualisation software,SAME,esco_altlabel,val,SATISFIES
provide guidelines and standards for content development,provide guidelines for content development,SAME,esco_altlabel,train,SATISFIES
GIMP,GIMP (graphics editor software),SAME,esco_altlabel,val,SATISFIES
electromagnetic products simulating,model electromagnetic products,SAME,esco_altlabel,val,SATISFIES
manage online gambles,manage online gambling,SAME,esco_altlabel,test,SATISFIES
Storyboard,Storyboarding,SAME,a8_verified,train,SATISFIES
KDevelop platform,KDevelop,SAME,esco_altlabel,train,SATISFIES
broadcast on streaming,report live online,SAME,esco_altlabel,train,SATISFIES
Ubuntu Linux,Linux (Ubuntu),SAME,a8_verified,train,SATISFIES
cash points,ATM systems,SAME,esco_altlabel,train,SATISFIES
types of microelectromechanical systems,microelectromechanical systems,SAME,esco_altlabel,train,SATISFIES
utilisation of mine planning software,use mine planning software,SAME,esco_altlabel,train,SATISFIES
use database software,use databases,SAME,esco_altlabel,train,SATISFIES
implement data processes,establish data processes,SAME,esco_altlabel,train,SATISFIES
Source 2,Source (digital game creation systems),SAME,esco_altlabel,train,SATISFIES
use mark-up languages,use markup languages,SAME,esco_altlabel,test,SATISFIES
Bilingual English Chinese,Bilingual Chinese English,SAME,a8_verified,val,SATISFIES
radar image analysis,study radar images,SAME,esco_altlabel,train,SATISFIES
anticipate weather conditions through use of computer models,use specialised computer models for weather forecasting,SAME,esco_altlabel,train,SATISFIES
handle cybersecurity incidents in production facilities,handle cybersecurity incidents,SAME,esco_altlabel,train,SATISFIES
manage quality of broadcasts,monitor quality of broadcasts,SAME,esco_altlabel,train,SATISFIES
information security principles,data security principles,SAME,esco_altlabel,test,SATISFIES
conduct a special type of electroencephalogram,conduct video telemetry,SAME,esco_altlabel,train,SATISFIES
oversee CNC engraving machine,tend CNC engraving machine,SAME,esco_altlabel,train,SATISFIES
oversee flight data communication programme,manage flight data communications programme,SAME,esco_altlabel,test,SATISFIES
use VoIP conference calling,use online tools to collaborate,SAME,esco_altlabel,train,SATISFIES
delegated proof of stake,blockchain consensus mechanisms,SAME,esco_altlabel,test,SATISFIES
compile transmitter readings,log transmitter readings,SAME,esco_altlabel,val,SATISFIES
Agile Software Development Practices,Agile development,SAME,esco_altlabel,val,SATISFIES
setting up tote board,set up tote board,SAME,esco_altlabel,test,SATISFIES
evaluate pipeline database information,analyse pipeline database information,SAME,esco_altlabel,val,SATISFIES
transcribing texts,transcribe texts,SAME,esco_altlabel,train,SATISFIES
engineering process control,control engineering,SAME,esco_altlabel,train,SATISFIES
modify user-friendliness,improve user-friendliness,SAME,esco_altlabel,train,SATISFIES
analyse radar images,study radar images,SAME,esco_altlabel,train,SATISFIES
use specialized design software,use specialised design software,SAME,esco_altlabel,train,SATISFIES
MATLAB Software,MATLAB,SAME,a8_verified,train,SATISFIES
develop OCR,develop computer vision system,SAME,esco_altlabel,train,SATISFIES
design a domotic system in nzeb buildings,design a domotic system in buildings,SAME,esco_altlabel,train,SATISFIES
Assemble Small Objects And Parts,assemble telecommunications devices,SAME,esco_altlabel,val,SATISFIES
use model data,perform data mining,SAME,esco_altlabel,test,SATISFIES
run audio-signal processors,operate audio-signal processors,SAME,esco_altlabel,val,SATISFIES
Router Configuration,Network Router Configuration,SAME,a8_verified,test,SATISFIES
perform AIM update activities,maintain up-to-date aeronautical information management services,SAME,esco_altlabel,train,SATISFIES
Frostbite 1.5,Frostbite (digital game creation systems),SAME,esco_altlabel,train,SATISFIES
infrared imagery creation,create infrared imagery,SAME,esco_altlabel,train,SATISFIES
SAP R/3,SAP R3,SAME,esco_altlabel,train,SATISFIES
science of computer engineering,computer engineering,SAME,esco_altlabel,test,SATISFIES
use shorthand program,use shorthand computer program,SAME,esco_altlabel,train,SATISFIES
interaction design,software interaction design,SAME,esco_altlabel,test,SATISFIES
Automated Reporting,Report automation,SAME,a8_verified,train,SATISFIES
utilisation of seismometers,operate seismic equipment,SAME,esco_altlabel,train,SATISFIES
advanced mobility functionalities for smart cities,smart city features,SAME,esco_altlabel,train,SATISFIES
Swift software development techniques,Swift (computer programming),SAME,esco_altlabel,train,SATISFIES
analyze gambling data,analyse gambling data,SAME,esco_altlabel,train,SATISFIES
develop power electronics system,design power electronics,SAME,esco_altlabel,val,SATISFIES
Wireless Access Point Setup,WiFi access point setup,SAME,a8_verified,train,SATISFIES
voltage meter operating,operate electronic measuring instruments,SAME,esco_altlabel,val,SATISFIES
use global positioning systems,use specialised equipment,SAME,esco_altlabel,train,SATISFIES
ML,ML (computer programming),SAME,esco_altlabel,train,SATISFIES
operate a dealership management system,operate dealership management system,SAME,esco_altlabel,train,SATISFIES
online job platform,online job platforms,SAME,esco_altlabel,val,SATISFIES
electronic lock,electronic locks,SAME,esco_altlabel,train,SATISFIES
Scrum Agile,Scrum,SAME,a8_verified,train,SATISFIES
hardware manufacture,hardware industry,SAME,esco_altlabel,test,SATISFIES
operating documentation control system,set up documentation control system,SAME,esco_altlabel,train,SATISFIES
applying colour grading,apply colour grading,SAME,esco_altlabel,train,SATISFIES
Moodle e-learning platform,Moodle,SAME,esco_altlabel,train,SATISFIES
marketing data analytics,marketing analytics,SAME,esco_altlabel,train,SATISFIES
control automated stage movement system,operate automated stage movement control system,SAME,esco_altlabel,train,SATISFIES
Microsoft Teams,Microsoft Teams Collaboration,SAME,a8_verified,test,SATISFIES
design-to-cost process,design process,SAME,esco_altlabel,train,SATISFIES
captioning program,captioning software,SAME,esco_altlabel,test,SATISFIES
repair maritime communication devices,repair maritime communication equipment,SAME,esco_altlabel,train,SATISFIES
choose domotic systems,assess integrated domotics systems,SAME,esco_altlabel,val,SATISFIES
designing pharmaceutical manufacturing systems,design pharmaceutical manufacturing systems,SAME,esco_altlabel,train,SATISFIES
use voice-directed systems in warehouses,operate voice picking systems,SAME,esco_altlabel,train,SATISFIES
administer system,administer ICT system,SAME,esco_altlabel,test,SATISFIES
audio-visual devices,audiovisual equipment,SAME,esco_altlabel,train,SATISFIES
apply an operation for an ITIL-based environment,apply operations for an ITIL-based environment,SAME,esco_altlabel,train,SATISFIES
maintain archive users guidelines,manage archive users guidelines,SAME,esco_altlabel,train,SATISFIES
network programming,ICT system programming,SAME,esco_altlabel,train,SATISFIES
set up and maintain radio equipment,operate radio equipment,SAME,esco_altlabel,val,SATISFIES
total predictive maintenance,predictive maintenance,SAME,esco_altlabel,train,SATISFIES
NC manufacturing software,CAM software,SAME,esco_altlabel,val,SATISFIES
Cloud security (AWS),AWS security,SAME,a8_verified,val,SATISFIES
Microsoft Office 365,Office 365 Suite,SAME,a8_verified,train,SATISFIES
comparing data with standards,compare survey computations,SAME,esco_altlabel,train,SATISFIES
assembling robots,assemble robots,SAME,esco_altlabel,train,SATISFIES
oversee online competitors,monitor online competitors,SAME,esco_altlabel,train,SATISFIES
Jenkins CI/CD,CI/CD Jenkins,SAME,a8_verified,val,SATISFIES
functions of different satellites,types of satellites,SAME,esco_altlabel,train,SATISFIES
Backup and Recovery,Backup & Recovery,SAME,a8_verified,val,SATISFIES
use automatic cutting systems for footwear and leather goods,operate automatic cutting systems for footwear and leather goods,SAME,esco_altlabel,train,SATISFIES
application development life-cycle,systems development life-cycle,SAME,esco_altlabel,train,SATISFIES
interpret blood samples,analyse blood samples,SAME,esco_altlabel,train,SATISFIES
transfer unclipped audiovisual material to computer,transfer uncut audiovisual material to computer,SAME,esco_altlabel,train,SATISFIES
organise social media marketing campaigns,plan social media marketing campaigns,SAME,esco_altlabel,val,SATISFIES
ICT user needs identification techniques,identify ICT user needs,SAME,esco_altlabel,train,SATISFIES
preparing GIS reports,create GIS reports,SAME,esco_altlabel,train,SATISFIES
Caching mechanisms,Caching Technologies,SAME,a8_verified,train,SATISFIES
create 3D vector graphics,apply 3D imaging techniques,SAME,esco_altlabel,val,SATISFIES
data engineering methods,data engineering,SAME,esco_altlabel,train,SATISFIES
identify fossils,locate fossils,SAME,esco_altlabel,test,SATISFIES
FortiGate,Fortinet FortiGate,SAME,a8_verified,train,SATISFIES
GNU TeXmacs,use word processing software,SAME,esco_altlabel,train,SATISFIES
producing scanned images,produce scanned images,SAME,esco_altlabel,train,SATISFIES
apply sound measuring instruments,use sound measuring instruments,SAME,esco_altlabel,train,SATISFIES
GameSalad interface,GameSalad,SAME,esco_altlabel,train,SATISFIES
set up an audio recording,set up basic recording,SAME,esco_altlabel,train,SATISFIES
HRM systems,HR Management System,SAME,a8_verified,train,SATISFIES
types of computer controlled feeding systems,computerised feeding systems,SAME,esco_altlabel,train,SATISFIES
utilise CADD software,use CADD software,SAME,esco_altlabel,test,SATISFIES
adjust the 3d prototype,analyse clothing 3d prototypes,SAME,esco_altlabel,train,SATISFIES
audio technologies,audio technology,SAME,esco_altlabel,train,SATISFIES
PostgreSQL,PostgreSQL database,SAME,a8_verified,train,SATISFIES
determine market demands for ICT documentation,identify market requirements for ICT documentation,SAME,esco_altlabel,val,SATISFIES
principles of data protection,data protection,SAME,esco_altlabel,val,SATISFIES
Corel Presentations,use presentation software,SAME,esco_altlabel,train,SATISFIES
employ live performance capture technologies,use capturing systems for live performance,SAME,esco_altlabel,train,SATISFIES
define database user permissions,use access control software,SAME,esco_altlabel,train,SATISFIES
analyse how users interact with ICT applications,assess users' interaction with ICT applications,SAME,esco_altlabel,train,SATISFIES
firmware program,firmware,SAME,esco_altlabel,val,SATISFIES
alarm device,manage alarm system,SAME,esco_altlabel,train,SATISFIES
cutting technology automation,cutting technologies,SAME,esco_altlabel,val,SATISFIES
science of control engineering,control engineering,SAME,esco_altlabel,train,SATISFIES
employ insects detection sensors,use pest detection sensors,SAME,esco_altlabel,train,SATISFIES
carry out encoding,perform scrambling operations,SAME,esco_altlabel,test,SATISFIES
VBScript programming paradigms,VBScript,SAME,esco_altlabel,train,SATISFIES
design software testing,develop ICT test suite,SAME,esco_altlabel,val,SATISFIES
decentralized software characteristics,decentralized application frameworks,SAME,esco_altlabel,val,SATISFIES
GitOps Workflow,GitOps workflows,SAME,a8_verified,train,SATISFIES
perform visual checks to communication channels,monitor communication channels' performance,SAME,esco_altlabel,train,SATISFIES
macOS,Apple macOS,SAME,a8_verified,train,SATISFIES
Cloudmark DesktopOne Pro,protect ICT devices,SAME,esco_altlabel,test,SATISFIES
CCTV,manage closed-circuit television system,SAME,esco_altlabel,train,SATISFIES
set up electronic communication equipment,install electronic communication equipment,SAME,esco_altlabel,val,SATISFIES
mechatronics,robotics,SAME,esco_altlabel,train,SATISFIES
Mo-cap,motion capture,SAME,esco_altlabel,train,SATISFIES
plan maritime navigation routes,plot shipping navigation routes,SAME,esco_altlabel,train,SATISFIES
the hardware industry,hardware industry,SAME,esco_altlabel,test,SATISFIES
translating formulae into processes,translate formulae into processes,SAME,esco_altlabel,val,SATISFIES
deployment and provisioning,deploy cloud resource,SAME,esco_altlabel,test,SATISFIES
DBMS,operate relational database management system,SAME,esco_altlabel,train,SATISFIES
creating weather maps,create weather maps,SAME,esco_altlabel,test,SATISFIES
synchronise with movements of the mouth,synchronise with mouth movements,SAME,esco_altlabel,test,SATISFIES
Unreal Engine software,Unreal Engine,SAME,esco_altlabel,train,SATISFIES
handle research data,manage research data,SAME,esco_altlabel,train,SATISFIES
recognizing speech,speech recognition,SAME,esco_altlabel,train,SATISFIES
call-centre devices,call-centre technologies,SAME,esco_altlabel,test,SATISFIES
SAS Data Management software,SAS Data Management,SAME,esco_altlabel,test,SATISFIES
Mobile Application Testing,Mobile App Testing,SAME,a8_verified,val,SATISFIES
operating production flow remotely,control production flow remotely,SAME,esco_altlabel,test,SATISFIES
manage health record system electronically,use electronic health records management system,SAME,esco_altlabel,train,SATISFIES
statistical analysing of system software,statistical analysis system software,SAME,esco_altlabel,train,SATISFIES
use basic coding skills,apply basic programming skills,SAME,esco_altlabel,test,SATISFIES
monitor data entry,supervise data entry,SAME,esco_altlabel,train,SATISFIES
simulate problems for transports,simulate transport problems,SAME,esco_altlabel,train,SATISFIES
parallel computing,use concurrent programming,SAME,esco_altlabel,train,SATISFIES
carry out moderation of forums,carry out forum moderation,SAME,esco_altlabel,train,SATISFIES
write digital game characters,create digital game characters,SAME,esco_altlabel,val,SATISFIES
oversee video and motion picture editing team,supervise video and motion picture editing team,SAME,esco_altlabel,train,SATISFIES
teaches computer science,teach computer science,SAME,esco_altlabel,train,SATISFIES
supply connected vehicle solutions,provide connected car solutions,SAME,esco_altlabel,train,SATISFIES
study remote sensing technologies,research remote sensing technologies,SAME,esco_altlabel,train,SATISFIES
Ansible automation tool,Ansible,SAME,esco_altlabel,val,SATISFIES
Haskell techniques,Haskell,SAME,esco_altlabel,test,SATISFIES
create application design,create software design,SAME,esco_altlabel,test,SATISFIES
PONIE,Perl,SAME,esco_altlabel,test,SATISFIES
keep up with digital transformation of industry,keep up with digital transformation of industrial processes,SAME,esco_altlabel,test,SATISFIES
SharePoint,MS SharePoint,SAME,a8_verified,train,SATISFIES
projection gear,projection equipment,SAME,esco_altlabel,val,SATISFIES
wireless devices analysing,test wireless devices,SAME,esco_altlabel,train,SATISFIES
XML Publisher,XML Publisher (XMLP),SAME,a8_verified,train,SATISFIES
recommend journeys,implement route planning in smart mobility services,SAME,esco_altlabel,train,SATISFIES
implement online data analysis,perform online data analysis,SAME,esco_altlabel,train,SATISFIES
Testing and debugging,Testing Debugging,SAME,a8_verified,val,SATISFIES
sustain pricing database,maintain pricing database,SAME,esco_altlabel,train,SATISFIES
OWB,Oracle Warehouse Builder,SAME,esco_altlabel,train,SATISFIES
save up-to-date to computer trends,keep up-to-date to computer trends,SAME,esco_altlabel,train,SATISFIES
apply functional programming principles,use functional programming,SAME,esco_altlabel,train,SATISFIES
integrate blended learning,apply blended learning,SAME,esco_altlabel,val,SATISFIES
use anti-virus software,apply digital security measures,SAME,esco_altlabel,train,SATISFIES
OpenEdge RDBMS Advanced Enterprise Edition,OpenEdge Database,SAME,esco_altlabel,val,SATISFIES
motion graphic,motion graphics,SAME,esco_altlabel,train,SATISFIES
Windows Administration,Windows system administration,SAME,a8_verified,test,SATISFIES
operating video equipment,operate video equipment,SAME,esco_altlabel,test,SATISFIES
assisting in infrastructure designing for surface mines,design infrastructure for surface mines,SAME,esco_altlabel,test,SATISFIES
automation in production systems,automation technology,SAME,esco_altlabel,train,SATISFIES
maintain radio transmitting equipment,maintain radio communications equipment,SAME,esco_altlabel,train,SATISFIES
utilise software libraries,use software libraries,SAME,esco_altlabel,val,SATISFIES
utilize shorthand computer programs,use shorthand computer program,SAME,esco_altlabel,train,SATISFIES
blockchain infrastructures,blockchain platforms,SAME,esco_altlabel,train,SATISFIES
Groovy software techniques,Groovy,SAME,esco_altlabel,train,SATISFIES
regulatory framework for blockchain,blockchain-based services regulation,SAME,esco_altlabel,train,SATISFIES
id Tech software,id Tech,SAME,esco_altlabel,val,SATISFIES
implement ICT system usage policies,apply ICT system usage policies,SAME,esco_altlabel,train,SATISFIES
prevent technical problems with MIS,prevent technical problems with media integration systems,SAME,esco_altlabel,train,SATISFIES
Data Center Design,Data Centre Design,SAME,a8_verified,train,SATISFIES
maintain pricing databases,maintain pricing database,SAME,esco_altlabel,train,SATISFIES
check ICT query performance,test ICT queries,SAME,esco_altlabel,train,SATISFIES
electro-mechanical systems designing,design electromechanical systems,SAME,esco_altlabel,train,SATISFIES
collect cyber defence intelligence,collect cyber defence data,SAME,esco_altlabel,train,SATISFIES
search for information online,conduct web searches,SAME,esco_altlabel,train,SATISFIES
detect blockchain technology application domains,recognise blockchain application areas,SAME,esco_altlabel,train,SATISFIES
enhance customer traveling experiences with augmented reality,improve customer traveling experiences with augmented reality,SAME,esco_altlabel,train,SATISFIES
configure media integration systems,set up media integration systems,SAME,esco_altlabel,train,SATISFIES
Bootstrap CSS,CSS Bootstrap,SAME,a8_verified,test,SATISFIES
facilitate development of biometric systems,contribute to development of biometric systems,SAME,esco_altlabel,train,SATISFIES
convert objects using animation,convert into animated object,SAME,esco_altlabel,val,SATISFIES
cell phone device management,mobile device management,SAME,esco_altlabel,train,SATISFIES
distribute signals to control,distribute control signals,SAME,esco_altlabel,train,SATISFIES
evaluate costs of installing telecommunication devices,estimate costs of installing telecommunication devices,SAME,esco_altlabel,train,SATISFIES
Rapid7 Nexpose,Nexpose,SAME,esco_altlabel,val,SATISFIES
telecommunication trunking method,telecommunication trunking,SAME,esco_altlabel,train,SATISFIES
apply creative suite software,use creative suite software,SAME,esco_altlabel,test,SATISFIES
operate modern electronic navigational equipment,use modern electronic navigational aids,SAME,esco_altlabel,train,SATISFIES
use system for global distribution,use global distribution system,SAME,esco_altlabel,test,SATISFIES
use complex communication systems,use a complex communication system,SAME,esco_altlabel,val,SATISFIES
elaborate 3D digital footwear prototypes,create 3D CAD footwear prototypes,SAME,esco_altlabel,train,SATISFIES
carry out conversion testing,execute conversion testing,SAME,esco_altlabel,train,SATISFIES
Microsoft Dynamics AX,MS Dynamics AX,SAME,a8_verified,test,SATISFIES
organise digital campaigns,plan social media marketing campaigns,SAME,esco_altlabel,val,SATISFIES
explain practical implications of blockchain,explain blockchain implications,SAME,esco_altlabel,val,SATISFIES
SharePointLMS,learning management systems,SAME,esco_altlabel,test,SATISFIES
pill branding performing,perform pill branding,SAME,esco_altlabel,val,SATISFIES
Litmos platform,Litmos,SAME,esco_altlabel,train,SATISFIES
Linux operating system,Linux,SAME,a8_verified,train,SATISFIES
edit photos,edit photographs,SAME,esco_altlabel,train,SATISFIES
Pascal,Pascal (computer programming),SAME,esco_altlabel,val,SATISFIES
evaluate ICT process impact,conduct impact evaluation of ICT processes on business,SAME,esco_altlabel,test,SATISFIES
utilisation of AMS communications,use aeronautical mobile service communications,SAME,esco_altlabel,train,SATISFIES
locate defects causing unexpected software output,debug software,SAME,esco_altlabel,train,SATISFIES
create a moving image,create moving images,SAME,esco_altlabel,train,SATISFIES
particles movement simulation,particle animation,SAME,esco_altlabel,train,SATISFIES
manage security systems,manage technical security systems,SAME,esco_altlabel,train,SATISFIES
utilise ICT tools for logic programming,use logic programming,SAME,esco_altlabel,val,SATISFIES
motion capturing,motion capture,SAME,esco_altlabel,train,SATISFIES
MS Access,Microsoft Access,SAME,esco_altlabel,train,SATISFIES
troubleshoot issues in cloud systems,respond to incidents in cloud,SAME,esco_altlabel,train,SATISFIES
integrate software into system frameworks,align software with system architectures,SAME,esco_altlabel,train,SATISFIES
operate multi meter,operate electronic measuring instruments,SAME,esco_altlabel,val,SATISFIES
use 3D visualization and processing software,operate 3D computer graphics software,SAME,esco_altlabel,test,SATISFIES
open badges,types of digital badges,SAME,esco_altlabel,train,SATISFIES
principles of distributed ledger technology,distributed ledger technology,SAME,esco_altlabel,train,SATISFIES
analyse safety data to identify safety threats,perform safety data analysis,SAME,esco_altlabel,train,SATISFIES
design using specialist software,use technical drawing software,SAME,esco_altlabel,train,SATISFIES
use CAD to design circuits,design circuits using CAD,SAME,esco_altlabel,train,SATISFIES
configuring control systems,operate control systems,SAME,esco_altlabel,train,SATISFIES
oversee automated machines,monitor automated machines,SAME,esco_altlabel,train,SATISFIES
use ICT recources to solve work related tasks,use ICT resources to solve work related tasks,SAME,esco_altlabel,val,SATISFIES
Not Only SQL non-relational database,NoSQL,SAME,esco_altlabel,train,SATISFIES
museum database,museum databases,SAME,esco_altlabel,val,SATISFIES
interpret data on elements of logistics,use methods of logistical data analysis,SAME,esco_altlabel,test,SATISFIES
examine software requirements,analyse software specifications,SAME,esco_altlabel,train,SATISFIES
automatic teller machine systems,ATM systems,SAME,esco_altlabel,train,SATISFIES
Data Modeling,Data Modelling,SAME,a8_verified,train,SATISFIES
Couchbase Query Language,N1QL,SAME,esco_altlabel,train,SATISFIES
analyse scanned body data,analyse scanned data of the body,SAME,esco_altlabel,val,SATISFIES
InfoSphere DataStage MVS Edition,IBM InfoSphere DataStage,SAME,esco_altlabel,test,SATISFIES
Kofax RPA,RPA (Kofax),SAME,a8_verified,train,SATISFIES
obtain system component,acquire system component,SAME,esco_altlabel,train,SATISFIES
analyse data performance,perform data analysis,SAME,esco_altlabel,train,SATISFIES
Advanced Excel,Excel advanced,SAME,a8_verified,val,SATISFIES
perform unit testing,perform software unit testing,SAME,esco_altlabel,train,SATISFIES
wireless marketing,mobile marketing,SAME,esco_altlabel,train,SATISFIES
using precision farming methods,apply precision farming,SAME,esco_altlabel,train,SATISFIES
WebSphere,WebSphere server,SAME,a8_verified,train,SATISFIES
approve software release process,manage software releases,SAME,esco_altlabel,val,SATISFIES
monitor CNC laser cutting machine,tend CNC laser cutting machine,SAME,esco_altlabel,train,SATISFIES
DB2 for i,DB2,SAME,esco_altlabel,train,SATISFIES
embedded systems software architectures,embedded systems,SAME,esco_altlabel,val,SATISFIES
linguistics of computation,computational linguistics,SAME,esco_altlabel,train,SATISFIES
data architecture,information architecture,SAME,esco_altlabel,train,SATISFIES
online advertisement,online ads campaign techniques,SAME,esco_altlabel,val,SATISFIES
prepare detailed working drawing for interior design,prepare detailed working drawings for interior design,SAME,esco_altlabel,test,SATISFIES
define an ISMS,establish an Information Security Management System,SAME,esco_altlabel,train,SATISFIES
operate bale pressing machines,operate bale presses,SAME,esco_altlabel,train,SATISFIES
digital signal processing,signal processing,SAME,esco_altlabel,train,SATISFIES
Apache HTTP Server,Apache server,SAME,a8_verified,train,SATISFIES
evaluate power electronics,test power electronics,SAME,esco_altlabel,train,SATISFIES
Microsoft Project,MS Project,SAME,a8_verified,test,SATISFIES
set up electronic communication devices on trains,install electronic communication devices on trains,SAME,esco_altlabel,train,SATISFIES
Rapid application development methodology,Rapid application development,SAME,esco_altlabel,train,SATISFIES
audit procedures,audit techniques,SAME,esco_altlabel,test,SATISFIES
microelectronics modelling,model microelectronics,SAME,esco_altlabel,train,SATISFIES
plan exhibition marketing plan,prepare exhibition marketing plan,SAME,esco_altlabel,train,SATISFIES
edit digital content,create digital content,SAME,esco_altlabel,val,SATISFIES
OWASP,web application security threats,SAME,esco_altlabel,train,SATISFIES
take care of CNC metal punch press,tend CNC metal punch press,SAME,esco_altlabel,train,SATISFIES
collection of mapping data,collect mapping data,SAME,esco_altlabel,train,SATISFIES
specify access control policies,define firewall rules,SAME,esco_altlabel,train,SATISFIES
design a doll,design dolls,SAME,esco_altlabel,val,SATISFIES
monitor and optimise system performance,maintain ICT system,SAME,esco_altlabel,train,SATISFIES
supervise information access aids,manage information access aids,SAME,esco_altlabel,val,SATISFIES
electronic system modelling,design electronic systems,SAME,esco_altlabel,train,SATISFIES
iterative development methodology,iterative development,SAME,esco_altlabel,test,SATISFIES
operate bale pressing machinery,operate bale presses,SAME,esco_altlabel,train,SATISFIES
arrangement of the tote room hardware,configuration of the tote room hardware,SAME,esco_altlabel,train,SATISFIES
medical data informatics,medical informatics,SAME,esco_altlabel,test,SATISFIES
signature schemes for blockchain,blockchain signature schemes,SAME,esco_altlabel,train,SATISFIES
use terminology management tools,apply tools for content development,SAME,esco_altlabel,train,SATISFIES
DNS,domain name service,SAME,esco_altlabel,train,SATISFIES
capture IT knowledge,assess ICT knowledge,SAME,esco_altlabel,val,SATISFIES
Query Optimization,query optimisation,SAME,a8_verified,test,SATISFIES
Monitoring Automation,Automated Monitoring,SAME,a8_verified,train,SATISFIES
ITIL Processes,ITIL Process,SAME,a8_verified,train,SATISFIES
instrument of assistance,assistive instruments,SAME,esco_altlabel,test,SATISFIES
DTP,desktop publishing,SAME,esco_altlabel,train,SATISFIES
plot shipping voyage,develop shipping itineraries,SAME,esco_altlabel,train,SATISFIES
ICT power usage,ICT power consumption,SAME,esco_altlabel,train,SATISFIES
limitations of microchip scanners,microchip scanners,SAME,esco_altlabel,test,SATISFIES
Switch Configuration,Network Switch Configuration,SAME,a8_verified,test,SATISFIES
operate CAD software for lasts,use CAD for lasts,SAME,esco_altlabel,train,SATISFIES
JavaScript ES6,ES6 JavaScript,SAME,a8_verified,train,SATISFIES
manage archive user guidelines,manage archive users guidelines,SAME,esco_altlabel,train,SATISFIES
operate echo sounding SONAR equipment,operate echo sounding equipment,SAME,esco_altlabel,train,SATISFIES
supply office equipment,set up office equipment,SAME,esco_altlabel,train,SATISFIES
electronic printing,digital printing,SAME,esco_altlabel,train,SATISFIES
design a brand's online communication plan,design brand's online communication plan,SAME,esco_altlabel,train,SATISFIES
manufacture 3D characters,create 3D characters,SAME,esco_altlabel,val,SATISFIES
wiring of security sensor control panel,wire security sensors,SAME,esco_altlabel,train,SATISFIES
utilize technology for forensics,use technology for forensics,SAME,esco_altlabel,train,SATISFIES
assemble and process data for navigation publications,compile data for navigation publications,SAME,esco_altlabel,train,SATISFIES
utilise specification language,use interface description language,SAME,esco_altlabel,train,SATISFIES
manage digital content information,"manage data, information and digital content",SAME,esco_altlabel,train,SATISFIES
home electronics,consumer electronics,SAME,esco_altlabel,val,SATISFIES
create game development framework,develop virtual game engine,SAME,esco_altlabel,val,SATISFIES
apply audio technology,operate audio equipment,SAME,esco_altlabel,train,SATISFIES
DB2,DB2 Database,SAME,a8_verified,train,SATISFIES
mobility services through digital technologies,mobility as a service,SAME,esco_altlabel,train,SATISFIES
App Architecture,Application Architecture,SAME,a8_verified,val,SATISFIES
implementing ICT safety policies,implement ICT security policies,SAME,esco_altlabel,train,SATISFIES
mechanics of digital games,digital game genres,SAME,esco_altlabel,train,SATISFIES
identify ICT security risks and threats,identify ICT security risks,SAME,esco_altlabel,val,SATISFIES
scientific computation,scientific computing,SAME,esco_altlabel,val,SATISFIES
Security Risk Assessment,Security Risk Analysis,SAME,a8_verified,test,SATISFIES
audio equipment,audio technology,SAME,esco_altlabel,train,SATISFIES
gather cyber defence intelligence,collect cyber defence data,SAME,esco_altlabel,train,SATISFIES
Windows Server Administration,Windows Server Admin,SAME,a8_verified,val,SATISFIES
building M&E systems,building systems monitoring technology,SAME,esco_altlabel,train,SATISFIES
process-based project management methodology,Process-based management,SAME,esco_altlabel,train,SATISFIES
Adobe Photoshop,Photoshop,SAME,a8_verified,train,SATISFIES
formulae productionising,translate formulae into processes,SAME,esco_altlabel,val,SATISFIES
use content development tools,apply tools for content development,SAME,esco_altlabel,train,SATISFIES
network management system components,network management system tools,SAME,esco_altlabel,val,SATISFIES
Power Automate,MS Power Automate,SAME,a8_verified,test,SATISFIES
Routing,Network Routing,SAME,a8_verified,val,SATISFIES
manage cloud data encryption,manage cloud data and storage,SAME,esco_altlabel,train,SATISFIES
Google Cloud SQL,Cloud SQL,SAME,a8_verified,test,SATISFIES
survey computations comparison,compare survey computations,SAME,esco_altlabel,train,SATISFIES
wireless device testing,test wireless devices,SAME,esco_altlabel,train,SATISFIES
WAN/LAN Networking,LAN/WAN networking,SAME,a8_verified,train,SATISFIES
COBOL programming language,COBOL,SAME,esco_altlabel,train,SATISFIES
set firewall rules,define firewall rules,SAME,esco_altlabel,train,SATISFIES
CAD software for modelling,CAD software,SAME,esco_altlabel,val,SATISFIES
assess ICT system,analyse ICT system,SAME,esco_altlabel,train,SATISFIES
OWASP Zed,OWASP ZAP,SAME,esco_altlabel,train,SATISFIES
Ada,computer programming,SAME,esco_altlabel,train,SATISFIES
Application Development,App Development,SAME,a8_verified,test,SATISFIES
design animations,develop animations,SAME,esco_altlabel,train,SATISFIES
3D Surface Texturing Techniques,3D texturing,SAME,esco_altlabel,test,SATISFIES
create digital file,create digital files,SAME,esco_altlabel,train,SATISFIES
blockchain structure,blockchain architecture,SAME,esco_altlabel,train,SATISFIES
audio editing program,audio editing software,SAME,esco_altlabel,test,SATISFIES
multimedia organisation,multimedia systems,SAME,esco_altlabel,train,SATISFIES
carry out maintenance using ICT equipment,use ICT equipment in maintenance activities,SAME,esco_altlabel,val,SATISFIES
develop and maintain databases of freight rates,create freight rate databases,SAME,esco_altlabel,train,SATISFIES
embedded software,embedded systems,SAME,esco_altlabel,val,SATISFIES
evaluate blockchain applications infrastructure,evaluate blockchain architectures,SAME,esco_altlabel,train,SATISFIES
REST API Design,RESTful API Design,SAME,a8_verified,train,SATISFIES
perform automated process control,operate automated process control,SAME,esco_altlabel,val,SATISFIES
educate on digital literacy,teach digital literacy,SAME,esco_altlabel,val,SATISFIES
carry out virtual simulation,perform virtual simulation,SAME,esco_altlabel,train,SATISFIES
Change Impact Evaluation,Change Impact Assessment,SAME,a8_verified,train,SATISFIES
Vulkan API,Vulkan,SAME,a8_verified,val,SATISFIES
execute ground systems performance testing,test ground system performance,SAME,esco_altlabel,train,SATISFIES
BlackBerry System,BlackBerry,SAME,esco_altlabel,train,SATISFIES
utilise operations for an ITIL-based environment,apply operations for an ITIL-based environment,SAME,esco_altlabel,train,SATISFIES
guide learners in using assistive technologies for word prediction,guide learners in using assistive technologies,SAME,esco_altlabel,train,SATISFIES
complete complex tasks through use of ICT systems,use ICT systems,SAME,esco_altlabel,train,SATISFIES
visualise data,deliver visual presentation of data,SAME,esco_altlabel,train,SATISFIES
create narratives using animation,create animated narratives,SAME,esco_altlabel,train,SATISFIES
setup system,integrate system components,SAME,esco_altlabel,train,SATISFIES
designing electromechanical systems,design electromechanical systems,SAME,esco_altlabel,train,SATISFIES
Eclipse,Eclipse (integrated development environment software),SAME,esco_altlabel,train,SATISFIES
Jboss,WildFly,SAME,esco_altlabel,train,SATISFIES
data set creation,create data sets,SAME,esco_altlabel,val,SATISFIES
define ICT network architecture framework,define ICT network design policies,SAME,esco_altlabel,train,SATISFIES
assist development of biometric systems,contribute to development of biometric systems,SAME,esco_altlabel,train,SATISFIES
AJAX software,AJAX,SAME,esco_altlabel,train,SATISFIES
ensure aircraft safety through use of radar equipment,operate radar equipment,SAME,esco_altlabel,val,SATISFIES
conduct communications activities using port systems,operate port communications systems,SAME,esco_altlabel,train,SATISFIES
Agile Development Environment,Agile development,SAME,esco_altlabel,val,SATISFIES
IT knowledge base,knowledge base,SAME,esco_altlabel,train,SATISFIES
software for manufacturing,industrial software,SAME,esco_altlabel,test,SATISFIES
assembled PCB,printed circuit boards,SAME,esco_altlabel,train,SATISFIES
Google Search,search engines,SAME,esco_altlabel,train,SATISFIES
process optimisation quality control systems,quality control systems,SAME,esco_altlabel,train,SATISFIES
model computer hardware,model hardware,SAME,esco_altlabel,train,SATISFIES
hardware system components,hardware components,SAME,esco_altlabel,test,SATISFIES
ICT security compliances,ICT security standards,SAME,esco_altlabel,train,SATISFIES
oversee a warehouse management system,use a warehouse management system,SAME,esco_altlabel,test,SATISFIES
Compliance Auditing,Audits Compliance,SAME,a8_verified,train,SATISFIES
Active Directory,Windows Active Directory,SAME,a8_verified,train,SATISFIES
ultrasonic equipment use,use ultrasonic equipment,SAME,esco_altlabel,train,SATISFIES
obey content guidelines,translate requirement concepts into content,SAME,esco_altlabel,train,SATISFIES
Coaching & Mentoring,Mentorship & Coaching,SAME,a8_verified,test,SATISFIES
object-oriented paradigm,object-oriented modelling,SAME,esco_altlabel,train,SATISFIES
Drupal CMS,Drupal,SAME,esco_altlabel,train,SATISFIES
working with virtual learning environments,work with virtual learning environments,SAME,esco_altlabel,train,SATISFIES
PC hardware architecture,hardware architectures,SAME,esco_altlabel,train,SATISFIES
statistical analysis of system software,statistical analysis system software,SAME,esco_altlabel,train,SATISFIES
VB.NET,.NET (VB),SAME,a8_verified,train,SATISFIES
Jira Bug Tracking,Bug tracking (JIRA),SAME,a8_verified,train,SATISFIES
come up with digital images,create digital images,SAME,esco_altlabel,train,SATISFIES
network and information security legislation,ICT security legislation,SAME,esco_altlabel,val,SATISFIES
tote room hardware configuration,configuration of the tote room hardware,SAME,esco_altlabel,train,SATISFIES
implement data warehousing solutions,implement data warehousing techniques,SAME,esco_altlabel,train,SATISFIES
WhiteHat Sentinel Standard Edition,WhiteHat Sentinel,SAME,esco_altlabel,val,SATISFIES
interpret graphical representations used in communication programme,interpret graphical communication interfaces,SAME,esco_altlabel,train,SATISFIES
Talend Studio for Data Integration,"data extraction, transformation and loading tools",SAME,esco_altlabel,val,SATISFIES
ICT network routing techniques,ICT network routing,SAME,esco_altlabel,train,SATISFIES
generate risk maps,create risk maps,SAME,esco_altlabel,train,SATISFIES
defining celestial body,define celestial bodies,SAME,esco_altlabel,train,SATISFIES
CADD softwares,CADD software,SAME,esco_altlabel,train,SATISFIES
keep automated lighting equipment in working order,maintain automated lighting equipment,SAME,esco_altlabel,train,SATISFIES
create firmware,design firmware,SAME,esco_altlabel,train,SATISFIES
compiling of GIS-data,compile GIS-data,SAME,esco_altlabel,train,SATISFIES
rig 3D character skeletons,rig 3D characters,SAME,esco_altlabel,train,SATISFIES
digital image processing practices,digital image processing,SAME,esco_altlabel,test,SATISFIES
simulate transports problems,simulate transport problems,SAME,esco_altlabel,train,SATISFIES
ensure the quality of flight systems installation,oversee aircraft sensor and recording systems,SAME,esco_altlabel,val,SATISFIES
LAN/WAN Administration,WAN/LAN Management,SAME,a8_verified,test,SATISFIES
perform cloud refactoring,do cloud refactoring,SAME,esco_altlabel,val,SATISFIES
determine the duration of a touchpoint,use experience map,SAME,esco_altlabel,train,SATISFIES
remotely operating production flow,control production flow remotely,SAME,esco_altlabel,test,SATISFIES
REST API,RESTful API,SAME,a8_verified,train,SATISFIES
Code Review,Source Code Review,SAME,a8_verified,train,SATISFIES
use maritime communication devices,operate maritime communication equipment,SAME,esco_altlabel,train,SATISFIES
use particular data analysis software,use specific data analysis software,SAME,esco_altlabel,val,SATISFIES
utilize multipurpose internet mail extensions types,utilise content types,SAME,esco_altlabel,train,SATISFIES
use software tools for site modeling,use software tools for site modelling,SAME,esco_altlabel,train,SATISFIES
Monte Carlo model,Monte Carlo simulation,SAME,esco_altlabel,train,SATISFIES
ICT architectural requirements,ICT architectural frameworks,SAME,esco_altlabel,test,SATISFIES
perform analysis on pipeline database information,analyse pipeline database information,SAME,esco_altlabel,val,SATISFIES
explain distributed ledger technologies properties,explain distributed ledger technologies principles,SAME,esco_altlabel,train,SATISFIES
ERP Administration,ERP System Administration,SAME,a8_verified,test,SATISFIES
technologies for body scanning,3D body scanning technologies,SAME,esco_altlabel,train,SATISFIES
supervise flight systems installation,oversee aircraft sensor and recording systems,SAME,esco_altlabel,val,SATISFIES
Waterfall software development,Waterfall development,SAME,esco_altlabel,test,SATISFIES
use information and communication technology tools,use IT tools,SAME,esco_altlabel,val,SATISFIES
stabilise database resources,balance database resources,SAME,esco_altlabel,train,SATISFIES
electronics and telecommunication equipment,electronic and telecommunication equipment,SAME,esco_altlabel,train,SATISFIES
automate disaster recovery strategies in cloud,respond to incidents in cloud,SAME,esco_altlabel,train,SATISFIES
code with cloud services,develop with cloud services,SAME,esco_altlabel,train,SATISFIES
converting a different audio-visual format,convert different audiovisual formats,SAME,esco_altlabel,train,SATISFIES
master video editing techniques,perform video editing,SAME,esco_altlabel,train,SATISFIES
FileMaker,Filemaker (database management systems),SAME,esco_altlabel,test,SATISFIES
advising customers on a type of computer equipment,advise customers on type of computer equipment,SAME,esco_altlabel,train,SATISFIES
gather data on power electronics,test power electronics,SAME,esco_altlabel,train,SATISFIES
manage open-source publications,manage open publications,SAME,esco_altlabel,test,SATISFIES
principles of AI,principles of artificial intelligence,SAME,esco_altlabel,val,SATISFIES
provide front-end website design,implement front-end website design,SAME,esco_altlabel,train,SATISFIES
Code Refactoring,Software refactoring,SAME,a8_verified,train,SATISFIES
integrate blockchain technology,develop blockchain technology,SAME,esco_altlabel,val,SATISFIES
requirements for web-based e-learning,standards for web-based e-learning,SAME,esco_altlabel,train,SATISFIES
testing procedures for microsystems,microsystem test procedures,SAME,esco_altlabel,train,SATISFIES
ICT testing tools,ICT debugging tools,SAME,esco_altlabel,train,SATISFIES
OS configuration,Operating system configuration,SAME,a8_verified,train,SATISFIES
create reporting software,develop reporting software,SAME,esco_altlabel,train,SATISFIES
Capture One software,Capture One,SAME,esco_altlabel,train,SATISFIES
defining celestial bodies,define celestial bodies,SAME,esco_altlabel,train,SATISFIES
execute social engineering attacks,execute social engineering tests,SAME,esco_altlabel,train,SATISFIES
Database troubleshooting,DB troubleshooting,SAME,a8_verified,train,SATISFIES
broadcast devices,broadcast equipment,SAME,esco_altlabel,train,SATISFIES
using reservoir surveillance,use reservoir surveillance,SAME,esco_altlabel,train,SATISFIES
deliver cybersecurity training,set up cybersecurity training programmes,SAME,esco_altlabel,test,SATISFIES
testing sensors,test sensors,SAME,esco_altlabel,train,SATISFIES
GPS systems using,operate GPS systems,SAME,esco_altlabel,train,SATISFIES
Software Debugging,Code Debugging,SAME,a8_verified,train,SATISFIES
Data Center Operations,Data Centre Operations,SAME,a8_verified,train,SATISFIES
protecting privacy and identity on the Internet,manage digital identity,SAME,esco_altlabel,train,SATISFIES
using CAD to design circuits,design circuits using CAD,SAME,esco_altlabel,train,SATISFIES
design user interface specifications,design user interface,SAME,esco_altlabel,train,SATISFIES
identification of GIS issues,identify GIS issues,SAME,esco_altlabel,test,SATISFIES
analyse data,process data,SAME,esco_altlabel,train,SATISFIES
.NET,Microsoft .NET,SAME,a8_verified,train,SATISFIES
accessibility standards and guidelines,ICT accessibility standards,SAME,esco_altlabel,test,SATISFIES
software engineering frameworks,software frameworks,SAME,esco_altlabel,train,SATISFIES
Linux OS,Linux,SAME,a8_verified,test,SATISFIES
compile navigational publication data,compile data for navigation publications,SAME,esco_altlabel,train,SATISFIES
edit raw footage digitally,cut raw footage digitally,SAME,esco_altlabel,test,SATISFIES
gather weather-related data,collect weather-related data,SAME,esco_altlabel,train,SATISFIES
life-saving appliance operating,operate life-saving appliances,SAME,esco_altlabel,train,SATISFIES
uncover fossils,locate fossils,SAME,esco_altlabel,test,SATISFIES
micro-electro-mechanical systems,microelectromechanical systems,SAME,esco_altlabel,train,SATISFIES
administer data,manage data,SAME,esco_altlabel,train,SATISFIES
rewrite texts,transcribe texts,SAME,esco_altlabel,train,SATISFIES
oversee availability of computing resources,plan ICT capacity,SAME,esco_altlabel,train,SATISFIES
Lisp algorithms,Lisp,SAME,esco_altlabel,train,SATISFIES
micro-electronics analysing,test microelectronics,SAME,esco_altlabel,test,SATISFIES
evaluate blockchain use cases,analyse blockchain use cases,SAME,esco_altlabel,val,SATISFIES
utilise particular data analysis software,use specific data analysis software,SAME,esco_altlabel,val,SATISFIES
putting uncut recordings into computer,put uncut recordings into computer,SAME,esco_altlabel,train,SATISFIES
quality systems,quality control systems,SAME,esco_altlabel,train,SATISFIES
review information systems,analyse information systems,SAME,esco_altlabel,train,SATISFIES
T-SQL,SQL T-SQL,SAME,a8_verified,train,SATISFIES
diagnose system problems,solve ICT system problems,SAME,esco_altlabel,test,SATISFIES
employ computer-aided translation,use computer-aided translation,SAME,esco_altlabel,train,SATISFIES
Postgres,PostgreSQL,SAME,esco_altlabel,train,SATISFIES
data warehouse solutions,data warehouse,SAME,esco_altlabel,train,SATISFIES
ICT help desks,ICT help platforms,SAME,esco_altlabel,train,SATISFIES
sensors developing,design sensors,SAME,esco_altlabel,val,SATISFIES
testing hardware,test hardware,SAME,esco_altlabel,val,SATISFIES
UFT,UFT One,SAME,a8_verified,train,SATISFIES
2nd Level Support,Second Level Support,SAME,a8_verified,train,SATISFIES
furnish office equipment,set up office equipment,SAME,esco_altlabel,train,SATISFIES
operate control panel,operate control panels,SAME,esco_altlabel,train,SATISFIES
oversee testing of hardware,manage system testing,SAME,esco_altlabel,train,SATISFIES
capture audio materials,record audio materials,SAME,esco_altlabel,train,SATISFIES
operate voice pick systems,operate voice picking systems,SAME,esco_altlabel,train,SATISFIES
programming languages for smart contract,smart contract programming languages,SAME,esco_altlabel,train,SATISFIES
Common Lisp programming language,Common Lisp,SAME,esco_altlabel,val,SATISFIES
generate automated software tests,develop automated software tests,SAME,esco_altlabel,train,SATISFIES
science of control and communication,cybernetics,SAME,esco_altlabel,train,SATISFIES
manage digital archive,manage digital archives,SAME,esco_altlabel,test,SATISFIES
test functions of improved aeronautical information management systems,test improved aeronautical information management systems,SAME,esco_altlabel,test,SATISFIES
see astral bodies,observe celestial objects,SAME,esco_altlabel,val,SATISFIES
convene data,gather data,SAME,esco_altlabel,train,SATISFIES
UI/UX Design,UX/UI Design,SAME,a8_verified,train,SATISFIES
maintain a private e-mail service platform,manage email hosting service,SAME,esco_altlabel,train,SATISFIES
conduct activities to address online user feedback,follow up online user requests,SAME,esco_altlabel,train,SATISFIES
automotive technology,automotive engineering,SAME,esco_altlabel,train,SATISFIES
program and rehearse sound cues,program sound cues,SAME,esco_altlabel,train,SATISFIES
create failover solutions,design failover solutions,SAME,esco_altlabel,train,SATISFIES
W3C standards,World Wide Web Consortium standards,SAME,esco_altlabel,train,SATISFIES
music and video industries,music and video industry,SAME,esco_altlabel,test,SATISFIES
anticipate weather conditions using meteorological tools,use meteorological tools to forecast meteorological conditions,SAME,esco_altlabel,train,SATISFIES
employ computer-aided design for heels,use CAD for heels,SAME,esco_altlabel,train,SATISFIES
design an ICT customer support process,establish an ICT customer support process,SAME,esco_altlabel,train,SATISFIES
Chef software,Chef (tools for software configuration management),SAME,esco_altlabel,train,SATISFIES
InfoSec strategy,information security strategy,SAME,esco_altlabel,train,SATISFIES
Hypertext Preprocessor,PHP,SAME,esco_altlabel,train,SATISFIES
utilise specialist equipment to navigate bodies of water,use water navigation devices,SAME,esco_altlabel,train,SATISFIES
V2X technologies,vehicle-to-everything technologies,SAME,esco_altlabel,train,SATISFIES
informatics,computer science,SAME,esco_altlabel,test,SATISFIES
3D engine,digital game creation systems,SAME,esco_altlabel,train,SATISFIES
communicating alerts using the GMDSS,communicate using the global maritime distress and safety system,SAME,esco_altlabel,train,SATISFIES
mobile devices marketing,mobile marketing,SAME,esco_altlabel,train,SATISFIES
using free typing techniques,use free typing techniques,SAME,esco_altlabel,train,SATISFIES
operate 2D computer-aided design for footwear pattern engineering,operate 2D CAD for footwear,SAME,esco_altlabel,train,SATISFIES
diagnose server hardware faults,maintain ICT server,SAME,esco_altlabel,test,SATISFIES
Cisco CCIE certification,CCIE certification,SAME,a8_verified,train,SATISFIES
preparing well data sheets,prepare well data sheets,SAME,esco_altlabel,train,SATISFIES
employ specialised tools to render 3D images,render 3D images,SAME,esco_altlabel,train,SATISFIES
transportation software relating to ERP systems,transportation software related to an ERP system,SAME,esco_altlabel,train,SATISFIES
generate electronic files,output electronic files,SAME,esco_altlabel,train,SATISFIES
share data through appropriate digital technologies,share through digital technologies,SAME,esco_altlabel,train,SATISFIES
draw electrical systems,design electrical systems,SAME,esco_altlabel,test,SATISFIES
create automotive robotic machining systems,set up automotive robot,SAME,esco_altlabel,train,SATISFIES
chassis design,design chassis,SAME,esco_altlabel,val,SATISFIES
install a network security firewall,implement a firewall,SAME,esco_altlabel,train,SATISFIES
use ship data analysis in decision making,conduct analysis of ship data,SAME,esco_altlabel,test,SATISFIES
AWS networking,AWS Cloud Networking,SAME,a8_verified,val,SATISFIES
Oracle Database,Oracle DB,SAME,a8_verified,train,SATISFIES
optical prototype developing,design optical prototypes,SAME,esco_altlabel,train,SATISFIES
Nginx web server,proxy servers,SAME,esco_altlabel,val,SATISFIES
backup digital data and systems,store digital data and systems,SAME,esco_altlabel,train,SATISFIES
use back-up and recovery software,use back-up and recovery tools,SAME,esco_altlabel,train,SATISFIES
sensor equipment maintaining,maintain sensor equipment,SAME,esco_altlabel,val,SATISFIES
Payroll System Integration,Payroll Integration,SAME,a8_verified,test,SATISFIES
touch type on electronic devices,type on electronic devices,SAME,esco_altlabel,train,SATISFIES
analysis of user requirements in ICT systems,ICT system user requirements,SAME,esco_altlabel,train,SATISFIES
CCTV Management,CCTV Administration,SAME,a8_verified,train,SATISFIES
testing computer components,test computer hardware,SAME,esco_altlabel,train,SATISFIES
WebSphere Application Server,WebSphere server,SAME,a8_verified,test,SATISFIES
make recommendations on online dating,advise on online dating,SAME,esco_altlabel,train,SATISFIES
Network LAN/WAN,LAN/WAN networking,SAME,a8_verified,train,SATISFIES
test interface between software components,execute integration testing,SAME,esco_altlabel,val,SATISFIES
develop data link services for air-ground communication,develop data link services for navigation purposes,SAME,esco_altlabel,train,SATISFIES
scientific drawings,technical drawings,SAME,esco_altlabel,train,SATISFIES
.NET C#,C#.NET,SAME,a8_verified,train,SATISFIES
ICT quality control,ICT quality policy,SAME,esco_altlabel,train,SATISFIES
Ruby,Ruby (computer programming),SAME,esco_altlabel,train,SATISFIES
design user interfaces,design user interface,SAME,esco_altlabel,train,SATISFIES
create geological databases,develop geological databases,SAME,esco_altlabel,test,SATISFIES
use live performance capture technologies,use capturing systems for live performance,SAME,esco_altlabel,train,SATISFIES
using structured query language,use query languages,SAME,esco_altlabel,train,SATISFIES
create X-ray images,operate medical imaging equipment,SAME,esco_altlabel,train,SATISFIES
ICT help desk platforms,ICT help platforms,SAME,esco_altlabel,train,SATISFIES
perform a long EEG,conduct video telemetry,SAME,esco_altlabel,train,SATISFIES
Assembly software development techniques,Assembly (computer programming),SAME,esco_altlabel,train,SATISFIES
normalize data,normalise data,SAME,esco_altlabel,train,SATISFIES
operate geographic information systems,use geographic information systems,SAME,esco_altlabel,val,SATISFIES
use IT to record and analyse data from biomedical tests,record data from biomedical tests,SAME,esco_altlabel,train,SATISFIES
transmission of information through aeronautical mobile service,use aeronautical mobile service communications,SAME,esco_altlabel,train,SATISFIES
Level 2 Support,2nd Level Support,SAME,a8_verified,train,SATISFIES
methods for handling security-related information,assessment of risks and threats,SAME,esco_altlabel,train,SATISFIES
artificial intelligence in process,principles of artificial intelligence,SAME,esco_altlabel,val,SATISFIES
SAP WM Module,SAP WM,SAME,a8_verified,train,SATISFIES
install spam filter,implement spam protection,SAME,esco_altlabel,train,SATISFIES
decision-making tools,decision support systems,SAME,esco_altlabel,train,SATISFIES
detect faults in rails through interpretation of graphical recordings of rail-flaw-detection machines,interpret graphical recordings of rail-flaw-detection machine,SAME,esco_altlabel,train,SATISFIES
Extensible Stylesheet Language,style sheet languages,SAME,esco_altlabel,train,SATISFIES
Data Center Operations,Data Center Ops,SAME,a8_verified,train,SATISFIES
blockchain ecosystems,blockchain platforms,SAME,esco_altlabel,train,SATISFIES
Adobe Photoshop Elements,graphics editor software,SAME,esco_altlabel,test,SATISFIES
assistive technology,assistive instruments,SAME,esco_altlabel,test,SATISFIES
Capture One computer programme,Capture One,SAME,esco_altlabel,train,SATISFIES
data modelling,data models,SAME,esco_altlabel,val,SATISFIES
deliver connected car solutions,provide connected car solutions,SAME,esco_altlabel,train,SATISFIES
blend ink,mix ink,SAME,esco_altlabel,train,SATISFIES
IAM,digital identity management,SAME,esco_altlabel,train,SATISFIES
organise mobile marketing,conduct mobile marketing,SAME,esco_altlabel,test,SATISFIES
consult databases,search databases,SAME,esco_altlabel,val,SATISFIES
online learning solutions,e-learning,SAME,esco_altlabel,val,SATISFIES
smart meter reading,automatic meter reading,SAME,esco_altlabel,train,SATISFIES
apply polygonal modelling,use polygonal modelling,SAME,esco_altlabel,test,SATISFIES
computer media management,social media management,SAME,esco_altlabel,test,SATISFIES
ICT,computer technology,SAME,esco_altlabel,train,SATISFIES
maintain ICT devices,repair ICT devices,SAME,esco_altlabel,train,SATISFIES
OS architecture,operating systems,SAME,esco_altlabel,train,SATISFIES
types of data infrastructure,information structure,SAME,esco_altlabel,train,SATISFIES
employ e-procurement,use e-procurement,SAME,esco_altlabel,train,SATISFIES
microprocessors,robotic components,SAME,esco_altlabel,val,SATISFIES
assess power electronics viability,model power electronics,SAME,esco_altlabel,train,SATISFIES
setting up consumer electronics,set up consumer electronics,SAME,esco_altlabel,train,SATISFIES
Drupal web platform,Drupal,SAME,esco_altlabel,train,SATISFIES
install media integration systems,set up media integration systems,SAME,esco_altlabel,train,SATISFIES
work out gambling problems through digital means,solve problems in gambling through digital means,SAME,esco_altlabel,train,SATISFIES
CAD wearing apparel for manufacturing,CAD for garment manufacturing,SAME,esco_altlabel,test,SATISFIES
Codenvy platform,Codenvy,SAME,esco_altlabel,train,SATISFIES
install amplifiers and repeaters,install signal repeaters,SAME,esco_altlabel,train,SATISFIES
BYOD,mobile device management,SAME,esco_altlabel,train,SATISFIES
GCP Certification,GCP Certified,SAME,a8_verified,val,SATISFIES
(a9t9) FreeOCR,optical character recognition software,SAME,esco_altlabel,test,SATISFIES
operating using remote control equipment,use remote control equipment,SAME,esco_altlabel,val,SATISFIES
RS,geographic information systems,SAME,esco_altlabel,train,SATISFIES
transfer unedited audiovisual material to computer,transfer uncut audiovisual material to computer,SAME,esco_altlabel,train,SATISFIES
watch over CNC grinding machine,tend CNC grinding machine,SAME,esco_altlabel,train,SATISFIES
up-date online security measures,protect ICT devices,SAME,esco_altlabel,test,SATISFIES
cloud deployment,deploy cloud resource,SAME,esco_altlabel,test,SATISFIES
test train electronic communication equipment,install electronic communication devices on trains,SAME,esco_altlabel,train,SATISFIES
use a customer relationship management software programme,use customer relationship management software,SAME,esco_altlabel,test,SATISFIES
data structuring methods,information structure,SAME,esco_altlabel,train,SATISFIES
systems fundamentals,systems theory,SAME,esco_altlabel,train,SATISFIES
keep abreast of social media,stay up to date with social media,SAME,esco_altlabel,train,SATISFIES
cyber-security regulation,ICT security legislation,SAME,esco_altlabel,val,SATISFIES
thermal management using,use thermal management,SAME,esco_altlabel,train,SATISFIES
ensure transfer of digital information between control centres and transport units,manage computer-based transport operation control systems,SAME,esco_altlabel,test,SATISFIES
User Story Writing,User Story Development,SAME,a8_verified,val,SATISFIES
Networking Technologies,Network Technologies,SAME,a8_verified,train,SATISFIES
find solutions location and navigation problems by using GPS tools,solve location and navigation problems by using GPS tools,SAME,esco_altlabel,train,SATISFIES
perform research on ground systems,carry out research on ground systems,SAME,esco_altlabel,test,SATISFIES
kdevplatform,KDevelop,SAME,esco_altlabel,train,SATISFIES
managing digital libraries,manage digital libraries,SAME,esco_altlabel,train,SATISFIES
.NET,Visual Basic,SAME,esco_altlabel,train,SATISFIES
Microsoft Teams Integration,MS Teams integration,SAME,a8_verified,test,SATISFIES
digital information systems,digital systems,SAME,esco_altlabel,train,SATISFIES
history of blockchain,blockchain history,SAME,esco_altlabel,train,SATISFIES
analyse info systems,analyse information systems,SAME,esco_altlabel,train,SATISFIES
WebCMS software systems,WebCMS,SAME,esco_altlabel,train,SATISFIES
handle donor database,manage donor database,SAME,esco_altlabel,train,SATISFIES
aircraft flight control system features,aircraft flight control systems,SAME,esco_altlabel,train,SATISFIES
technology of body scanning,medical imaging technology,SAME,esco_altlabel,val,SATISFIES
predict risks in blockchain technology,recognise blockchain risks,SAME,esco_altlabel,test,SATISFIES
carry out ICT planning,optimise choice of ICT solution,SAME,esco_altlabel,train,SATISFIES
demonstrate computer literacy,have computer literacy,SAME,esco_altlabel,train,SATISFIES
maintain controlling systems for automated equipment,maintain control systems for automated equipment,SAME,esco_altlabel,train,SATISFIES
Network Protocols,Networking protocols,SAME,a8_verified,train,SATISFIES
analyse testing results for incorrect software output,debug software,SAME,esco_altlabel,train,SATISFIES
backup systems reliability,system backup best practice,SAME,esco_altlabel,train,SATISFIES
implementation of solutions,solution deployment,SAME,esco_altlabel,train,SATISFIES
operate communications systems in ports,operate port communications systems,SAME,esco_altlabel,train,SATISFIES
video-games functionality,video-games functionalities,SAME,esco_altlabel,train,SATISFIES
gradual development,incremental development,SAME,esco_altlabel,train,SATISFIES
Waterfall project management,Waterfall development,SAME,esco_altlabel,test,SATISFIES
e-commerce system,e-commerce systems,SAME,esco_altlabel,train,SATISFIES
use CAD for lasts in the footwear industry,use CAD for lasts,SAME,esco_altlabel,train,SATISFIES
AutoCAD,AutoCAD software,SAME,a8_verified,test,SATISFIES
Windows Server Administration,Windows Server Management,SAME,a8_verified,val,SATISFIES
documentation of equipment tests,maintain system logs,SAME,esco_altlabel,test,SATISFIES
procure system component,acquire system component,SAME,esco_altlabel,train,SATISFIES
Cognos Data Manager,IBM InfoSphere DataStage,SAME,esco_altlabel,test,SATISFIES
Security Operations Center,Security Operations Centre,SAME,a8_verified,train,SATISFIES
design automated migration methods,develop automated migration methods,SAME,esco_altlabel,train,SATISFIES
setting up audio-visual peripheral equipment,set up audiovisual peripheral equipment,SAME,esco_altlabel,val,SATISFIES
produce infrared imagery,create infrared imagery,SAME,esco_altlabel,train,SATISFIES
make cadastral cartographical diagrams,create cadastral maps,SAME,esco_altlabel,test,SATISFIES
OWASP Zed Attack Proxy,OWASP ZAP,SAME,esco_altlabel,train,SATISFIES
JAMF Administration,JAMF Management,SAME,a8_verified,train,SATISFIES
IBM WebSphere MQ,WebSphere MQ,SAME,a8_verified,val,SATISFIES
build recommendation systems,build recommender systems,SAME,esco_altlabel,train,SATISFIES
conduct video equipment,operate video equipment,SAME,esco_altlabel,test,SATISFIES
manage digital data,"manage data, information and digital content",SAME,esco_altlabel,train,SATISFIES
projection apparatus,projection equipment,SAME,esco_altlabel,val,SATISFIES
ICT recovery techniques for hardware,ICT recovery techniques,SAME,esco_altlabel,train,SATISFIES
computer-assisted translation,machine translation,SAME,esco_altlabel,train,SATISFIES
supervise environmental management systems,manage environmental management system,SAME,esco_altlabel,train,SATISFIES
evaluate data from railway control rooms,process data from railway control rooms,SAME,esco_altlabel,train,SATISFIES
establish functionality of software products,demonstrate functionality of software products,SAME,esco_altlabel,train,SATISFIES
V2X,vehicle-to-everything technologies,SAME,esco_altlabel,train,SATISFIES
implement theoretical notions for ICT systems,apply ICT systems theory,SAME,esco_altlabel,train,SATISFIES
compose digital game characters,create digital game characters,SAME,esco_altlabel,val,SATISFIES
record sounds on multi-track,record multi-track sound,SAME,esco_altlabel,train,SATISFIES
engage in digital mapping,apply digital mapping,SAME,esco_altlabel,test,SATISFIES
manage office facility system,manage office facility systems,SAME,esco_altlabel,train,SATISFIES
planning marketing campaigns,plan marketing campaigns,SAME,esco_altlabel,train,SATISFIES
build innovative blockchain architectures,develop blockchain innovative architectures,SAME,esco_altlabel,train,SATISFIES
design ICT device driver,develop ICT device driver,SAME,esco_altlabel,train,SATISFIES
manage failover solutions,design failover solutions,SAME,esco_altlabel,train,SATISFIES
Code reviews,Code Review,SAME,a8_verified,train,SATISFIES
battery audit process,audit techniques,SAME,esco_altlabel,test,SATISFIES
utilise software tools for site modelling,use software tools for site modelling,SAME,esco_altlabel,train,SATISFIES
Personal Home Page,PHP,SAME,esco_altlabel,train,SATISFIES
determine software for warehouse management,identify software for warehouse management,SAME,esco_altlabel,train,SATISFIES
using thermal analysis tools,use thermal analysis,SAME,esco_altlabel,test,SATISFIES
programme firmware,program firmware,SAME,esco_altlabel,val,SATISFIES
find visual data,prepare visual data,SAME,esco_altlabel,test,SATISFIES
edit the negatives,edit negatives,SAME,esco_altlabel,train,SATISFIES
STAF software,STAF,SAME,esco_altlabel,val,SATISFIES
Adobe Photoshop Lightroom graphical ICT tool,Adobe Photoshop Lightroom,SAME,esco_altlabel,train,SATISFIES
collections management software,collection management software,SAME,esco_altlabel,train,SATISFIES
WAN/LAN Configuration,LAN/WAN Configuration,SAME,a8_verified,train,SATISFIES
keep up with ICT research,monitor ICT research,SAME,esco_altlabel,test,SATISFIES
Project Anarchy software framework,Project Anarchy,SAME,esco_altlabel,train,SATISFIES
automation system designing,design automation components,SAME,esco_altlabel,train,SATISFIES
keep up with the latest information systems,keep up with the latest information systems solutions,SAME,esco_altlabel,train,SATISFIES
digital audio media,digital media,SAME,esco_altlabel,train,SATISFIES
MATLAB coding techniques,MATLAB,SAME,esco_altlabel,train,SATISFIES
SuprTool,query languages,SAME,esco_altlabel,train,SATISFIES
produce scanned image,produce scanned images,SAME,esco_altlabel,train,SATISFIES
define enterprise data architecture,manage ICT data architecture,SAME,esco_altlabel,train,SATISFIES
test for hearing disorders using special equipment,use special hearing equipment for tests,SAME,esco_altlabel,train,SATISFIES
enhance choice of ICT solution,optimise choice of ICT solution,SAME,esco_altlabel,train,SATISFIES
NLP,natural language processing,SAME,esco_altlabel,train,SATISFIES
chromatography software using,use chromatography software,SAME,esco_altlabel,val,SATISFIES
Adobe Creative Suite,Adobe Suite,SAME,a8_verified,train,SATISFIES
assess technological needs,identify technological needs,SAME,esco_altlabel,train,SATISFIES
manage search engine optimisation,conduct search engine optimisation,SAME,esco_altlabel,val,SATISFIES
Cascading Style Sheets,CSS,SAME,esco_altlabel,train,SATISFIES
explain digital literacy,teach digital literacy,SAME,esco_altlabel,val,SATISFIES
supervise disaster recovery exercises,lead disaster recovery exercises,SAME,esco_altlabel,test,SATISFIES
mixing live images,mix live images,SAME,esco_altlabel,train,SATISFIES
Business Central,Microsoft Business Central,SAME,a8_verified,train,SATISFIES
advanced driver aids for crash avoidance,advanced driver assistant systems,SAME,esco_altlabel,train,SATISFIES
SQL Querying,SQL Queries,SAME,a8_verified,val,SATISFIES
video game drifts,video-games trends,SAME,esco_altlabel,train,SATISFIES
HPUX,HPUX OS,SAME,a8_verified,train,SATISFIES
MySQL Classic Edition,MySQL,SAME,esco_altlabel,val,SATISFIES
safeguard health and well-being while using digital technologies,protect health and well-being while using digital technologies,SAME,esco_altlabel,train,SATISFIES
supervise a warehouse management system,use a warehouse management system,SAME,esco_altlabel,test,SATISFIES
use of health information technology,health informatics,SAME,esco_altlabel,test,SATISFIES
AWS networking,Cloud networking AWS,SAME,a8_verified,val,SATISFIES
transform scribbles into virtual sketches,convert scribbles into virtual sketches,SAME,esco_altlabel,train,SATISFIES
FPGA,field-programmable gate arrays,SAME,esco_altlabel,train,SATISFIES
service oriented models,service-oriented modelling,SAME,esco_altlabel,test,SATISFIES
conduct online training,deliver online training,SAME,esco_altlabel,train,SATISFIES
alarm sensor,reed sensors,SAME,esco_altlabel,train,SATISFIES
Security Audits,Security Auditing,SAME,a8_verified,train,SATISFIES
get visual data ready,prepare visual data,SAME,esco_altlabel,test,SATISFIES
operate railway integrated electronic control centre,operate train integrated electronic control centre,SAME,esco_altlabel,train,SATISFIES
systems used to control flight of aircraft,aircraft flight control systems,SAME,esco_altlabel,train,SATISFIES
GCP Cloud,GCP,SAME,a8_verified,train,SATISFIES
use of reservoir surveillance,use reservoir surveillance,SAME,esco_altlabel,train,SATISFIES
maintain automated lighting equipment and accessories,maintain automated lighting equipment,SAME,esco_altlabel,train,SATISFIES
Google BigQuery,BigQuery,SAME,a8_verified,train,SATISFIES
check media integration equipment,maintain media integration equipment,SAME,esco_altlabel,train,SATISFIES
Visio 2013,Microsoft Visio,SAME,esco_altlabel,train,SATISFIES
Microsoft Power Automate,MS Power Automate,SAME,a8_verified,val,SATISFIES
CMMI (Capability Maturity Model Integrated),ICT process quality models,SAME,esco_altlabel,train,SATISFIES
pattern-cutting software utilization,use pattern-cutting softwares,SAME,esco_altlabel,train,SATISFIES
social media marketing application,apply social media marketing,SAME,esco_altlabel,train,SATISFIES
use through-hole technology manually,apply through-hole technology manually,SAME,esco_altlabel,train,SATISFIES
teaching computer science,teach computer science,SAME,esco_altlabel,train,SATISFIES
Practical Extraction and Report Language,Perl,SAME,esco_altlabel,test,SATISFIES
Spring Java,Java Spring,SAME,a8_verified,test,SATISFIES
mine planning software utilisation,use mine planning software,SAME,esco_altlabel,train,SATISFIES
manage ICT virtualization machines,manage ICT virtualisation environments,SAME,esco_altlabel,train,SATISFIES
Live Script,JavaScript,SAME,esco_altlabel,train,SATISFIES
use radiotherapy computer planning,conduct radiotherapy computer planning,SAME,esco_altlabel,train,SATISFIES
ICT infrastructure and operations,ICT infrastructure,SAME,esco_altlabel,train,SATISFIES
hardware features,hardware materials,SAME,esco_altlabel,val,SATISFIES
Vulnerability Management,Security Vulnerability Management,SAME,a8_verified,test,SATISFIES
use on-board vehicle computer systems,operate on-board computer systems,SAME,esco_altlabel,train,SATISFIES
types of building management system,building automation,SAME,esco_altlabel,train,SATISFIES
coordinate ICT change request process,manage ICT change request process,SAME,esco_altlabel,train,SATISFIES
Firewall Administration,Firewall Management,SAME,a8_verified,train,SATISFIES
Aircrack,Aircrack (penetration testing tool),SAME,esco_altlabel,train,SATISFIES
identify vulnerabilities of a cyber infrastructure,identify ICT system weaknesses,SAME,esco_altlabel,test,SATISFIES
oversee video quality,supervise video quality,SAME,esco_altlabel,train,SATISFIES
apply system monitoring techniques,maintain ICT system,SAME,esco_altlabel,train,SATISFIES
use machine learning,utilise machine learning,SAME,esco_altlabel,val,SATISFIES
utilise microsoft office applications,use microsoft office,SAME,esco_altlabel,train,SATISFIES
pill brand applying,perform pill branding,SAME,esco_altlabel,val,SATISFIES
execute IT security audits,execute ICT audits,SAME,esco_altlabel,train,SATISFIES
control a sound mixing system live,operate an audio mixing console,SAME,esco_altlabel,train,SATISFIES
information technology,computer technology,SAME,esco_altlabel,train,SATISFIES
ensure responsive design of website,maintain responsive design,SAME,esco_altlabel,train,SATISFIES
computer-aided manufacturing software,CAM software,SAME,esco_altlabel,val,SATISFIES
digital video media,digital media,SAME,esco_altlabel,train,SATISFIES
PBX,operate private branch exchange,SAME,esco_altlabel,train,SATISFIES
printing on large scale equipment,printing on large scale machines,SAME,esco_altlabel,val,SATISFIES
ICT market trends,ICT market,SAME,esco_altlabel,val,SATISFIES
translation memory software use,use translation memory software,SAME,esco_altlabel,train,SATISFIES
DiDs,decentralised identifiers,SAME,esco_altlabel,train,SATISFIES
disseminating general corporate information,pay-per-click,SAME,esco_altlabel,train,SATISFIES
manage multimedia integration systems for performing art,operate media integration systems,SAME,esco_altlabel,train,SATISFIES
ensure warehouse database is updated,maintain warehouse database,SAME,esco_altlabel,train,SATISFIES
preserve stock control systems,maintain stock control systems,SAME,esco_altlabel,train,SATISFIES
follow the theoretical principles for ICT systems,apply ICT systems theory,SAME,esco_altlabel,train,SATISFIES
standard modelling language,unified modelling language,SAME,esco_altlabel,train,SATISFIES
look for abnormalities in blood samples,analyse blood samples,SAME,esco_altlabel,train,SATISFIES
develop integration strategy,define integration strategy,SAME,esco_altlabel,train,SATISFIES
mend equipment on site,repair equipment on site,SAME,esco_altlabel,train,SATISFIES
self-controlling system,automatic control system,SAME,esco_altlabel,train,SATISFIES
Network LAN/WAN,LAN/WAN,SAME,a8_verified,train,SATISFIES
WorkStraight,use personal organization software,SAME,esco_altlabel,train,SATISFIES
build data processing applications,develop data processing applications,SAME,esco_altlabel,train,SATISFIES
three-dimensional modelling,3D modelling,SAME,esco_altlabel,train,SATISFIES
mastering of audio,audio mastering,SAME,esco_altlabel,val,SATISFIES
analyse cybersecurity incidents,handle cybersecurity incidents,SAME,esco_altlabel,train,SATISFIES
intelligent home systems,domotic systems,SAME,esco_altlabel,train,SATISFIES
develop visual design from given specifications,translate requirements into visual design,SAME,esco_altlabel,test,SATISFIES
solve gambling problems through digital means,solve problems in gambling through digital means,SAME,esco_altlabel,train,SATISFIES
Message Queues,Messaging Queues,SAME,a8_verified,train,SATISFIES
UI/UX Collaboration,UX/UI Collaboration,SAME,a8_verified,val,SATISFIES
use production planning softwares,use production planning software,SAME,esco_altlabel,train,SATISFIES
execute database maintenance,maintain database performance,SAME,esco_altlabel,train,SATISFIES
software design approaches,software design methodologies,SAME,esco_altlabel,train,SATISFIES
communicate using emergency communication tools,operate an emergency communication system,SAME,esco_altlabel,train,SATISFIES
Nginx,NGINX server,SAME,a8_verified,train,SATISFIES
managing a website,manage website,SAME,esco_altlabel,train,SATISFIES
utilise specialised computer modelling software for weather forecasting,use specialised computer models for weather forecasting,SAME,esco_altlabel,train,SATISFIES
OmniPage software for images conversion,OmniPage,SAME,esco_altlabel,train,SATISFIES
OS - Parrot Security,Parrot Security OS,SAME,esco_altlabel,train,SATISFIES
setting colour profiles,set colour profiles,SAME,esco_altlabel,train,SATISFIES
DSP,signal processing,SAME,esco_altlabel,train,SATISFIES
food waste monitoring digital tools,food waste monitoring systems,SAME,esco_altlabel,train,SATISFIES
use electronic procurement,use e-procurement,SAME,esco_altlabel,train,SATISFIES
operating digital printers,operate digital printers,SAME,esco_altlabel,train,SATISFIES
John The Ripper,John The Ripper (penetration testing tool),SAME,esco_altlabel,val,SATISFIES
employ digital mapping,apply digital mapping,SAME,esco_altlabel,test,SATISFIES
identify ICT security risks,solve technical problems,NARROWER,esco_broader,train,SATISFIES
lean project management,ICT project management methodologies,NARROWER,esco_broader,train,SATISFIES
computer history,history,NARROWER,esco_broader,val,SATISFIES
Perl,Object or component oriented development software,NARROWER,onet_category,train,SATISFIES
tend computer numerical control lathe machine,tend lathe,NARROWER,esco_broader,train,SATISFIES
use data processing techniques,use databases,NARROWER,esco_broader,train,SATISFIES
report live online,address an audience,NARROWER,esco_broader,train,SATISFIES
estimate costs of installing telecommunication devices,assess operating cost,NARROWER,esco_broader,train,SATISFIES
QlikView Expressor,"data extraction, transformation and loading tools",NARROWER,esco_broader,val,SATISFIES
Apache Hive,Data base management system software,NARROWER,onet_category,val,SATISFIES
operate port communications systems,coordinate remote communications,NARROWER,esco_broader,train,SATISFIES
PHP,computer programming,NARROWER,esco_broader,train,SATISFIES
C++,Object or component oriented development software,NARROWER,onet_category,train,SATISFIES
Assembly (computer programming),computer programming,NARROWER,esco_broader,train,SATISFIES
R,statistical analysis system software,NARROWER,esco_broader,train,SATISFIES
Cisco,procurement of ICT network equipment,NARROWER,esco_broader,train,SATISFIES
operate electronic measuring instruments,use measurement instruments,NARROWER,esco_broader,train,SATISFIES
perform online data analysis,process qualitative information,NARROWER,esco_broader,train,SATISFIES
GIMP (graphics editor software),graphics editor software,NARROWER,esco_broader,test,SATISFIES
provide software testing documentation,provide user documentation,NARROWER,esco_broader,test,SATISFIES
BlackBerry,mobile operating systems,NARROWER,esco_broader,test,SATISFIES
create freight rate databases,use databases,NARROWER,esco_broader,train,SATISFIES
IBM DB2,Data base user interface and query software,NARROWER,onet_category,test,SATISFIES
manage changes in ICT system,deploy ICT systems,NARROWER,esco_broader,train,SATISFIES
create 3D characters,operate 3D computer graphics software,NARROWER,esco_broader,test,SATISFIES
ObjectStore,database management systems,NARROWER,esco_broader,train,SATISFIES
Visual Basic,computer programming,NARROWER,esco_broader,train,SATISFIES
consumer electronics,electronics,NARROWER,esco_broader,val,SATISFIES
develop digital educational materials,develop educational resources,NARROWER,esco_broader,train,SATISFIES
support ICT system users,provide ICT support,NARROWER,esco_broader,train,SATISFIES
Snowflake,Data mining software,NARROWER,onet_category,train,SATISFIES
use IT tools,use online tools to collaborate,NARROWER,esco_broader,train,SATISFIES
OWASP ZAP,penetration testing tool,NARROWER,esco_broader,test,SATISFIES
Workday software,Enterprise resource planning ERP software,NARROWER,onet_category,train,SATISFIES
Google Angular,Web platform development software,NARROWER,onet_category,train,SATISFIES
use internet chat,interact through digital technologies,NARROWER,esco_broader,train,SATISFIES
SAP ERP,Enterprise resource planning ERP software,NARROWER,onet_category,train,SATISFIES
use internet chat,use communication and collaboration software,NARROWER,esco_broader,train,SATISFIES
IBM WebSphere MQ,Cloud-based management software,NARROWER,onet_category,train,SATISFIES
MySQL,database management systems,NARROWER,esco_broader,train,SATISFIES
Kali Linux,penetration testing tool,NARROWER,esco_broader,test,SATISFIES
web programming,computer programming,NARROWER,esco_broader,train,SATISFIES
maintain information network hardware,maintain computer hardware,NARROWER,esco_broader,train,SATISFIES
create moving images,create digital images,NARROWER,esco_broader,train,SATISFIES
use interface description language,design application interfaces,NARROWER,esco_broader,test,SATISFIES
use radar navigation,operate radar equipment,NARROWER,esco_broader,val,SATISFIES
develop ICT test suite,plan software testing,NARROWER,esco_broader,test,SATISFIES
use spreadsheets software,create digital content,NARROWER,esco_broader,val,SATISFIES
explain characteristics of computer peripheral equipment,advise customers on type of computer equipment,NARROWER,esco_broader,train,SATISFIES
resource description framework query language,query languages,NARROWER,esco_broader,train,SATISFIES
Joomla,WebCMS,NARROWER,esco_broader,train,SATISFIES
iterative development,ICT project management methodologies,NARROWER,esco_broader,train,SATISFIES
configure ICT system,manage changes in ICT system,NARROWER,esco_broader,train,SATISFIES
Transact-SQL,Object oriented data base management software,NARROWER,onet_category,val,SATISFIES
instruct library users in digital literacy,instruct others,NARROWER,esco_broader,train,SATISFIES
innovate in ICT,think innovatively,NARROWER,esco_broader,train,SATISFIES
collect real-time geolocation information,gather data,NARROWER,esco_broader,train,SATISFIES
compile data for navigation publications,gather experimental data,NARROWER,esco_broader,val,SATISFIES
manage digital archives,manage digital documents,NARROWER,esco_broader,train,SATISFIES
Splunk Enterprise,Cloud-based management software,NARROWER,onet_category,train,SATISFIES
edit photographs,perform image editing,NARROWER,esco_broader,val,SATISFIES
AJAX,computer programming,NARROWER,esco_broader,train,SATISFIES
manage online communications,share through digital technologies,NARROWER,esco_broader,train,SATISFIES
STAF,tools for software configuration management,NARROWER,esco_broader,val,SATISFIES
manage ICT data classification,manage ICT data architecture,NARROWER,esco_broader,train,SATISFIES
implement spam protection,apply digital security measures,NARROWER,esco_broader,train,SATISFIES
compile data for navigation publications,gather data,NARROWER,esco_broader,train,SATISFIES
Sass,style sheet languages,NARROWER,esco_broader,train,SATISFIES
computational linguistics,linguistics,NARROWER,esco_broader,train,SATISFIES
do cloud refactoring,manage changes in ICT system,NARROWER,esco_broader,train,SATISFIES
Octopus Deploy,tools for software configuration management,NARROWER,esco_broader,val,SATISFIES
Apache Kafka,Development environment software,NARROWER,onet_category,train,SATISFIES
apply control process statistical methods,apply statistical analysis techniques,NARROWER,esco_broader,train,SATISFIES
operate radio equipment,coordinate remote communications,NARROWER,esco_broader,train,SATISFIES
test power electronics,perform test run,NARROWER,esco_broader,train,SATISFIES
Agile development,ICT project management methodologies,NARROWER,esco_broader,train,SATISFIES
SQL,query languages,NARROWER,esco_broader,train,SATISFIES
analyse ecological data,manage quantitative data,NARROWER,esco_broader,train,SATISFIES
PHP,web programming,NARROWER,esco_broader,train,SATISFIES
CryEngine,digital game creation systems,NARROWER,esco_broader,train,SATISFIES
use methods of logistical data analysis,interpret current data,NARROWER,esco_broader,train,SATISFIES
Tableau,Business intelligence and data analysis software,NARROWER,onet_category,test,SATISFIES
balance database resources,manage database,NARROWER,esco_broader,train,SATISFIES
install electronic communication equipment,install electrical and electronic equipment,NARROWER,esco_broader,val,SATISFIES
Xcode,integrated development environment software,NARROWER,esco_broader,train,SATISFIES
render 3D images,create digital images,NARROWER,esco_broader,train,SATISFIES
MATLAB,computer programming,NARROWER,esco_broader,train,SATISFIES
Microsoft Power Platform software,Enterprise application integration software,NARROWER,onet_category,val,SATISFIES
Puppet (tools for software configuration management),tools for software configuration management,NARROWER,esco_broader,val,SATISFIES
supervise video and motion picture editing team,lead others,NARROWER,esco_broader,train,SATISFIES
manage technical security systems,manage security equipment,NARROWER,esco_broader,test,SATISFIES
develop digital content,digital content creation,NARROWER,esco_broader,train,SATISFIES
Spring Boot,Application server software,NARROWER,onet_category,train,SATISFIES
Eclipse IDE,Development environment software,NARROWER,onet_category,train,SATISFIES
propose ICT solutions to business problems,solve technical problems,NARROWER,esco_broader,train,SATISFIES
establish an ICT security prevention plan,protect personal data and privacy,NARROWER,esco_broader,train,SATISFIES
execute conversion testing,execute software tests,NARROWER,esco_broader,val,SATISFIES
operate electronic payment terminals,process payments,NARROWER,esco_broader,train,SATISFIES
LDAP,query languages,NARROWER,esco_broader,train,SATISFIES
Rapid application development,ICT project management methodologies,NARROWER,esco_broader,train,SATISFIES
Microsoft Active Server Pages ASP,Web platform development software,NARROWER,onet_category,train,SATISFIES
Process-based management,ICT project management methodologies,NARROWER,esco_broader,train,SATISFIES
control production flow remotely,control production,NARROWER,esco_broader,test,SATISFIES
solve ICT system problems,solve technical problems,NARROWER,esco_broader,train,SATISFIES
SPARK,software frameworks,NARROWER,esco_broader,train,SATISFIES
aquaculture production planning software,use production planning software,NARROWER,esco_broader,train,SATISFIES
Oracle Data Integrator,"data extraction, transformation and loading tools",NARROWER,esco_broader,val,SATISFIES
Open source model,service-oriented modelling,NARROWER,esco_broader,test,SATISFIES
prepare detailed working drawings for interior design,develop a specific interior design,NARROWER,esco_broader,train,SATISFIES
use agricultural information systems and databases,use databases,NARROWER,esco_broader,train,SATISFIES
provide ICT system training,instruct others,NARROWER,esco_broader,train,SATISFIES
Apache Hive,Data base user interface and query software,NARROWER,onet_category,test,SATISFIES
Filemaker (database management systems),database management systems,NARROWER,esco_broader,train,SATISFIES
operate audio-signal processors,use audio reproduction software,NARROWER,esco_broader,train,SATISFIES
Alteryx software,Business intelligence and data analysis software,NARROWER,onet_category,test,SATISFIES
apply system organisational policies,demonstrate loyalty,NARROWER,esco_broader,train,SATISFIES
install electronic communication devices on trains,install electronic communication equipment,NARROWER,esco_broader,val,SATISFIES
C++,computer programming,NARROWER,esco_broader,train,SATISFIES
create data models,manage data,NARROWER,esco_broader,train,SATISFIES
collection management software,collection management,NARROWER,esco_broader,train,SATISFIES
repair lockable devices,replace defective devices,NARROWER,esco_broader,train,SATISFIES
Shiva (digital game creation systems),digital game creation systems,NARROWER,esco_broader,train,SATISFIES
administer ICT system,maintain ICT system,NARROWER,esco_broader,train,SATISFIES
use data processing techniques,store digital data and systems,NARROWER,esco_broader,train,SATISFIES
audio mastering,master disc manufacturing,NARROWER,esco_broader,val,SATISFIES
Apache Tomcat,Web platform development software,NARROWER,onet_category,train,SATISFIES
collect data using GPS,operate GPS systems,NARROWER,esco_broader,train,SATISFIES
search engine optimisation,"evaluate data, information and digital content",NARROWER,esco_broader,test,SATISFIES
Pentaho Data Integration,"data extraction, transformation and loading tools",NARROWER,esco_broader,val,SATISFIES
incremental development,ICT project management methodologies,NARROWER,esco_broader,train,SATISFIES
identify ICT security risks,implement ICT risk management,NARROWER,esco_broader,val,SATISFIES
Amazon Elastic Compute Cloud EC2,Data base user interface and query software,NARROWER,onet_category,test,SATISFIES
Slack,Cloud-based data access and sharing software,NARROWER,onet_category,train,SATISFIES
Yardi software,Data base user interface and query software,NARROWER,onet_category,test,SATISFIES
John The Ripper (penetration testing tool),penetration testing tool,NARROWER,esco_broader,test,SATISFIES
software UI design patterns,software interaction design,NARROWER,esco_broader,test,SATISFIES
keep up-to-date to computer trends,keep up with trends,NARROWER,esco_broader,train,SATISFIES
interact through digital technologies,digital communication and collaboration,NARROWER,esco_broader,train,SATISFIES
Grovo,learning management systems,NARROWER,esco_broader,test,SATISFIES
test microelectronics,think critically,NARROWER,esco_broader,train,SATISFIES
Oracle Database,Data base user interface and query software,NARROWER,onet_category,test,SATISFIES
Docker,Application server software,NARROWER,onet_category,train,SATISFIES
solve problems in gambling through digital means,manage gambling operation,NARROWER,esco_broader,train,SATISFIES
R,Object or component oriented development software,NARROWER,onet_category,train,SATISFIES
create game testing software,plan software testing,NARROWER,esco_broader,test,SATISFIES
Google Analytics,Data mining software,NARROWER,onet_category,train,SATISFIES
SketchBook Pro,graphics editor software,NARROWER,esco_broader,test,SATISFIES
analyse gambling data,manage quantitative data,NARROWER,esco_broader,train,SATISFIES
operate electronic measuring instruments,operate scientific measuring equipment,NARROWER,esco_broader,val,SATISFIES
Apache Cassandra,Data base management system software,NARROWER,onet_category,val,SATISFIES
program home alarm systems,manage alarm system,NARROWER,esco_broader,train,SATISFIES
Microsoft SQL Server Reporting Services SSRS,Data base reporting software,NARROWER,onet_category,train,SATISFIES
Haskell,computer programming,NARROWER,esco_broader,train,SATISFIES
output electronic files,manage digital documents,NARROWER,esco_broader,train,SATISFIES
e-learning,learning technologies,NARROWER,esco_broader,train,SATISFIES
synchronise with mouth movements,synchronise sound with images,NARROWER,esco_broader,train,SATISFIES
work with e-services available to citizens,use e-services,NARROWER,esco_broader,train,SATISFIES
use methods of logistical data analysis,process qualitative information,NARROWER,esco_broader,train,SATISFIES
establish an ICT customer support process,support ICT system users,NARROWER,esco_broader,train,SATISFIES
program a CNC controller,set equipment controls,NARROWER,esco_broader,train,SATISFIES
MySQL,Data base user interface and query software,NARROWER,onet_category,test,SATISFIES
Microsoft Visio,graphics editor software,NARROWER,esco_broader,test,SATISFIES
establish an Information Security Management System,security engineering,NARROWER,esco_broader,train,SATISFIES
maintain database performance,manage database,NARROWER,esco_broader,train,SATISFIES
draw sketches to develop textile articles using softwares,create sketches,NARROWER,esco_broader,train,SATISFIES
Apache Maven,tools for software configuration management,NARROWER,esco_broader,val,SATISFIES
publishing strategy,content development processes,NARROWER,esco_broader,train,SATISFIES
manage flight data communications programme,manage quantitative data,NARROWER,esco_broader,train,SATISFIES
Oracle Application Development Framework,software frameworks,NARROWER,esco_broader,train,SATISFIES
Parrot Security OS,penetration testing tool,NARROWER,esco_broader,test,SATISFIES
manage ICT semantic integration,integrate ICT data,NARROWER,esco_broader,train,SATISFIES
innovate in ICT,seek innovation in current practices,NARROWER,esco_broader,train,SATISFIES
protect health and well-being while using digital technologies,ICT safety,NARROWER,esco_broader,train,SATISFIES
Microsoft Outlook,Electronic mail software,NARROWER,onet_category,train,SATISFIES
Hibernate ORM,Object oriented data base management software,NARROWER,onet_category,val,SATISFIES
Microsoft Access,Data base user interface and query software,NARROWER,onet_category,test,SATISFIES
troubleshoot website,manage website,NARROWER,esco_broader,train,SATISFIES
manage technical security systems,oversee planning of security systems,NARROWER,esco_broader,test,SATISFIES
Microsoft Visual Basic for Applications VBA,Development environment software,NARROWER,onet_category,train,SATISFIES
draw sketches to develop textile articles using softwares,use technical drawing software,NARROWER,esco_broader,train,SATISFIES
execute integration testing,execute software tests,NARROWER,esco_broader,val,SATISFIES
repair equipment on site,resolve equipment malfunctions,NARROWER,esco_broader,train,SATISFIES
utilise decision support system,make independent operating decisions,NARROWER,esco_broader,train,SATISFIES
cloud security and compliance,cloud technologies,NARROWER,esco_broader,train,SATISFIES
OpenEdge Database,database management systems,NARROWER,esco_broader,train,SATISFIES
analyse big data,analyse test data,NARROWER,esco_broader,val,SATISFIES
manage online communications,interact through digital technologies,NARROWER,esco_broader,train,SATISFIES
Teradata Database,database management systems,NARROWER,esco_broader,train,SATISFIES
OpenEdge Advanced Business Language,computer programming,NARROWER,esco_broader,train,SATISFIES
plan marketing campaigns,plan marketing strategy,NARROWER,esco_broader,train,SATISFIES
optimise choice of ICT solution,solve technical problems,NARROWER,esco_broader,train,SATISFIES
Amazon Redshift,Data base user interface and query software,NARROWER,onet_category,test,SATISFIES
Oracle PeopleSoft,Enterprise resource planning ERP software,NARROWER,onet_category,train,SATISFIES
RAGE (digital game creation systems),digital game creation systems,NARROWER,esco_broader,train,SATISFIES
operate digital printers,manage digital documents,NARROWER,esco_broader,train,SATISFIES
artificial neural networks,principles of artificial intelligence,NARROWER,esco_broader,val,SATISFIES
conduct analysis of ship data,report analysis results,NARROWER,esco_broader,train,SATISFIES
work with virtual learning environments,use learning strategies,NARROWER,esco_broader,test,SATISFIES
Figma,Graphical user interface development software,NARROWER,onet_category,train,SATISFIES
draw sketches to develop textile articles using softwares,design wearing apparel,NARROWER,esco_broader,test,SATISFIES
operate maritime communication equipment,simplify communication in maritime management,NARROWER,esco_broader,train,SATISFIES
create 3D characters,apply 3D imaging techniques,NARROWER,esco_broader,val,SATISFIES
implement a firewall,apply digital security measures,NARROWER,esco_broader,train,SATISFIES
identify ICT security risks,manage digital identity,NARROWER,esco_broader,train,SATISFIES
Django,Web platform development software,NARROWER,onet_category,train,SATISFIES
use query languages,apply basic programming skills,NARROWER,esco_broader,test,SATISFIES
Elasticsearch,Data base management system software,NARROWER,onet_category,val,SATISFIES
integrate content into output media,manage digital documents,NARROWER,esco_broader,train,SATISFIES
Procore software,Analytical or scientific software,NARROWER,onet_category,train,SATISFIES
design optical prototypes,design prototypes,NARROWER,esco_broader,test,SATISFIES
perform safety data analysis,think critically,NARROWER,esco_broader,train,SATISFIES
use software for data preservation,use specific data analysis software,NARROWER,esco_broader,val,SATISFIES
embedded systems,ICT infrastructure,NARROWER,esco_broader,train,SATISFIES
operate two-way radio systems,operate radio navigation instruments,NARROWER,esco_broader,train,SATISFIES
operate automated optical inspection machine,operate automated process control,NARROWER,esco_broader,val,SATISFIES
solve technical problems,identify problems,NARROWER,esco_broader,train,SATISFIES
optimise fleet usability,manage vessel fleet,NARROWER,esco_broader,train,SATISFIES
create 3D environments,operate 3D computer graphics software,NARROWER,esco_broader,test,SATISFIES
CSS,style sheet languages,NARROWER,esco_broader,train,SATISFIES
SAS Data Management,"data extraction, transformation and loading tools",NARROWER,esco_broader,val,SATISFIES
SAS language,statistical analysis system software,NARROWER,esco_broader,train,SATISFIES
Node.js,Web platform development software,NARROWER,onet_category,train,SATISFIES
maintain radio communications equipment,use communication equipment,NARROWER,esco_broader,train,SATISFIES
define integration strategy,define technology strategy,NARROWER,esco_broader,val,SATISFIES
manage quantitative data,"organise information, objects and resources",NARROWER,esco_broader,train,SATISFIES
use online tools to collaborate,digital communication and collaboration,NARROWER,esco_broader,train,SATISFIES
apply statistical analysis techniques,carry out calculations,NARROWER,esco_broader,val,SATISFIES
Grafana Labs Grafana Cloud,Graphical user interface development software,NARROWER,onet_category,train,SATISFIES
operate warehouse record systems,perform warehousing operations,NARROWER,esco_broader,val,SATISFIES
test improved aeronautical information management systems,maintain up-to-date aeronautical information management services,NARROWER,esco_broader,train,SATISFIES
plan marketing campaigns,coordinate marketing plan actions,NARROWER,esco_broader,train,SATISFIES
convert into animated object,create digital images,NARROWER,esco_broader,train,SATISFIES
set up audiovisual peripheral equipment,set up multimedia equipment,NARROWER,esco_broader,train,SATISFIES
Microsoft SQL Server Reporting Services SSRS,Object or component oriented development software,NARROWER,onet_category,train,SATISFIES
JavaScript,Web platform development software,NARROWER,onet_category,train,SATISFIES
Microsoft Team Foundation Server,Development environment software,NARROWER,onet_category,train,SATISFIES
maintain freelance database,use databases,NARROWER,esco_broader,train,SATISFIES
APL,computer programming,NARROWER,esco_broader,train,SATISFIES
perform software unit testing,plan software testing,NARROWER,esco_broader,test,SATISFIES
identify technological needs,problem-solving with digital tools,NARROWER,esco_broader,test,SATISFIES
Google Android,Operating system software,NARROWER,onet_category,train,SATISFIES
use interface description language,design component interfaces,NARROWER,esco_broader,train,SATISFIES
implement data quality processes,use databases,NARROWER,esco_broader,train,SATISFIES
AJAX,Web platform development software,NARROWER,onet_category,train,SATISFIES
develop automated software tests,plan software testing,NARROWER,esco_broader,test,SATISFIES
Taleo,learning management systems,NARROWER,esco_broader,test,SATISFIES
Google Sheets,Spreadsheet software,NARROWER,onet_category,train,SATISFIES
maintain projection equipment,maintain equipment,NARROWER,esco_broader,train,SATISFIES
plan migration to cloud,manage changes in ICT system,NARROWER,esco_broader,train,SATISFIES
manage findable accessible interoperable and reusable data,manage data,NARROWER,esco_broader,train,SATISFIES
VBScript,computer programming,NARROWER,esco_broader,train,SATISFIES
rig 3D characters,operate 3D computer graphics software,NARROWER,esco_broader,test,SATISFIES
develop online community plan,manage online communications,NARROWER,esco_broader,train,SATISFIES
provide multimedia content,compile content,NARROWER,esco_broader,train,SATISFIES
Microsoft SQL Server Integration Services SSIS,Enterprise application integration software,NARROWER,onet_category,val,SATISFIES
Microsoft .NET Framework,Development environment software,NARROWER,onet_category,train,SATISFIES
IBM Informix,database management systems,NARROWER,esco_broader,train,SATISFIES
record data from biomedical tests,report test findings,NARROWER,esco_broader,train,SATISFIES
Ajax Framework,software frameworks,NARROWER,esco_broader,train,SATISFIES
THC Hydra,penetration testing tool,NARROWER,esco_broader,test,SATISFIES
perform software unit testing,execute software tests,NARROWER,esco_broader,val,SATISFIES
plot shipping navigation routes,prepare transportation routes,NARROWER,esco_broader,train,SATISFIES
test microelectronics,perform test run,NARROWER,esco_broader,train,SATISFIES
Cascading style sheets CSS,Web platform development software,NARROWER,onet_category,train,SATISFIES
Python (computer programming),computer programming,NARROWER,esco_broader,train,SATISFIES
C,Development environment software,NARROWER,onet_category,train,SATISFIES
Scala,Object or component oriented development software,NARROWER,onet_category,train,SATISFIES
oversee clinical information system activities,lead others,NARROWER,esco_broader,train,SATISFIES
video-games trends,toys and games trends,NARROWER,esco_broader,train,SATISFIES
museum databases,database,NARROWER,esco_broader,train,SATISFIES
maintain broadcast equipment,maintain equipment,NARROWER,esco_broader,train,SATISFIES
assemble robots,assemble machines,NARROWER,esco_broader,train,SATISFIES
tend CNC laser cutting machine,operate laser cutting equipment,NARROWER,esco_broader,val,SATISFIES
colour grade images with digital intermediate,edit digital moving images,NARROWER,esco_broader,train,SATISFIES
lead disaster recovery exercises,instruct others,NARROWER,esco_broader,train,SATISFIES
Atlassian JIRA,Content workflow software,NARROWER,onet_category,train,SATISFIES
use computerised maintenance management systems,manage maintenance operations,NARROWER,esco_broader,train,SATISFIES
Schoology,learning management systems,NARROWER,esco_broader,test,SATISFIES
Transact-SQL,Data base user interface and query software,NARROWER,onet_category,test,SATISFIES
cloud monitoring and reporting,cloud technologies,NARROWER,esco_broader,train,SATISFIES
simulate transport problems,run simulations,NARROWER,esco_broader,train,SATISFIES
operate remote broadcast equipment,operate broadcast equipment,NARROWER,esco_broader,train,SATISFIES
process data from railway control rooms,process qualitative information,NARROWER,esco_broader,train,SATISFIES
manage meteorological database,use databases,NARROWER,esco_broader,train,SATISFIES
use translation memory software,use computer-aided translation,NARROWER,esco_broader,train,SATISFIES
test ground system performance,manage system testing,NARROWER,esco_broader,train,SATISFIES
Microsoft Active Directory,Internet directory services software,NARROWER,onet_category,train,SATISFIES
Source (digital game creation systems),digital game creation systems,NARROWER,esco_broader,train,SATISFIES
ASP.NET,computer programming,NARROWER,esco_broader,train,SATISFIES
maintain sensor equipment,maintain equipment,NARROWER,esco_broader,train,SATISFIES
carry out forum moderation,apply social media marketing,NARROWER,esco_broader,train,SATISFIES
monitor ICT research,monitor technology trends,NARROWER,esco_broader,test,SATISFIES
manage meteorological database,manage database,NARROWER,esco_broader,train,SATISFIES
use presentation software,create digital content,NARROWER,esco_broader,val,SATISFIES
manage production systems,lead others,NARROWER,esco_broader,train,SATISFIES
collaborate through digital technologies,digital communication and collaboration,NARROWER,esco_broader,train,SATISFIES
analyse big data,use data processing techniques,NARROWER,esco_broader,train,SATISFIES
Google Analytics,Analytical or scientific software,NARROWER,onet_category,train,SATISFIES
online moderation techniques,moderate a discussion,NARROWER,esco_broader,train,SATISFIES
SAS,Analytical or scientific software,NARROWER,onet_category,train,SATISFIES
forecast future ICT network needs,identify technological needs,NARROWER,esco_broader,train,SATISFIES
advise on online dating,advise others,NARROWER,esco_broader,val,SATISFIES
propose ICT solutions to business problems,create solutions to problems,NARROWER,esco_broader,test,SATISFIES
interpret graphical recordings of rail-flaw-detection machine,interpret graphical communication interfaces,NARROWER,esco_broader,train,SATISFIES
communicate using the global maritime distress and safety system,react to physical changes or hazards,NARROWER,esco_broader,train,SATISFIES
use pattern-cutting softwares,create patterns for garments,NARROWER,esco_broader,val,SATISFIES
computational fluid dynamics,fluid mechanics,NARROWER,esco_broader,train,SATISFIES
test system accessibility for users with special needs,identify ICT user needs,NARROWER,esco_broader,train,SATISFIES
"evaluate data, information and digital content",digital data processing,NARROWER,esco_broader,train,SATISFIES
create animated narratives,create digital images,NARROWER,esco_broader,train,SATISFIES
interpret graphical recordings of rail-flaw-detection machine,operate rail-flaw-detection machine,NARROWER,esco_broader,train,SATISFIES
PostgreSQL,Object oriented data base management software,NARROWER,onet_category,val,SATISFIES
use analytics for commercial purposes,perform online data analysis,NARROWER,esco_broader,train,SATISFIES
support ICT system users,instruct others,NARROWER,esco_broader,train,SATISFIES
perform ICT security testing,implement ICT risk management,NARROWER,esco_broader,val,SATISFIES
test computer hardware,think critically,NARROWER,esco_broader,train,SATISFIES
CA Datacom/DB,database management systems,NARROWER,esco_broader,train,SATISFIES
Objective-C,computer programming,NARROWER,esco_broader,train,SATISFIES
analyse scanned data of the body,think critically,NARROWER,esco_broader,train,SATISFIES
TensorFlow,Analytical or scientific software,NARROWER,onet_category,train,SATISFIES
Nexpose,penetration testing tool,NARROWER,esco_broader,test,SATISFIES
PHP,Web platform development software,NARROWER,onet_category,train,SATISFIES
manage membership database,manage database,NARROWER,esco_broader,train,SATISFIES
Extensible markup language XML,Enterprise application integration software,NARROWER,onet_category,val,SATISFIES
ML (computer programming),computer programming,NARROWER,esco_broader,train,SATISFIES
ServiceNow,Data base user interface and query software,NARROWER,onet_category,test,SATISFIES
prepare exhibition marketing plan,plan marketing campaigns,NARROWER,esco_broader,train,SATISFIES
Frostbite (digital game creation systems),digital game creation systems,NARROWER,esco_broader,train,SATISFIES
analyse big data,perform data analysis,NARROWER,esco_broader,train,SATISFIES
maintain ICT server,maintain ICT system,NARROWER,esco_broader,train,SATISFIES
integrate and re-elaborate digital content,digital content creation,NARROWER,esco_broader,train,SATISFIES
design database scheme,manage database,NARROWER,esco_broader,train,SATISFIES
WordPress,WebCMS,NARROWER,esco_broader,train,SATISFIES
use CAD for lasts,use CAD software,NARROWER,esco_broader,train,SATISFIES
LINQ,resource description framework query language,NARROWER,esco_broader,train,SATISFIES
apply system organisational policies,apply company policies,NARROWER,esco_broader,test,SATISFIES
operate digital printers,operate digital hardware,NARROWER,esco_broader,train,SATISFIES
Microsoft PowerPoint,Presentation software,NARROWER,onet_category,train,SATISFIES
Atlassian Bitbucket,Application server software,NARROWER,onet_category,train,SATISFIES
maintain robotic equipment,maintain equipment,NARROWER,esco_broader,train,SATISFIES
Project Anarchy,digital game creation systems,NARROWER,esco_broader,train,SATISFIES
implement cloud security and compliance,implement ICT risk management,NARROWER,esco_broader,val,SATISFIES
iOS,mobile operating systems,NARROWER,esco_broader,test,SATISFIES
use ICT ticketing system,use ICT systems,NARROWER,esco_broader,train,SATISFIES
establish an ICT customer support process,provide ICT support,NARROWER,esco_broader,train,SATISFIES
quality control systems,manage quality,NARROWER,esco_broader,train,SATISFIES
Common Lisp,computer programming,NARROWER,esco_broader,train,SATISFIES
WordPress,Web page creation and editing software,NARROWER,onet_category,train,SATISFIES
create concept of digital game,think creatively,NARROWER,esco_broader,train,SATISFIES
disassemble mobile devices,repair mobile devices,NARROWER,esco_broader,val,SATISFIES
Oracle Cloud software,Cloud-based management software,NARROWER,onet_category,train,SATISFIES
energy saving potential of automated shift systems,energy efficiency,NARROWER,esco_broader,train,SATISFIES
Microsoft Team Foundation Server,Project management software,NARROWER,onet_category,val,SATISFIES
Google Looker Analytics,Business intelligence and data analysis software,NARROWER,onet_category,test,SATISFIES
rig 3D characters,create 3D characters,NARROWER,esco_broader,val,SATISFIES
create 3D CAD footwear prototypes,use CAD software,NARROWER,esco_broader,train,SATISFIES
quality control systems,control systems,NARROWER,esco_broader,val,SATISFIES
GDPR,EU law,NARROWER,esco_broader,train,SATISFIES
maintain audiovisual equipment,maintain equipment,NARROWER,esco_broader,train,SATISFIES
search databases,use databases,NARROWER,esco_broader,train,SATISFIES
SAP Data Services,"data extraction, transformation and loading tools",NARROWER,esco_broader,val,SATISFIES
advise on online dating,perform dating coaching,NARROWER,esco_broader,test,SATISFIES
TypeScript,Object or component oriented development software,NARROWER,onet_category,train,SATISFIES
information confidentiality,respect confidentiality obligations,NARROWER,esco_broader,train,SATISFIES
adapt to new technology used in cars,adapt to change,NARROWER,esco_broader,train,SATISFIES
search databases,"evaluate data, information and digital content",NARROWER,esco_broader,test,SATISFIES
BlackArch,penetration testing tool,NARROWER,esco_broader,test,SATISFIES
Adobe Photoshop,graphics editor software,NARROWER,esco_broader,test,SATISFIES
manage radiology information system,use databases,NARROWER,esco_broader,train,SATISFIES
Microsoft Teams,Project management software,NARROWER,onet_category,val,SATISFIES
GraphQL,Data base user interface and query software,NARROWER,onet_category,test,SATISFIES
data quality assessment,quality assurance methodologies,NARROWER,esco_broader,test,SATISFIES
create data sets,use databases,NARROWER,esco_broader,train,SATISFIES
Sakai,learning management systems,NARROWER,esco_broader,test,SATISFIES
JavaScript Object Notation JSON,Web platform development software,NARROWER,onet_category,train,SATISFIES
Microsoft Access,database management systems,NARROWER,esco_broader,train,SATISFIES
manage production systems,control production,NARROWER,esco_broader,test,SATISFIES
MDX,query languages,NARROWER,esco_broader,train,SATISFIES
analyse ecological data,analyse scientific data,NARROWER,esco_broader,test,SATISFIES
XQuery,query languages,NARROWER,esco_broader,train,SATISFIES
analyse big data,"evaluate data, information and digital content",NARROWER,esco_broader,test,SATISFIES
museum databases,use databases,NARROWER,esco_broader,train,SATISFIES
penetration testing tool,perform ICT security testing,NARROWER,esco_broader,val,SATISFIES
Java (computer programming),computer programming,NARROWER,esco_broader,train,SATISFIES
DevOps,ICT project management methodologies,NARROWER,esco_broader,train,SATISFIES
log transmitter readings,report facts,NARROWER,esco_broader,test,SATISFIES
Unreal Engine,digital game creation systems,NARROWER,esco_broader,train,SATISFIES
create database diagrams,manage database,NARROWER,esco_broader,train,SATISFIES
C#,Object or component oriented development software,NARROWER,onet_category,train,SATISFIES
PyTorch,Data base user interface and query software,NARROWER,onet_category,test,SATISFIES
manage digital archives,store digital data and systems,NARROWER,esco_broader,train,SATISFIES
SPARQL,query languages,NARROWER,esco_broader,train,SATISFIES
share through digital technologies,digital communication and collaboration,NARROWER,esco_broader,train,SATISFIES
WhiteHat Sentinel,penetration testing tool,NARROWER,esco_broader,test,SATISFIES
manage donor database,use databases,NARROWER,esco_broader,train,SATISFIES
GameSalad,digital game creation systems,NARROWER,esco_broader,train,SATISFIES
create online news content,compile content,NARROWER,esco_broader,train,SATISFIES
maintain freelance database,carry out calculations,NARROWER,esco_broader,val,SATISFIES
use software design patterns,create software design,NARROWER,esco_broader,test,SATISFIES
Microsoft Visual C++,integrated development environment software,NARROWER,esco_broader,train,SATISFIES
execute ICT user research activities,identify ICT user needs,NARROWER,esco_broader,train,SATISFIES
manage digital libraries,store digital data and systems,NARROWER,esco_broader,train,SATISFIES
GitHub,Application server software,NARROWER,onet_category,train,SATISFIES
perform data mining,use databases,NARROWER,esco_broader,train,SATISFIES
implement data warehousing techniques,store digital data and systems,NARROWER,esco_broader,train,SATISFIES
Microsoft SQL Server,Data base management system software,NARROWER,onet_category,val,SATISFIES
supervise data entry,use databases,NARROWER,esco_broader,train,SATISFIES
design computer network,design information system,NARROWER,esco_broader,test,SATISFIES
Lisp,computer programming,NARROWER,esco_broader,train,SATISFIES
operate port communications systems,maintain operational communications,NARROWER,esco_broader,test,SATISFIES
use modern electronic navigational aids,solve location and navigation problems by using GPS tools,NARROWER,esco_broader,train,SATISFIES
Microsoft Azure software,Development environment software,NARROWER,onet_category,train,SATISFIES
protect the environment from the impact of the digital technologies,ICT safety,NARROWER,esco_broader,train,SATISFIES
test computer hardware,test hardware,NARROWER,esco_broader,val,SATISFIES
supervise video quality,manage quality,NARROWER,esco_broader,train,SATISFIES
use e-procurement,use e-services,NARROWER,esco_broader,train,SATISFIES
Backbox (penetration testing tool),penetration testing tool,NARROWER,esco_broader,test,SATISFIES
maintain audiovisual equipment,maintain electrical equipment,NARROWER,esco_broader,val,SATISFIES
design circuits using CAD,use CAD software,NARROWER,esco_broader,train,SATISFIES
Cain and Abel (penetration testing tool),penetration testing tool,NARROWER,esco_broader,test,SATISFIES
Prince2 project management,ICT project management methodologies,NARROWER,esco_broader,train,SATISFIES
use electronic health records in nursing,use databases,NARROWER,esco_broader,train,SATISFIES
TypeScript,computer programming,NARROWER,esco_broader,train,SATISFIES
Drupal,WebCMS,NARROWER,esco_broader,train,SATISFIES
software UI design patterns,software design methodologies,NARROWER,esco_broader,train,SATISFIES
Bootstrap,Web platform development software,NARROWER,onet_category,train,SATISFIES
operate port communications systems,manage port operations,NARROWER,esco_broader,train,SATISFIES
Mozilla Firefox,Internet browser software,NARROWER,onet_category,train,SATISFIES
collect ICT data,gather data,NARROWER,esco_broader,train,SATISFIES
Nessus,penetration testing tool,NARROWER,esco_broader,test,SATISFIES
manage keys for data protection,manage system security,NARROWER,esco_broader,train,SATISFIES
use data processing techniques,"evaluate data, information and digital content",NARROWER,esco_broader,test,SATISFIES
advise customers on type of computer equipment,advise customers on new equipment,NARROWER,esco_broader,val,SATISFIES
follow up online user requests,provide customer follow-up services,NARROWER,esco_broader,train,SATISFIES
Prototyping development,ICT project management methodologies,NARROWER,esco_broader,train,SATISFIES
ESRI ArcGIS software,Analytical or scientific software,NARROWER,onet_category,train,SATISFIES
Amazon Web Services AWS CloudFormation,Cloud-based management software,NARROWER,onet_category,train,SATISFIES
respond to incidents in cloud,troubleshoot,NARROWER,esco_broader,train,SATISFIES
provide training on e-learning,instruct others,NARROWER,esco_broader,train,SATISFIES
CoffeeScript,computer programming,NARROWER,esco_broader,train,SATISFIES
Microsoft Excel,Spreadsheet software,NARROWER,onet_category,train,SATISFIES
Oracle Warehouse Builder,"data extraction, transformation and loading tools",NARROWER,esco_broader,val,SATISFIES
JavaScript,computer programming,NARROWER,esco_broader,train,SATISFIES
optimise fleet usability,monitor vehicle fleet operations,NARROWER,esco_broader,test,SATISFIES
Swift,Object or component oriented development software,NARROWER,onet_category,train,SATISFIES
Eclipse (integrated development environment software),integrated development environment software,NARROWER,esco_broader,train,SATISFIES
carry out forum moderation,moderate a discussion,NARROWER,esco_broader,train,SATISFIES
create CAD drawings,use technical drawing software,NARROWER,esco_broader,train,SATISFIES
SAP software,Enterprise resource planning ERP software,NARROWER,onet_category,train,SATISFIES
UNIX Shell,Operating system software,NARROWER,onet_category,train,SATISFIES
propose ICT solutions to business problems,develop strategy to solve problems,NARROWER,esco_broader,train,SATISFIES
Microsoft Project,Project management software,NARROWER,onet_category,val,SATISFIES
manage cloud data and storage,manage database,NARROWER,esco_broader,train,SATISFIES
Ansible,tools for software configuration management,NARROWER,esco_broader,val,SATISFIES
WildFly,web programming,NARROWER,esco_broader,train,SATISFIES
SQL Server Integration Services,"data extraction, transformation and loading tools",NARROWER,esco_broader,val,SATISFIES
enhance website visibility,manage website,NARROWER,esco_broader,train,SATISFIES
N1QL,resource description framework query language,NARROWER,esco_broader,train,SATISFIES
evaluate information services using metrics,manage quantitative data,NARROWER,esco_broader,train,SATISFIES
create freight rate databases,maintain freelance database,NARROWER,esco_broader,train,SATISFIES
Microsoft Teams,Enterprise application integration software,NARROWER,onet_category,val,SATISFIES
use audio reproduction software,operate audio equipment,NARROWER,esco_broader,train,SATISFIES
advise customers on type of computer equipment,advise others,NARROWER,esco_broader,val,SATISFIES
Oracle Database,Data base management system software,NARROWER,onet_category,val,SATISFIES
use software for data preservation,store digital data and systems,NARROWER,esco_broader,train,SATISFIES
MarkLogic,database management systems,NARROWER,esco_broader,train,SATISFIES
execute ICT audits,perform quality audits,NARROWER,esco_broader,train,SATISFIES
use software for data preservation,manage digital identity,NARROWER,esco_broader,train,SATISFIES
test sensors,perform test run,NARROWER,esco_broader,train,SATISFIES
LINQ,query languages,NARROWER,esco_broader,train,SATISFIES
plan ICT capacity,plan future capacity requirements,NARROWER,esco_broader,val,SATISFIES
Ruby,Development environment software,NARROWER,onet_category,train,SATISFIES
JUnit,Program testing software,NARROWER,onet_category,test,SATISFIES
Microsoft Windows Server,Operating system software,NARROWER,onet_category,train,SATISFIES
render 3D images,operate 3D computer graphics software,NARROWER,esco_broader,test,SATISFIES
Adobe Illustrator,graphics editor software,NARROWER,esco_broader,test,SATISFIES
jQuery,Object or component oriented development software,NARROWER,onet_category,train,SATISFIES
creatively use digital technologies,problem-solving with digital tools,NARROWER,esco_broader,test,SATISFIES
program sound cues,cue a performance,NARROWER,esco_broader,train,SATISFIES
perform online data analysis,perform data analysis,NARROWER,esco_broader,train,SATISFIES
operate railway control panels,operate control panels,NARROWER,esco_broader,train,SATISFIES
graphics editor software,design graphics,NARROWER,esco_broader,train,SATISFIES
analyse scanned data of the body,inspect data,NARROWER,esco_broader,train,SATISFIES
Microsoft PowerShell,Development environment software,NARROWER,onet_category,train,SATISFIES
LAMS,learning management systems,NARROWER,esco_broader,test,SATISFIES
Swift (computer programming),computer programming,NARROWER,esco_broader,train,SATISFIES
estimate costs of installing telecommunication devices,assess financial viability,NARROWER,esco_broader,test,SATISFIES
digitise documents,process qualitative information,NARROWER,esco_broader,train,SATISFIES
maintain up-to-date aeronautical information management services,keep up-to-date with regulations,NARROWER,esco_broader,train,SATISFIES
test microelectronics,maintain microelectronics,NARROWER,esco_broader,train,SATISFIES
operate maritime communication equipment,manage safety standards for maritime water transport,NARROWER,esco_broader,train,SATISFIES
Python,Object or component oriented development software,NARROWER,onet_category,train,SATISFIES
Apple iOS,Operating system software,NARROWER,onet_category,train,SATISFIES
Apache Hadoop,Data base management system software,NARROWER,onet_category,val,SATISFIES
Amazon Web Services AWS software,Data base user interface and query software,NARROWER,onet_category,test,SATISFIES
identify ICT security risks,manage system security,NARROWER,esco_broader,train,SATISFIES
Moodle,learning management systems,NARROWER,esco_broader,test,SATISFIES
manage radiology information system,manage digital documents,NARROWER,esco_broader,train,SATISFIES
assess integrated domotics systems,think critically,NARROWER,esco_broader,train,SATISFIES
Android (mobile operating systems),mobile operating systems,NARROWER,esco_broader,test,SATISFIES
Wireshark,penetration testing tool,NARROWER,esco_broader,test,SATISFIES
calculate costs of repair operations,assess operating cost,NARROWER,esco_broader,train,SATISFIES
operate 2D CAD for footwear,use CAD software,NARROWER,esco_broader,train,SATISFIES
computer equipment,product comprehension,NARROWER,esco_broader,train,SATISFIES
id Tech,digital game creation systems,NARROWER,esco_broader,train,SATISFIES
Agile project management,ICT project management methodologies,NARROWER,esco_broader,train,SATISFIES
modify textile designs,produce textile designs,NARROWER,esco_broader,train,SATISFIES
execute software tests,plan software testing,NARROWER,esco_broader,test,SATISFIES
Microsoft Windows,Operating system software,NARROWER,onet_category,train,SATISFIES
Absorb (learning management systems),learning management systems,NARROWER,esco_broader,test,SATISFIES
Facebook,Web page creation and editing software,NARROWER,onet_category,train,SATISFIES
Prolog (computer programming),computer programming,NARROWER,esco_broader,train,SATISFIES
Asana,Cloud-based data access and sharing software,NARROWER,onet_category,train,SATISFIES
normalise data,establish data processes,NARROWER,esco_broader,train,SATISFIES
keep up-to-date to computer trends,keep up-to-date with regulations,NARROWER,esco_broader,train,SATISFIES
Apple Safari,Internet browser software,NARROWER,onet_category,train,SATISFIES
use mine planning software,use production planning software,NARROWER,esco_broader,train,SATISFIES
Go,Development environment software,NARROWER,onet_category,train,SATISFIES
data mining methods,data mining,NARROWER,esco_broader,train,SATISFIES
inspect data,"evaluate data, information and digital content",NARROWER,esco_broader,test,SATISFIES
use analytics for commercial purposes,think analytically,NARROWER,esco_broader,test,SATISFIES
repair maritime communication equipment,operate maritime communication equipment,NARROWER,esco_broader,train,SATISFIES
use e-health and mobile health technologies,use e-services,NARROWER,esco_broader,train,SATISFIES
tune up wireless audio systems,set up sound reinforcement system,NARROWER,esco_broader,train,SATISFIES
Hypertext markup language HTML,Web platform development software,NARROWER,onet_category,train,SATISFIES
implement data warehousing techniques,apply statistical analysis techniques,NARROWER,esco_broader,train,SATISFIES
Edmodo,learning management systems,NARROWER,esco_broader,test,SATISFIES
design pharmaceutical manufacturing systems,design process,NARROWER,esco_broader,train,SATISFIES
Ruby (computer programming),computer programming,NARROWER,esco_broader,train,SATISFIES
"browse, search and filter data, information and digital content",digital data processing,NARROWER,esco_broader,train,SATISFIES
manage digital identity,digital communication and collaboration,NARROWER,esco_broader,train,SATISFIES
calculate costs of repair operations,carry out calculations,NARROWER,esco_broader,val,SATISFIES
perform software recovery testing,execute software tests,NARROWER,esco_broader,val,SATISFIES
use e-services,digital communication and collaboration,NARROWER,esco_broader,train,SATISFIES
manage environmental management system,adopt ways to reduce negative impact of consumption,NARROWER,esco_broader,val,SATISFIES
Metasploit,penetration testing tool,NARROWER,esco_broader,test,SATISFIES
MongoDB,Data base management system software,NARROWER,onet_category,val,SATISFIES
evaluate cost of software products,carry out calculations,NARROWER,esco_broader,val,SATISFIES
study radar images,analyse images,NARROWER,esco_broader,train,SATISFIES
manage online communications,collaborate through digital technologies,NARROWER,esco_broader,test,SATISFIES
solve technical problems,problem-solving with digital tools,NARROWER,esco_broader,test,SATISFIES
Erlang,computer programming,NARROWER,esco_broader,train,SATISFIES
Smalltalk (computer programming),computer programming,NARROWER,esco_broader,train,SATISFIES
keep up with the latest information systems solutions,demonstrate willingness to learn,NARROWER,esco_broader,train,SATISFIES
use data processing techniques,think critically,NARROWER,esco_broader,train,SATISFIES
maintain stock control systems,oversee stock quality control,NARROWER,esco_broader,train,SATISFIES
Oracle Primavera Enterprise Project Portfolio Management,Project management software,NARROWER,onet_category,val,SATISFIES
Chef (tools for software configuration management),tools for software configuration management,NARROWER,esco_broader,val,SATISFIES
develop ICT workflow,manage time,NARROWER,esco_broader,val,SATISFIES
optimise fleet usability,plan road fleet maintenance,NARROWER,esco_broader,train,SATISFIES
Salt (tools for software configuration management),tools for software configuration management,NARROWER,esco_broader,val,SATISFIES
analyse gambling data,inspect data,NARROWER,esco_broader,train,SATISFIES
UNIX,Operating system software,NARROWER,onet_category,train,SATISFIES
perform ICT security testing,manage system testing,NARROWER,esco_broader,train,SATISFIES
JavaScript Framework,software frameworks,NARROWER,esco_broader,train,SATISFIES
Scratch (computer programming),computer programming,NARROWER,esco_broader,train,SATISFIES
Oracle Primavera Enterprise Project Portfolio Management,Enterprise resource planning ERP software,NARROWER,onet_category,train,SATISFIES
Oracle WebLogic,web programming,NARROWER,esco_broader,train,SATISFIES
lead disaster recovery exercises,lead others,NARROWER,esco_broader,train,SATISFIES
stay up to date with social media,demonstrate willingness to learn,NARROWER,esco_broader,train,SATISFIES
solve ICT system problems,troubleshoot,NARROWER,esco_broader,train,SATISFIES
Jenkins CI,Enterprise application integration software,NARROWER,onet_category,val,SATISFIES
use personal organization software,use communication and collaboration software,NARROWER,esco_broader,train,SATISFIES
use word processing software,create digital content,NARROWER,esco_broader,val,SATISFIES
Chef,Configuration management software,NARROWER,onet_category,train,SATISFIES
SPARQL,resource description framework query language,NARROWER,esco_broader,train,SATISFIES
communicate using the global maritime distress and safety system,operate marine communication systems,NARROWER,esco_broader,test,SATISFIES
AJAX,web programming,NARROWER,esco_broader,train,SATISFIES
maintain automated lighting equipment,maintain lighting equipment,NARROWER,esco_broader,train,SATISFIES
3D printing process,printed goods processes,NARROWER,esco_broader,train,SATISFIES
SAS language,computer programming,NARROWER,esco_broader,train,SATISFIES
perform safety data analysis,perform risk analysis,NARROWER,esco_broader,train,SATISFIES
Atlassian Confluence,Cloud-based data access and sharing software,NARROWER,onet_category,train,SATISFIES
use production planning software,schedule production,NARROWER,esco_broader,train,SATISFIES
perform ICT troubleshooting,solve technical problems,NARROWER,esco_broader,train,SATISFIES
apply digital mapping,integrate and re-elaborate digital content,NARROWER,esco_broader,train,SATISFIES
Hadoop,software frameworks,NARROWER,esco_broader,train,SATISFIES
Microsoft Power Automate,Enterprise application integration software,NARROWER,onet_category,val,SATISFIES
manage online communications,use online tools to collaborate,NARROWER,esco_broader,train,SATISFIES
use CADD software,use technical drawing software,NARROWER,esco_broader,train,SATISFIES
analyse milk control test results,manage quantitative data,NARROWER,esco_broader,train,SATISFIES
manage changes in ICT system,maintain ICT system,NARROWER,esco_broader,train,SATISFIES
IBM WebSphere,web programming,NARROWER,esco_broader,train,SATISFIES
develop ICT safety information,protect ICT devices,NARROWER,esco_broader,test,SATISFIES
identify ICT user needs,support ICT system users,NARROWER,esco_broader,train,SATISFIES
manage data collection systems,manage data,NARROWER,esco_broader,train,SATISFIES
Perl,computer programming,NARROWER,esco_broader,train,SATISFIES
Unity (digital game creation systems),digital game creation systems,NARROWER,esco_broader,train,SATISFIES
IBM InfoSphere DataStage,"data extraction, transformation and loading tools",NARROWER,esco_broader,val,SATISFIES
transfer medical information,think critically,NARROWER,esco_broader,train,SATISFIES
analyse big data,think critically,NARROWER,esco_broader,train,SATISFIES
use CADD software,use CAD software,NARROWER,esco_broader,train,SATISFIES
collect data using GPS,gather data,NARROWER,esco_broader,train,SATISFIES
attend to ICT systems quality,manage quality,NARROWER,esco_broader,train,SATISFIES
digital journalism,journalism,NARROWER,esco_broader,val,SATISFIES
execute software tests,manage system testing,NARROWER,esco_broader,train,SATISFIES
protect ICT devices,ICT safety,NARROWER,esco_broader,train,SATISFIES
render 3D images,apply 3D imaging techniques,NARROWER,esco_broader,val,SATISFIES
teach digital literacy,identify digital competence gaps,NARROWER,esco_broader,test,SATISFIES
provide software testing documentation,provide technical documentation,NARROWER,esco_broader,train,SATISFIES
maintain freelance database,store digital data and systems,NARROWER,esco_broader,train,SATISFIES
Shell script,Operating system software,NARROWER,onet_category,train,SATISFIES
JavaScript,web programming,NARROWER,esco_broader,train,SATISFIES
collect weather-related data,manage quantitative data,NARROWER,esco_broader,train,SATISFIES
DB2,database management systems,NARROWER,esco_broader,train,SATISFIES
SQL Server,database management systems,NARROWER,esco_broader,train,SATISFIES
create database diagrams,use databases,NARROWER,esco_broader,train,SATISFIES
Maltego,penetration testing tool,NARROWER,esco_broader,test,SATISFIES
analyse blood samples,think critically,NARROWER,esco_broader,train,SATISFIES
ABAP,computer programming,NARROWER,esco_broader,train,SATISFIES
Structured query language SQL,Data base user interface and query software,NARROWER,onet_category,test,SATISFIES
create concept of digital game,create new concepts,NARROWER,esco_broader,test,SATISFIES
Waterfall development,ICT project management methodologies,NARROWER,esco_broader,train,SATISFIES
maintain warehouse database,use databases,NARROWER,esco_broader,train,SATISFIES
use methods of logistical data analysis,analyse big data,NARROWER,esco_broader,train,SATISFIES
manage ICT virtualisation environments,maintain ICT server,NARROWER,esco_broader,test,SATISFIES
optimise fleet usability,manage company fleet,NARROWER,esco_broader,val,SATISFIES
balance database resources,use databases,NARROWER,esco_broader,train,SATISFIES
translate requirements into visual design,design graphics,NARROWER,esco_broader,train,SATISFIES
Adobe Photoshop Lightroom,graphics editor software,NARROWER,esco_broader,test,SATISFIES
Oracle Java,Object or component oriented development software,NARROWER,onet_category,train,SATISFIES
Spiral development,ICT project management methodologies,NARROWER,esco_broader,train,SATISFIES
develop data link services for navigation purposes,manage air navigation services,NARROWER,esco_broader,test,SATISFIES
Spring Framework,Web platform development software,NARROWER,onet_category,train,SATISFIES
work with virtual learning environments,apply teaching strategies,NARROWER,esco_broader,train,SATISFIES
Apache Maven,Development environment software,NARROWER,onet_category,train,SATISFIES
electronic and telecommunication equipment,product comprehension,NARROWER,esco_broader,train,SATISFIES
analyse scanned data of the body,analyse test data,NARROWER,esco_broader,val,SATISFIES
perform ICT security testing,identify ICT security risks,NARROWER,esco_broader,val,SATISFIES
Oracle Relational Database,database management systems,NARROWER,esco_broader,train,SATISFIES
MySQL,Data base management system software,NARROWER,onet_category,val,SATISFIES
mobile operating systems,operating systems,NARROWER,esco_broader,train,SATISFIES
repair mobile devices,repair ICT devices,NARROWER,esco_broader,train,SATISFIES
advise customers on type of computer equipment,advise on customs regulations,NARROWER,esco_broader,train,SATISFIES
TripleStore,database management systems,NARROWER,esco_broader,train,SATISFIES
Outsourcing model,service-oriented modelling,NARROWER,esco_broader,test,SATISFIES
Microsoft Visual Studio,Development environment software,NARROWER,onet_category,train,SATISFIES
Vue.js,Web platform development software,NARROWER,onet_category,train,SATISFIES
hardware architectures,ICT infrastructure,NARROWER,esco_broader,train,SATISFIES
predictive maintenance,maintenance operations,NARROWER,esco_broader,train,SATISFIES
Litmos,learning management systems,NARROWER,esco_broader,test,SATISFIES
Microsoft Windows Server,Application server software,NARROWER,onet_category,train,SATISFIES
Apple macOS,Operating system software,NARROWER,onet_category,train,SATISFIES
assess ICT knowledge,think critically,NARROWER,esco_broader,train,SATISFIES
develop ICT test suite,develop automated software tests,NARROWER,esco_broader,train,SATISFIES
coordinate the allocation of Mode S radars to Interrogator Codes,operate radar equipment,NARROWER,esco_broader,val,SATISFIES
develop geological databases,manage database,NARROWER,esco_broader,train,SATISFIES
HeroEngine,digital game creation systems,NARROWER,esco_broader,train,SATISFIES
troubleshoot website,troubleshoot,NARROWER,esco_broader,train,SATISFIES
Codenvy,tools for software configuration management,NARROWER,esco_broader,val,SATISFIES
Puppet,Configuration management software,NARROWER,onet_category,train,SATISFIES
design automation components,design engineering components,NARROWER,esco_broader,train,SATISFIES
Engrade,learning management systems,NARROWER,esco_broader,test,SATISFIES
Red Hat Enterprise Linux,Operating system software,NARROWER,onet_category,train,SATISFIES
execute software tests,perform test run,NARROWER,esco_broader,train,SATISFIES
network management system tools,ICT infrastructure,NARROWER,esco_broader,train,SATISFIES
identify ICT user needs,identify technological needs,NARROWER,esco_broader,train,SATISFIES
design failover solutions,create solutions to problems,NARROWER,esco_broader,test,SATISFIES
develop ICT workflow,enhance production workflow,NARROWER,esco_broader,train,SATISFIES
maintain pricing database,use databases,NARROWER,esco_broader,train,SATISFIES
ICT sales methodologies,sales strategies,NARROWER,esco_broader,test,SATISFIES
deploy ICT systems,use ICT systems,NARROWER,esco_broader,train,SATISFIES
provide online help,instruct others,NARROWER,esco_broader,train,SATISFIES
Vagrant,tools for software configuration management,NARROWER,esco_broader,val,SATISFIES
analyse scanned data of the body,use data processing techniques,NARROWER,esco_broader,train,SATISFIES
Apache Tomcat,web programming,NARROWER,esco_broader,train,SATISFIES
Informatica PowerCenter,"data extraction, transformation and loading tools",NARROWER,esco_broader,val,SATISFIES
machine learning,principles of artificial intelligence,NARROWER,esco_broader,val,SATISFIES
edit digital moving images,use digital illustration techniques,NARROWER,esco_broader,train,SATISFIES
WizIQ,learning management systems,NARROWER,esco_broader,test,SATISFIES
Apache Spark,Business intelligence and data analysis software,NARROWER,onet_category,test,SATISFIES
operate scanner,set scanner controls,NARROWER,esco_broader,train,SATISFIES
use CAD for soles,use CAD software,NARROWER,esco_broader,train,SATISFIES
analyse stress resistance of materials,check quality of raw materials,NARROWER,esco_broader,test,SATISFIES
unified modelling language,software architecture models,NARROWER,esco_broader,test,SATISFIES
use mathematical tools and equipment,carry out calculations,NARROWER,esco_broader,val,SATISFIES
PostgreSQL,database management systems,NARROWER,esco_broader,train,SATISFIES
maintain up-to-date aeronautical information management services,manage aeronautical information management services,NARROWER,esco_broader,train,SATISFIES
interpret graphical communication interfaces,interpret visual literacy,NARROWER,esco_broader,test,SATISFIES
CAD for footwear,CAD software,NARROWER,esco_broader,val,SATISFIES
Atlassian Confluence,Network conferencing software,NARROWER,onet_category,val,SATISFIES
interpret graphical recordings of rail-flaw-detection machine,detect rail track malfunctions,NARROWER,esco_broader,train,SATISFIES
3D printing process,printing media,NARROWER,esco_broader,val,SATISFIES
evaluate information services using metrics,"evaluate data, information and digital content",NARROWER,esco_broader,test,SATISFIES
perform software recovery testing,plan software testing,NARROWER,esco_broader,test,SATISFIES
identify ICT user needs,perform customers’ needs analysis,NARROWER,esco_broader,val,SATISFIES
perform backups,store digital data and systems,NARROWER,esco_broader,train,SATISFIES
use technology for forensics,perform forensic examinations,NARROWER,esco_broader,train,SATISFIES
Salesforce software,Customer relationship management CRM software,NARROWER,onet_category,train,SATISFIES
support audio system installation,coordinate audio system programmes,NARROWER,esco_broader,train,SATISFIES
React,Web platform development software,NARROWER,onet_category,train,SATISFIES
use shorthand computer program,use shorthand,NARROWER,esco_broader,test,SATISFIES
plan digital marketing,creatively use digital technologies,NARROWER,esco_broader,test,SATISFIES
manage ICT semantic integration,define integration strategy,NARROWER,esco_broader,train,SATISFIES
Groovy,computer programming,NARROWER,esco_broader,train,SATISFIES
"manage data, information and digital content",digital data processing,NARROWER,esco_broader,train,SATISFIES
analyse network configuration and performance,maintain ICT system,NARROWER,esco_broader,train,SATISFIES
set up broadcast equipment,set up equipment in a timely manner,NARROWER,esco_broader,train,SATISFIES
Microsoft ASP.NET,Web platform development software,NARROWER,onet_category,train,SATISFIES
keep up-to-date to computer trends,keep up to date on product knowledge,NARROWER,esco_broader,train,SATISFIES
Oracle Java 2 Platform Enterprise Edition J2EE,Development environment software,NARROWER,onet_category,train,SATISFIES
NoSQL,database management systems,NARROWER,esco_broader,train,SATISFIES
interpret automatic call distribution data,interpret current data,NARROWER,esco_broader,train,SATISFIES
Jenkins (tools for software configuration management),tools for software configuration management,NARROWER,esco_broader,val,SATISFIES
Havok Vision,digital game creation systems,NARROWER,esco_broader,train,SATISFIES
manage library users queries,conduct web searches,NARROWER,esco_broader,train,SATISFIES
support audio system installation,troubleshoot,NARROWER,esco_broader,train,SATISFIES
Prometheus,Data base user interface and query software,NARROWER,onet_category,test,SATISFIES
plan social media marketing campaigns,plan marketing campaigns,NARROWER,esco_broader,train,SATISFIES
record data from biomedical tests,record test data,NARROWER,esco_broader,train,SATISFIES
use computerised maintenance management systems,operate computerised control systems,NARROWER,esco_broader,train,SATISFIES
test sensors,think critically,NARROWER,esco_broader,train,SATISFIES
Brightspace (learning management systems),learning management systems,NARROWER,esco_broader,test,SATISFIES
Oracle PL/SQL,Data base management system software,NARROWER,onet_category,val,SATISFIES
use IT tools,collaborate through digital technologies,NARROWER,esco_broader,test,SATISFIES
intellectual property regime of digital content,digital content creation,NARROWER,esco_broader,train,SATISFIES
solve ICT system problems,create solutions to problems,NARROWER,esco_broader,test,SATISFIES
Bash,Operating system software,NARROWER,onet_category,train,SATISFIES
IBM InfoSphere Information Server,"data extraction, transformation and loading tools",NARROWER,esco_broader,val,SATISFIES
N1QL,query languages,NARROWER,esco_broader,train,SATISFIES
Apache Spark,Object or component oriented development software,NARROWER,onet_category,train,SATISFIES
Microsoft SQL Server,Data base user interface and query software,NARROWER,onet_category,test,SATISFIES
use sound measuring instruments,use measurement instruments,NARROWER,esco_broader,train,SATISFIES
identify digital competence gaps,problem-solving with digital tools,NARROWER,esco_broader,test,SATISFIES
operate two-way radio systems,operate radio equipment,NARROWER,esco_broader,val,SATISFIES
use geographic information systems,use agricultural information systems and databases,NARROWER,esco_broader,val,SATISFIES
Pascal (computer programming),computer programming,NARROWER,esco_broader,train,SATISFIES
NoSQL,Data base management system software,NARROWER,onet_category,val,SATISFIES
use technology for forensics,identify technological needs,NARROWER,esco_broader,train,SATISFIES
Microsoft Edge,Internet browser software,NARROWER,onet_category,train,SATISFIES
protect the environment from the impact of the digital technologies,evaluate environmental impact of personal behaviour,NARROWER,esco_broader,val,SATISFIES
maintain database security,maintain freelance database,NARROWER,esco_broader,train,SATISFIES
Synfig,graphics editor software,NARROWER,esco_broader,test,SATISFIES
analyse gambling data,"evaluate data, information and digital content",NARROWER,esco_broader,test,SATISFIES
translate requirement concepts into content,process qualitative information,NARROWER,esco_broader,train,SATISFIES
identify ICT system weaknesses,analyse ICT system,NARROWER,esco_broader,train,SATISFIES
network engineering,computer technology,NARROWER,esco_broader,train,SATISFIES
Gamemaker Studio,digital game creation systems,NARROWER,esco_broader,train,SATISFIES
protect personal data and privacy,ICT safety,NARROWER,esco_broader,train,SATISFIES
Canvas (learning management systems),learning management systems,NARROWER,esco_broader,test,SATISFIES
analyse information systems,process qualitative information,NARROWER,esco_broader,train,SATISFIES
GitLab,Application server software,NARROWER,onet_category,train,SATISFIES
Atlassian JIRA,Project management software,NARROWER,onet_category,val,SATISFIES
ensure adherence to organisational ICT standards,adhere to organisational guidelines,NARROWER,esco_broader,test,SATISFIES
maintain irrigation controllers,maintain irrigation systems,NARROWER,esco_broader,test,SATISFIES
analyse information systems,manage quantitative data,NARROWER,esco_broader,train,SATISFIES
The MathWorks MATLAB,Analytical or scientific software,NARROWER,onet_category,train,SATISFIES
Red Hat OpenShift,Application server software,NARROWER,onet_category,train,SATISFIES
deliver online training,instruct others,NARROWER,esco_broader,train,SATISFIES
manage data collection systems,collect ICT data,NARROWER,esco_broader,train,SATISFIES
supervise video and motion picture editing team,lead a team,NARROWER,esco_broader,train,SATISFIES
JSSS,style sheet languages,NARROWER,esco_broader,train,SATISFIES
Redis,Data base management system software,NARROWER,onet_category,val,SATISFIES
compile GIS-data,collect mapping data,NARROWER,esco_broader,train,SATISFIES
SAP R3,computer programming,NARROWER,esco_broader,train,SATISFIES
analyse ecological data,inspect data,NARROWER,esco_broader,train,SATISFIES
search databases,conduct web searches,NARROWER,esco_broader,train,SATISFIES
create digital files,manage digital documents,NARROWER,esco_broader,train,SATISFIES
analyse pipeline database information,manage quantitative data,NARROWER,esco_broader,train,SATISFIES
C#,computer programming,NARROWER,esco_broader,train,SATISFIES
scan photos,select photos,NARROWER,esco_broader,train,SATISFIES
hybrid model,service-oriented modelling,NARROWER,esco_broader,test,SATISFIES
LESS,style sheet languages,NARROWER,esco_broader,train,SATISFIES
graphics editor software,ICT software specifications,NARROWER,esco_broader,val,SATISFIES
Amazon DynamoDB,Data base management system software,NARROWER,onet_category,val,SATISFIES
Kubernetes,Application server software,NARROWER,onet_category,train,SATISFIES
Selenium,Program testing software,NARROWER,onet_category,test,SATISFIES
digitise documents,manage digital documents,NARROWER,esco_broader,train,SATISFIES
use specific data analysis software,perform data analysis,NARROWER,esco_broader,train,SATISFIES
monitor quality of broadcasts,manage quality,NARROWER,esco_broader,train,SATISFIES
gather data,use data processing techniques,NARROWER,esco_broader,train,SATISFIES
manage aeronautical information management services,assess quality of services,NARROWER,esco_broader,train,SATISFIES
Linux,Operating system software,NARROWER,onet_category,train,SATISFIES
ABBYY FineReader,optical character recognition software,NARROWER,esco_broader,test,SATISFIES
ethics of sharing work through social media,social media management,NARROWER,esco_broader,test,SATISFIES
COBOL,computer programming,NARROWER,esco_broader,train,SATISFIES
plan digital marketing,plan marketing strategy,NARROWER,esco_broader,train,SATISFIES
set up broadcast equipment,set up multimedia equipment,NARROWER,esco_broader,train,SATISFIES
interpret graphical recordings of rail-flaw-detection machine,think critically,NARROWER,esco_broader,train,SATISFIES
jQuery,Web platform development software,NARROWER,onet_category,train,SATISFIES
KDevelop,integrated development environment software,NARROWER,esco_broader,train,SATISFIES
proxy servers,ICT infrastructure,NARROWER,esco_broader,train,SATISFIES
Microsoft Visual Basic,Development environment software,NARROWER,onet_category,train,SATISFIES
Oracle SQL Developer,Development environment software,NARROWER,onet_category,train,SATISFIES
disassemble mobile devices,repair ICT devices,NARROWER,esco_broader,train,SATISFIES
report live online,report facts,NARROWER,esco_broader,test,SATISFIES
repair equipment on site,perform minor repairs to equipment,NARROWER,esco_broader,train,SATISFIES
Informatica software,Metadata management software,NARROWER,onet_category,train,SATISFIES
Apache Subversion SVN,Development environment software,NARROWER,onet_category,train,SATISFIES
IBM SPSS Statistics,Analytical or scientific software,NARROWER,onet_category,train,SATISFIES
Microsoft Power BI,Business intelligence and data analysis software,NARROWER,onet_category,test,SATISFIES
compile data for navigation publications,process data,NARROWER,esco_broader,train,SATISFIES
OmniPage,optical character recognition software,NARROWER,esco_broader,test,SATISFIES
maintain ICT system,use ICT systems,NARROWER,esco_broader,train,SATISFIES
IBM Terraform,Configuration management software,NARROWER,onet_category,train,SATISFIES
troubleshoot website,perform ICT troubleshooting,NARROWER,esco_broader,test,SATISFIES
set scanner controls,set up machine controls,NARROWER,esco_broader,train,SATISFIES
manage archive users guidelines,manage digital archives,NARROWER,esco_broader,test,SATISFIES
Aircrack (penetration testing tool),penetration testing tool,NARROWER,esco_broader,test,SATISFIES
conduct analysis of ship data,analyse ship operations,NARROWER,esco_broader,train,SATISFIES
provide training on e-learning,train employees,NARROWER,esco_broader,train,SATISFIES
operate remote broadcast equipment,operate radio equipment,NARROWER,esco_broader,val,SATISFIES
Samurai Web Testing Framework,penetration testing tool,NARROWER,esco_broader,test,SATISFIES
Teradata Database,Data base management system software,NARROWER,onet_category,val,SATISFIES
Atlassian Confluence,Project management software,NARROWER,onet_category,val,SATISFIES
tend CNC metal punch press,tend punch press,NARROWER,esco_broader,train,SATISFIES
design ventilation network,manage mine ventilation,NARROWER,esco_broader,train,SATISFIES
supervise video quality,oversee quality control,NARROWER,esco_broader,train,SATISFIES
digital game creation systems,Unity (digital game creation systems),BROADER,esco_narrower_reversed,train,NOT
tools for software configuration management,Ansible,BROADER,esco_narrower_reversed,val,NOT
computer programming,Prolog (computer programming),BROADER,esco_narrower_reversed,train,NOT
ICT project management methodologies,lean project management,BROADER,esco_narrower_reversed,train,NOT
Object or component oriented development software,R,BROADER,onet_category_reversed,train,NOT
Data base management system software,Apache Hadoop,BROADER,onet_category_reversed,val,NOT
support ICT system users,establish an ICT customer support process,BROADER,esco_narrower_reversed,train,NOT
tools for software configuration management,Codenvy,BROADER,esco_narrower_reversed,val,NOT
apply 3D imaging techniques,render 3D images,BROADER,esco_narrower_reversed,val,NOT
Data base user interface and query software,PyTorch,BROADER,onet_category_reversed,test,NOT
think critically,use data processing techniques,BROADER,esco_narrower_reversed,train,NOT
think critically,assess integrated domotics systems,BROADER,esco_narrower_reversed,train,NOT
ICT software specifications,graphics editor software,BROADER,esco_narrower_reversed,val,NOT
database management systems,NoSQL,BROADER,esco_narrower_reversed,train,NOT
analyse scientific data,analyse ecological data,BROADER,esco_narrower_reversed,test,NOT
computer programming,Pascal (computer programming),BROADER,esco_narrower_reversed,train,NOT
Web platform development software,Microsoft Active Server Pages ASP,BROADER,onet_category_reversed,train,NOT
think critically,analyse blood samples,BROADER,esco_narrower_reversed,train,NOT
WebCMS,Joomla,BROADER,esco_narrower_reversed,train,NOT
perform test run,execute software tests,BROADER,esco_narrower_reversed,train,NOT
learning management systems,Engrade,BROADER,esco_narrower_reversed,test,NOT
web programming,Oracle WebLogic,BROADER,esco_narrower_reversed,train,NOT
style sheet languages,CSS,BROADER,esco_narrower_reversed,train,NOT
analyse test data,analyse scanned data of the body,BROADER,esco_narrower_reversed,val,NOT
integrated development environment software,KDevelop,BROADER,esco_narrower_reversed,train,NOT
style sheet languages,Sass,BROADER,esco_narrower_reversed,train,NOT
cloud technologies,cloud security and compliance,BROADER,esco_narrower_reversed,train,NOT
integrated development environment software,Microsoft Visual C++,BROADER,esco_narrower_reversed,train,NOT
use CAD software,use CAD for soles,BROADER,esco_narrower_reversed,train,NOT
use data processing techniques,analyse big data,BROADER,esco_narrower_reversed,train,NOT
create new concepts,create concept of digital game,BROADER,esco_narrower_reversed,test,NOT
operate automated process control,operate automated optical inspection machine,BROADER,esco_narrower_reversed,val,NOT
Web page creation and editing software,Facebook,BROADER,onet_category_reversed,train,NOT
operate radio equipment,operate remote broadcast equipment,BROADER,esco_narrower_reversed,val,NOT
graphics editor software,Microsoft Visio,BROADER,esco_narrower_reversed,test,NOT
implement ICT risk management,perform ICT security testing,BROADER,esco_narrower_reversed,val,NOT
CAD software,CAD for footwear,BROADER,esco_narrower_reversed,val,NOT
maintain lighting equipment,maintain automated lighting equipment,BROADER,esco_narrower_reversed,train,NOT
manage aeronautical information management services,maintain up-to-date aeronautical information management services,BROADER,esco_narrower_reversed,train,NOT
digital game creation systems,id Tech,BROADER,esco_narrower_reversed,train,NOT
Data base user interface and query software,Structured query language SQL,BROADER,onet_category_reversed,test,NOT
Development environment software,Apache Subversion SVN,BROADER,onet_category_reversed,train,NOT
Business intelligence and data analysis software,Tableau,BROADER,onet_category_reversed,test,NOT
query languages,XQuery,BROADER,esco_narrower_reversed,train,NOT
Enterprise application integration software,Jenkins CI,BROADER,onet_category_reversed,val,NOT
Enterprise application integration software,Microsoft Power Platform software,BROADER,onet_category_reversed,val,NOT
perform ICT security testing,penetration testing tool,BROADER,esco_narrower_reversed,val,NOT
maintain equipment,maintain audiovisual equipment,BROADER,esco_narrower_reversed,train,NOT
software design methodologies,software UI design patterns,BROADER,esco_narrower_reversed,train,NOT
software architecture models,unified modelling language,BROADER,esco_narrower_reversed,test,NOT
Customer relationship management CRM software,Salesforce software,BROADER,onet_category_reversed,train,NOT
instruct others,deliver online training,BROADER,esco_narrower_reversed,train,NOT
digital game creation systems,HeroEngine,BROADER,esco_narrower_reversed,train,NOT
manage quantitative data,manage flight data communications programme,BROADER,esco_narrower_reversed,train,NOT
learning management systems,Edmodo,BROADER,esco_narrower_reversed,test,NOT
maintain ICT system,maintain ICT server,BROADER,esco_narrower_reversed,train,NOT
mobile operating systems,BlackBerry,BROADER,esco_narrower_reversed,test,NOT
share through digital technologies,manage online communications,BROADER,esco_narrower_reversed,train,NOT
use online tools to collaborate,manage online communications,BROADER,esco_narrower_reversed,train,NOT
apply digital security measures,implement a firewall,BROADER,esco_narrower_reversed,train,NOT
Analytical or scientific software,ESRI ArcGIS software,BROADER,onet_category_reversed,train,NOT
Object or component oriented development software,Oracle Java,BROADER,onet_category_reversed,train,NOT
identify ICT user needs,test system accessibility for users with special needs,BROADER,esco_narrower_reversed,train,NOT
perform dating coaching,advise on online dating,BROADER,esco_narrower_reversed,test,NOT
resolve equipment malfunctions,repair equipment on site,BROADER,esco_narrower_reversed,train,NOT
computer programming,Lisp,BROADER,esco_narrower_reversed,train,NOT
ICT project management methodologies,Waterfall development,BROADER,esco_narrower_reversed,train,NOT
energy efficiency,energy saving potential of automated shift systems,BROADER,esco_narrower_reversed,train,NOT
Enterprise resource planning ERP software,SAP ERP,BROADER,onet_category_reversed,train,NOT
query languages,N1QL,BROADER,esco_narrower_reversed,train,NOT
"data extraction, transformation and loading tools",Oracle Warehouse Builder,BROADER,esco_narrower_reversed,val,NOT
manage database,balance database resources,BROADER,esco_narrower_reversed,train,NOT
set equipment controls,program a CNC controller,BROADER,esco_narrower_reversed,train,NOT
lead others,manage production systems,BROADER,esco_narrower_reversed,train,NOT
manage digital identity,identify ICT security risks,BROADER,esco_narrower_reversed,train,NOT
database management systems,ObjectStore,BROADER,esco_narrower_reversed,train,NOT
problem-solving with digital tools,solve technical problems,BROADER,esco_narrower_reversed,test,NOT
Development environment software,Microsoft Azure software,BROADER,onet_category_reversed,train,NOT
Data base user interface and query software,Apache Hive,BROADER,onet_category_reversed,test,NOT
assess quality of services,manage aeronautical information management services,BROADER,esco_narrower_reversed,train,NOT
statistical analysis system software,R,BROADER,esco_narrower_reversed,train,NOT
database management systems,DB2,BROADER,esco_narrower_reversed,train,NOT
Object or component oriented development software,jQuery,BROADER,onet_category_reversed,train,NOT
Application server software,GitLab,BROADER,onet_category_reversed,train,NOT
penetration testing tool,Aircrack (penetration testing tool),BROADER,esco_narrower_reversed,test,NOT
Analytical or scientific software,TensorFlow,BROADER,onet_category_reversed,train,NOT
Business intelligence and data analysis software,Apache Spark,BROADER,onet_category_reversed,test,NOT
database management systems,MySQL,BROADER,esco_narrower_reversed,train,NOT
plan road fleet maintenance,optimise fleet usability,BROADER,esco_narrower_reversed,train,NOT
Object oriented data base management software,Hibernate ORM,BROADER,onet_category_reversed,val,NOT
perform minor repairs to equipment,repair equipment on site,BROADER,esco_narrower_reversed,train,NOT
Data base user interface and query software,Prometheus,BROADER,onet_category_reversed,test,NOT
use shorthand,use shorthand computer program,BROADER,esco_narrower_reversed,test,NOT
repair mobile devices,disassemble mobile devices,BROADER,esco_narrower_reversed,val,NOT
manage quantitative data,analyse pipeline database information,BROADER,esco_narrower_reversed,train,NOT
manage digital documents,digitise documents,BROADER,esco_narrower_reversed,train,NOT
report facts,report live online,BROADER,esco_narrower_reversed,test,NOT
adapt to change,adapt to new technology used in cars,BROADER,esco_narrower_reversed,train,NOT
manage database,maintain database performance,BROADER,esco_narrower_reversed,train,NOT
Content workflow software,Atlassian JIRA,BROADER,onet_category_reversed,train,NOT
control production,manage production systems,BROADER,esco_narrower_reversed,test,NOT
design process,design pharmaceutical manufacturing systems,BROADER,esco_narrower_reversed,train,NOT
digital game creation systems,Shiva (digital game creation systems),BROADER,esco_narrower_reversed,train,NOT
plan marketing strategy,plan marketing campaigns,BROADER,esco_narrower_reversed,train,NOT
demonstrate willingness to learn,stay up to date with social media,BROADER,esco_narrower_reversed,train,NOT
manage time,develop ICT workflow,BROADER,esco_narrower_reversed,val,NOT
create digital images,create moving images,BROADER,esco_narrower_reversed,train,NOT
apply statistical analysis techniques,implement data warehousing techniques,BROADER,esco_narrower_reversed,train,NOT
set up machine controls,set scanner controls,BROADER,esco_narrower_reversed,train,NOT
use communication and collaboration software,use personal organization software,BROADER,esco_narrower_reversed,train,NOT
use measurement instruments,use sound measuring instruments,BROADER,esco_narrower_reversed,train,NOT
Enterprise application integration software,Microsoft Teams,BROADER,onet_category_reversed,val,NOT
computer programming,JavaScript,BROADER,esco_narrower_reversed,train,NOT
carry out calculations,maintain freelance database,BROADER,esco_narrower_reversed,val,NOT
penetration testing tool,Nexpose,BROADER,esco_narrower_reversed,test,NOT
Graphical user interface development software,Figma,BROADER,onet_category_reversed,train,NOT
computer programming,Ruby (computer programming),BROADER,esco_narrower_reversed,train,NOT
tools for software configuration management,Puppet (tools for software configuration management),BROADER,esco_narrower_reversed,val,NOT
Development environment software,Microsoft Visual Basic for Applications VBA,BROADER,onet_category_reversed,train,NOT
database management systems,Teradata Database,BROADER,esco_narrower_reversed,train,NOT
operate radar equipment,use radar navigation,BROADER,esco_narrower_reversed,val,NOT
Data base management system software,Apache Cassandra,BROADER,onet_category_reversed,val,NOT
service-oriented modelling,Open source model,BROADER,esco_narrower_reversed,test,NOT
troubleshoot,respond to incidents in cloud,BROADER,esco_narrower_reversed,train,NOT
Application server software,Docker,BROADER,onet_category_reversed,train,NOT
software frameworks,JavaScript Framework,BROADER,esco_narrower_reversed,train,NOT
Program testing software,Selenium,BROADER,onet_category_reversed,test,NOT
use CAD software,use CAD for lasts,BROADER,esco_narrower_reversed,train,NOT
Object or component oriented development software,Scala,BROADER,onet_category_reversed,train,NOT
perform test run,test sensors,BROADER,esco_narrower_reversed,train,NOT
Operating system software,Bash,BROADER,onet_category_reversed,train,NOT
computer programming,Common Lisp,BROADER,esco_narrower_reversed,train,NOT
computer programming,OpenEdge Advanced Business Language,BROADER,esco_narrower_reversed,train,NOT
process payments,operate electronic payment terminals,BROADER,esco_narrower_reversed,train,NOT
penetration testing tool,Maltego,BROADER,esco_narrower_reversed,test,NOT
develop educational resources,develop digital educational materials,BROADER,esco_narrower_reversed,train,NOT
manage safety standards for maritime water transport,operate maritime communication equipment,BROADER,esco_narrower_reversed,train,NOT
maintain equipment,maintain robotic equipment,BROADER,esco_narrower_reversed,train,NOT
manage air navigation services,develop data link services for navigation purposes,BROADER,esco_narrower_reversed,test,NOT
ICT project management methodologies,incremental development,BROADER,esco_narrower_reversed,train,NOT
create solutions to problems,design failover solutions,BROADER,esco_narrower_reversed,test,NOT
tools for software configuration management,Jenkins (tools for software configuration management),BROADER,esco_narrower_reversed,val,NOT
operate laser cutting equipment,tend CNC laser cutting machine,BROADER,esco_narrower_reversed,val,NOT
computer programming,TypeScript,BROADER,esco_narrower_reversed,train,NOT
use e-services,use e-health and mobile health technologies,BROADER,esco_narrower_reversed,train,NOT
ICT project management methodologies,Agile development,BROADER,esco_narrower_reversed,train,NOT
Operating system software,Google Android,BROADER,onet_category_reversed,train,NOT
detect rail track malfunctions,interpret graphical recordings of rail-flaw-detection machine,BROADER,esco_narrower_reversed,train,NOT
plan marketing campaigns,prepare exhibition marketing plan,BROADER,esco_narrower_reversed,train,NOT
address an audience,report live online,BROADER,esco_narrower_reversed,train,NOT
install electronic communication equipment,install electronic communication devices on trains,BROADER,esco_narrower_reversed,val,NOT
ICT project management methodologies,Rapid application development,BROADER,esco_narrower_reversed,train,NOT
software frameworks,SPARK,BROADER,esco_narrower_reversed,train,NOT
use communication equipment,maintain radio communications equipment,BROADER,esco_narrower_reversed,train,NOT
plan software testing,perform software recovery testing,BROADER,esco_narrower_reversed,test,NOT
graphics editor software,Synfig,BROADER,esco_narrower_reversed,test,NOT
Internet browser software,Mozilla Firefox,BROADER,onet_category_reversed,train,NOT
style sheet languages,JSSS,BROADER,esco_narrower_reversed,train,NOT
computer programming,APL,BROADER,esco_narrower_reversed,train,NOT
design wearing apparel,draw sketches to develop textile articles using softwares,BROADER,esco_narrower_reversed,test,NOT
lead a team,supervise video and motion picture editing team,BROADER,esco_narrower_reversed,train,NOT
ICT safety,protect ICT devices,BROADER,esco_narrower_reversed,train,NOT
solve technical problems,perform ICT troubleshooting,BROADER,esco_narrower_reversed,train,NOT
gather experimental data,compile data for navigation publications,BROADER,esco_narrower_reversed,val,NOT
"evaluate data, information and digital content",inspect data,BROADER,esco_narrower_reversed,test,NOT
think innovatively,innovate in ICT,BROADER,esco_narrower_reversed,train,NOT
penetration testing tool,OWASP ZAP,BROADER,esco_narrower_reversed,test,NOT
penetration testing tool,Nessus,BROADER,esco_narrower_reversed,test,NOT
Object or component oriented development software,Swift,BROADER,onet_category_reversed,train,NOT
Object or component oriented development software,Apache Spark,BROADER,onet_category_reversed,train,NOT
interpret visual literacy,interpret graphical communication interfaces,BROADER,esco_narrower_reversed,test,NOT
resource description framework query language,LINQ,BROADER,esco_narrower_reversed,train,NOT
manage website,enhance website visibility,BROADER,esco_narrower_reversed,train,NOT
Business intelligence and data analysis software,Alteryx software,BROADER,onet_category_reversed,test,NOT
Data base user interface and query software,Microsoft Access,BROADER,onet_category_reversed,test,NOT
plan software testing,develop ICT test suite,BROADER,esco_narrower_reversed,test,NOT
collaborate through digital technologies,use IT tools,BROADER,esco_narrower_reversed,test,NOT
manage vessel fleet,optimise fleet usability,BROADER,esco_narrower_reversed,train,NOT
execute software tests,perform software recovery testing,BROADER,esco_narrower_reversed,val,NOT
Web platform development software,Spring Framework,BROADER,onet_category_reversed,train,NOT
ICT infrastructure,hardware architectures,BROADER,esco_narrower_reversed,train,NOT
use e-services,work with e-services available to citizens,BROADER,esco_narrower_reversed,train,NOT
printed goods processes,3D printing process,BROADER,esco_narrower_reversed,train,NOT
problem-solving with digital tools,identify technological needs,BROADER,esco_narrower_reversed,test,NOT
apply social media marketing,carry out forum moderation,BROADER,esco_narrower_reversed,train,NOT
manage changes in ICT system,do cloud refactoring,BROADER,esco_narrower_reversed,train,NOT
Web platform development software,Apache Tomcat,BROADER,onet_category_reversed,train,NOT
penetration testing tool,Cain and Abel (penetration testing tool),BROADER,esco_narrower_reversed,test,NOT
manage quantitative data,analyse ecological data,BROADER,esco_narrower_reversed,train,NOT
quality assurance methodologies,data quality assessment,BROADER,esco_narrower_reversed,test,NOT
perform risk analysis,perform safety data analysis,BROADER,esco_narrower_reversed,train,NOT
database management systems,IBM Informix,BROADER,esco_narrower_reversed,train,NOT
database management systems,Microsoft Access,BROADER,esco_narrower_reversed,train,NOT
use ICT systems,maintain ICT system,BROADER,esco_narrower_reversed,train,NOT
use databases,maintain pricing database,BROADER,esco_narrower_reversed,train,NOT
Data base user interface and query software,ServiceNow,BROADER,onet_category_reversed,test,NOT
"evaluate data, information and digital content",search engine optimisation,BROADER,esco_narrower_reversed,test,NOT
digital communication and collaboration,manage digital identity,BROADER,esco_narrower_reversed,train,NOT
computer programming,CoffeeScript,BROADER,esco_narrower_reversed,train,NOT
mobile operating systems,Android (mobile operating systems),BROADER,esco_narrower_reversed,test,NOT
digital communication and collaboration,interact through digital technologies,BROADER,esco_narrower_reversed,train,NOT
software interaction design,software UI design patterns,BROADER,esco_narrower_reversed,test,NOT
analyse test data,analyse big data,BROADER,esco_narrower_reversed,val,NOT
apply statistical analysis techniques,apply control process statistical methods,BROADER,esco_narrower_reversed,train,NOT
carry out calculations,calculate costs of repair operations,BROADER,esco_narrower_reversed,val,NOT
operate radio navigation instruments,operate two-way radio systems,BROADER,esco_narrower_reversed,train,NOT
database management systems,Oracle Relational Database,BROADER,esco_narrower_reversed,train,NOT
demonstrate loyalty,apply system organisational policies,BROADER,esco_narrower_reversed,train,NOT
penetration testing tool,THC Hydra,BROADER,esco_narrower_reversed,test,NOT
penetration testing tool,Backbox (penetration testing tool),BROADER,esco_narrower_reversed,test,NOT
penetration testing tool,Parrot Security OS,BROADER,esco_narrower_reversed,test,NOT
plan software testing,perform software unit testing,BROADER,esco_narrower_reversed,test,NOT
coordinate audio system programmes,support audio system installation,BROADER,esco_narrower_reversed,train,NOT
perform test run,test microelectronics,BROADER,esco_narrower_reversed,train,NOT
web programming,JavaScript,BROADER,esco_narrower_reversed,train,NOT
ICT project management methodologies,Prototyping development,BROADER,esco_narrower_reversed,train,NOT
operate 3D computer graphics software,create 3D environments,BROADER,esco_narrower_reversed,test,NOT
content development processes,publishing strategy,BROADER,esco_narrower_reversed,train,NOT
instruct others,instruct library users in digital literacy,BROADER,esco_narrower_reversed,train,NOT
tend lathe,tend computer numerical control lathe machine,BROADER,esco_narrower_reversed,train,NOT
Data base management system software,Elasticsearch,BROADER,onet_category_reversed,val,NOT
apply teaching strategies,work with virtual learning environments,BROADER,esco_narrower_reversed,train,NOT
manage database,create database diagrams,BROADER,esco_narrower_reversed,train,NOT
perform test run,test power electronics,BROADER,esco_narrower_reversed,train,NOT
troubleshoot,solve ICT system problems,BROADER,esco_narrower_reversed,train,NOT
perform data analysis,perform online data analysis,BROADER,esco_narrower_reversed,train,NOT
computer programming,Perl,BROADER,esco_narrower_reversed,train,NOT
digital data processing,"manage data, information and digital content",BROADER,esco_narrower_reversed,train,NOT
"data extraction, transformation and loading tools",IBM InfoSphere Information Server,BROADER,esco_narrower_reversed,val,NOT
provide user documentation,provide software testing documentation,BROADER,esco_narrower_reversed,test,NOT
set up multimedia equipment,set up audiovisual peripheral equipment,BROADER,esco_narrower_reversed,train,NOT
Data base user interface and query software,MySQL,BROADER,onet_category_reversed,test,NOT
Data base management system software,Amazon DynamoDB,BROADER,onet_category_reversed,val,NOT
provide customer follow-up services,follow up online user requests,BROADER,esco_narrower_reversed,train,NOT
use databases,maintain freelance database,BROADER,esco_narrower_reversed,train,NOT
graphics editor software,Adobe Photoshop Lightroom,BROADER,esco_narrower_reversed,test,NOT
apply company policies,apply system organisational policies,BROADER,esco_narrower_reversed,test,NOT
think critically,test microelectronics,BROADER,esco_narrower_reversed,train,NOT
simplify communication in maritime management,operate maritime communication equipment,BROADER,esco_narrower_reversed,train,NOT
Object oriented data base management software,PostgreSQL,BROADER,onet_category_reversed,val,NOT
computer programming,MATLAB,BROADER,esco_narrower_reversed,train,NOT
Analytical or scientific software,The MathWorks MATLAB,BROADER,onet_category_reversed,train,NOT
Data base user interface and query software,Oracle Database,BROADER,onet_category_reversed,test,NOT
procurement of ICT network equipment,Cisco,BROADER,esco_narrower_reversed,train,NOT
Enterprise resource planning ERP software,Oracle Primavera Enterprise Project Portfolio Management,BROADER,onet_category_reversed,train,NOT
manage data,manage data collection systems,BROADER,esco_narrower_reversed,train,NOT
support ICT system users,identify ICT user needs,BROADER,esco_narrower_reversed,train,NOT
tools for software configuration management,Octopus Deploy,BROADER,esco_narrower_reversed,val,NOT
manage quality,monitor quality of broadcasts,BROADER,esco_narrower_reversed,train,NOT
repair ICT devices,disassemble mobile devices,BROADER,esco_narrower_reversed,train,NOT
computer programming,Groovy,BROADER,esco_narrower_reversed,train,NOT
database management systems,PostgreSQL,BROADER,esco_narrower_reversed,train,NOT
carry out calculations,apply statistical analysis techniques,BROADER,esco_narrower_reversed,val,NOT
Project management software,Atlassian JIRA,BROADER,onet_category_reversed,val,NOT
manage digital documents,operate digital printers,BROADER,esco_narrower_reversed,train,NOT
manage quantitative data,analyse information systems,BROADER,esco_narrower_reversed,train,NOT
provide technical documentation,provide software testing documentation,BROADER,esco_narrower_reversed,train,NOT
store digital data and systems,implement data warehousing techniques,BROADER,esco_narrower_reversed,train,NOT
Operating system software,Shell script,BROADER,onet_category_reversed,train,NOT
evaluate environmental impact of personal behaviour,protect the environment from the impact of the digital technologies,BROADER,esco_narrower_reversed,val,NOT
interpret current data,interpret automatic call distribution data,BROADER,esco_narrower_reversed,train,NOT
identify problems,solve technical problems,BROADER,esco_narrower_reversed,train,NOT
solve technical problems,propose ICT solutions to business problems,BROADER,esco_narrower_reversed,train,NOT
solve location and navigation problems by using GPS tools,use modern electronic navigational aids,BROADER,esco_narrower_reversed,train,NOT
process qualitative information,translate requirement concepts into content,BROADER,esco_narrower_reversed,train,NOT
create digital images,convert into animated object,BROADER,esco_narrower_reversed,train,NOT
Enterprise application integration software,Extensible markup language XML,BROADER,onet_category_reversed,val,NOT
manage data,manage findable accessible interoperable and reusable data,BROADER,esco_narrower_reversed,train,NOT
manage quantitative data,analyse milk control test results,BROADER,esco_narrower_reversed,train,NOT
operate scientific measuring equipment,operate electronic measuring instruments,BROADER,esco_narrower_reversed,val,NOT
manage quality,attend to ICT systems quality,BROADER,esco_narrower_reversed,train,NOT
Data base user interface and query software,Transact-SQL,BROADER,onet_category_reversed,test,NOT
Web platform development software,Cascading style sheets CSS,BROADER,onet_category_reversed,train,NOT
enhance production workflow,develop ICT workflow,BROADER,esco_narrower_reversed,train,NOT
product comprehension,electronic and telecommunication equipment,BROADER,esco_narrower_reversed,train,NOT
ICT project management methodologies,Agile project management,BROADER,esco_narrower_reversed,train,NOT
maintain ICT server,manage ICT virtualisation environments,BROADER,esco_narrower_reversed,test,NOT
Web platform development software,Hypertext markup language HTML,BROADER,onet_category_reversed,train,NOT
"evaluate data, information and digital content",analyse big data,BROADER,esco_narrower_reversed,test,NOT
lead others,oversee clinical information system activities,BROADER,esco_narrower_reversed,train,NOT
maintain ICT system,manage changes in ICT system,BROADER,esco_narrower_reversed,train,NOT
Web platform development software,Django,BROADER,onet_category_reversed,train,NOT
use ICT systems,use ICT ticketing system,BROADER,esco_narrower_reversed,train,NOT
Object or component oriented development software,TypeScript,BROADER,onet_category_reversed,train,NOT
Web platform development software,Bootstrap,BROADER,onet_category_reversed,train,NOT
Development environment software,Ruby,BROADER,onet_category_reversed,train,NOT
apply basic programming skills,use query languages,BROADER,esco_narrower_reversed,test,NOT
learning management systems,Moodle,BROADER,esco_narrower_reversed,test,NOT
manage digital identity,use software for data preservation,BROADER,esco_narrower_reversed,train,NOT
repair ICT devices,repair mobile devices,BROADER,esco_narrower_reversed,train,NOT
use databases,create database diagrams,BROADER,esco_narrower_reversed,train,NOT
Analytical or scientific software,Procore software,BROADER,onet_category_reversed,train,NOT
Cloud-based management software,IBM WebSphere MQ,BROADER,onet_category_reversed,train,NOT
"evaluate data, information and digital content",use data processing techniques,BROADER,esco_narrower_reversed,test,NOT
"data extraction, transformation and loading tools",SQL Server Integration Services,BROADER,esco_narrower_reversed,val,NOT
process qualitative information,process data from railway control rooms,BROADER,esco_narrower_reversed,train,NOT
query languages,SQL,BROADER,esco_narrower_reversed,train,NOT
software frameworks,Hadoop,BROADER,esco_narrower_reversed,train,NOT
operate control panels,operate railway control panels,BROADER,esco_narrower_reversed,train,NOT
use production planning software,aquaculture production planning software,BROADER,esco_narrower_reversed,train,NOT
check quality of raw materials,analyse stress resistance of materials,BROADER,esco_narrower_reversed,test,NOT
define integration strategy,manage ICT semantic integration,BROADER,esco_narrower_reversed,train,NOT
perform image editing,edit photographs,BROADER,esco_narrower_reversed,val,NOT
control production,control production flow remotely,BROADER,esco_narrower_reversed,test,NOT
"data extraction, transformation and loading tools",SAS Data Management,BROADER,esco_narrower_reversed,val,NOT
"data extraction, transformation and loading tools",Oracle Data Integrator,BROADER,esco_narrower_reversed,val,NOT
Enterprise resource planning ERP software,SAP software,BROADER,onet_category_reversed,train,NOT
manage quantitative data,evaluate information services using metrics,BROADER,esco_narrower_reversed,train,NOT
query languages,SPARQL,BROADER,esco_narrower_reversed,train,NOT
optical character recognition software,OmniPage,BROADER,esco_narrower_reversed,test,NOT
create solutions to problems,solve ICT system problems,BROADER,esco_narrower_reversed,test,NOT
graphics editor software,Adobe Photoshop,BROADER,esco_narrower_reversed,test,NOT
manage digital documents,manage radiology information system,BROADER,esco_narrower_reversed,train,NOT
database management systems,SQL Server,BROADER,esco_narrower_reversed,train,NOT
learning management systems,Canvas (learning management systems),BROADER,esco_narrower_reversed,test,NOT
solve technical problems,solve ICT system problems,BROADER,esco_narrower_reversed,train,NOT
learning management systems,Litmos,BROADER,esco_narrower_reversed,test,NOT
use agricultural information systems and databases,use geographic information systems,BROADER,esco_narrower_reversed,val,NOT
analyse big data,use methods of logistical data analysis,BROADER,esco_narrower_reversed,train,NOT
digital communication and collaboration,share through digital technologies,BROADER,esco_narrower_reversed,train,NOT
troubleshoot,troubleshoot website,BROADER,esco_narrower_reversed,train,NOT
Configuration management software,IBM Terraform,BROADER,onet_category_reversed,train,NOT
digital content creation,intellectual property regime of digital content,BROADER,esco_narrower_reversed,train,NOT
"data extraction, transformation and loading tools",Informatica PowerCenter,BROADER,esco_narrower_reversed,val,NOT
maintain equipment,maintain broadcast equipment,BROADER,esco_narrower_reversed,train,NOT
computer programming,Java (computer programming),BROADER,esco_narrower_reversed,train,NOT
Data base reporting software,Microsoft SQL Server Reporting Services SSRS,BROADER,onet_category_reversed,train,NOT
create digital content,use word processing software,BROADER,esco_narrower_reversed,val,NOT
manage changes in ICT system,plan migration to cloud,BROADER,esco_narrower_reversed,train,NOT
monitor technology trends,monitor ICT research,BROADER,esco_narrower_reversed,test,NOT
computer programming,PHP,BROADER,esco_narrower_reversed,train,NOT
integrate ICT data,manage ICT semantic integration,BROADER,esco_narrower_reversed,train,NOT
oversee quality control,supervise video quality,BROADER,esco_narrower_reversed,train,NOT
computer programming,ML (computer programming),BROADER,esco_narrower_reversed,train,NOT
maintain freelance database,maintain database security,BROADER,esco_narrower_reversed,train,NOT
Cloud-based management software,Splunk Enterprise,BROADER,onet_category_reversed,train,NOT
tools for software configuration management,Apache Maven,BROADER,esco_narrower_reversed,val,NOT
identify ICT user needs,execute ICT user research activities,BROADER,esco_narrower_reversed,train,NOT
maintain computer hardware,maintain information network hardware,BROADER,esco_narrower_reversed,train,NOT
advise others,advise on online dating,BROADER,esco_narrower_reversed,val,NOT
manage database,develop geological databases,BROADER,esco_narrower_reversed,train,NOT
creatively use digital technologies,plan digital marketing,BROADER,esco_narrower_reversed,test,NOT
manage system testing,perform ICT security testing,BROADER,esco_narrower_reversed,train,NOT
set scanner controls,operate scanner,BROADER,esco_narrower_reversed,train,NOT
advise customers on type of computer equipment,explain characteristics of computer peripheral equipment,BROADER,esco_narrower_reversed,train,NOT
apply digital security measures,implement spam protection,BROADER,esco_narrower_reversed,train,NOT
Application server software,Microsoft Windows Server,BROADER,onet_category_reversed,train,NOT
use CAD software,operate 2D CAD for footwear,BROADER,esco_narrower_reversed,train,NOT
conduct web searches,manage library users queries,BROADER,esco_narrower_reversed,train,NOT
perform customers’ needs analysis,identify ICT user needs,BROADER,esco_narrower_reversed,val,NOT
design graphics,graphics editor software,BROADER,esco_narrower_reversed,train,NOT
gather data,collect real-time geolocation information,BROADER,esco_narrower_reversed,train,NOT
maintain ICT system,analyse network configuration and performance,BROADER,esco_narrower_reversed,train,NOT
keep up-to-date with regulations,maintain up-to-date aeronautical information management services,BROADER,esco_narrower_reversed,train,NOT
create software design,use software design patterns,BROADER,esco_narrower_reversed,test,NOT
web programming,Apache Tomcat,BROADER,esco_narrower_reversed,train,NOT
query languages,LDAP,BROADER,esco_narrower_reversed,train,NOT
install electrical and electronic equipment,install electronic communication equipment,BROADER,esco_narrower_reversed,val,NOT
oversee stock quality control,maintain stock control systems,BROADER,esco_narrower_reversed,train,NOT
Enterprise resource planning ERP software,Oracle PeopleSoft,BROADER,onet_category_reversed,train,NOT
optical character recognition software,ABBYY FineReader,BROADER,esco_narrower_reversed,test,NOT
store digital data and systems,use software for data preservation,BROADER,esco_narrower_reversed,train,NOT
web programming,WildFly,BROADER,esco_narrower_reversed,train,NOT
operate marine communication systems,communicate using the global maritime distress and safety system,BROADER,esco_narrower_reversed,test,NOT
instruct others,support ICT system users,BROADER,esco_narrower_reversed,train,NOT
computer programming,ABAP,BROADER,esco_narrower_reversed,train,NOT
query languages,resource description framework query language,BROADER,esco_narrower_reversed,train,NOT
Development environment software,Eclipse IDE,BROADER,onet_category_reversed,train,NOT
develop strategy to solve problems,propose ICT solutions to business problems,BROADER,esco_narrower_reversed,train,NOT
Object or component oriented development software,C#,BROADER,onet_category_reversed,train,NOT
Data base management system software,Oracle Database,BROADER,onet_category_reversed,val,NOT
Data base management system software,MySQL,BROADER,onet_category_reversed,val,NOT
use CAD software,create 3D CAD footwear prototypes,BROADER,esco_narrower_reversed,train,NOT
Enterprise application integration software,Microsoft Power Automate,BROADER,onet_category_reversed,val,NOT
implement ICT risk management,implement cloud security and compliance,BROADER,esco_narrower_reversed,val,NOT
Operating system software,Microsoft Windows,BROADER,onet_category_reversed,train,NOT
Object or component oriented development software,Microsoft SQL Server Reporting Services SSRS,BROADER,onet_category_reversed,train,NOT
graphics editor software,SketchBook Pro,BROADER,esco_narrower_reversed,test,NOT
manage quality,supervise video quality,BROADER,esco_narrower_reversed,train,NOT
store digital data and systems,manage digital archives,BROADER,esco_narrower_reversed,train,NOT
operating systems,mobile operating systems,BROADER,esco_narrower_reversed,train,NOT
Project management software,Microsoft Team Foundation Server,BROADER,onet_category_reversed,val,NOT
design engineering components,design automation components,BROADER,esco_narrower_reversed,train,NOT
establish data processes,normalise data,BROADER,esco_narrower_reversed,train,NOT
use databases,museum databases,BROADER,esco_narrower_reversed,train,NOT
maintain irrigation systems,maintain irrigation controllers,BROADER,esco_narrower_reversed,test,NOT
use technical drawing software,use CADD software,BROADER,esco_narrower_reversed,train,NOT
tools for software configuration management,Chef (tools for software configuration management),BROADER,esco_narrower_reversed,val,NOT
moderate a discussion,online moderation techniques,BROADER,esco_narrower_reversed,train,NOT
Application server software,GitHub,BROADER,onet_category_reversed,train,NOT
maintain up-to-date aeronautical information management services,test improved aeronautical information management systems,BROADER,esco_narrower_reversed,train,NOT
Development environment software,Microsoft Visual Studio,BROADER,onet_category_reversed,train,NOT
collect mapping data,compile GIS-data,BROADER,esco_narrower_reversed,train,NOT
identify ICT security risks,perform ICT security testing,BROADER,esco_narrower_reversed,val,NOT
use online tools to collaborate,use IT tools,BROADER,esco_narrower_reversed,train,NOT
WebCMS,Drupal,BROADER,esco_narrower_reversed,train,NOT
use databases,maintain warehouse database,BROADER,esco_narrower_reversed,train,NOT
social media management,ethics of sharing work through social media,BROADER,esco_narrower_reversed,test,NOT
digital game creation systems,RAGE (digital game creation systems),BROADER,esco_narrower_reversed,train,NOT
interact through digital technologies,use internet chat,BROADER,esco_narrower_reversed,train,NOT
data mining,data mining methods,BROADER,esco_narrower_reversed,train,NOT
troubleshoot,support audio system installation,BROADER,esco_narrower_reversed,train,NOT
Application server software,Red Hat OpenShift,BROADER,onet_category_reversed,train,NOT
Web platform development software,Vue.js,BROADER,onet_category_reversed,train,NOT
use CAD software,design circuits using CAD,BROADER,esco_narrower_reversed,train,NOT
manage company fleet,optimise fleet usability,BROADER,esco_narrower_reversed,val,NOT
use databases,perform data mining,BROADER,esco_narrower_reversed,train,NOT
process qualitative information,perform online data analysis,BROADER,esco_narrower_reversed,train,NOT
digital game creation systems,Project Anarchy,BROADER,esco_narrower_reversed,train,NOT
cloud technologies,cloud monitoring and reporting,BROADER,esco_narrower_reversed,train,NOT
manage database,manage membership database,BROADER,esco_narrower_reversed,train,NOT
computer programming,Assembly (computer programming),BROADER,esco_narrower_reversed,train,NOT
Business intelligence and data analysis software,Microsoft Power BI,BROADER,onet_category_reversed,test,NOT
Web page creation and editing software,WordPress,BROADER,onet_category_reversed,train,NOT
conduct web searches,search databases,BROADER,esco_narrower_reversed,train,NOT
Development environment software,Microsoft Team Foundation Server,BROADER,onet_category_reversed,train,NOT
"evaluate data, information and digital content",analyse gambling data,BROADER,esco_narrower_reversed,test,NOT
database management systems,OpenEdge Database,BROADER,esco_narrower_reversed,train,NOT
lead others,supervise video and motion picture editing team,BROADER,esco_narrower_reversed,train,NOT
digital content creation,develop digital content,BROADER,esco_narrower_reversed,train,NOT
computer programming,Erlang,BROADER,esco_narrower_reversed,train,NOT
provide ICT support,support ICT system users,BROADER,esco_narrower_reversed,train,NOT
use data processing techniques,gather data,BROADER,esco_narrower_reversed,train,NOT
Development environment software,Oracle Java 2 Platform Enterprise Edition J2EE,BROADER,onet_category_reversed,train,NOT
digital game creation systems,Source (digital game creation systems),BROADER,esco_narrower_reversed,train,NOT
train employees,provide training on e-learning,BROADER,esco_narrower_reversed,train,NOT
learning management systems,LAMS,BROADER,esco_narrower_reversed,test,NOT
Development environment software,Microsoft Visual Basic,BROADER,onet_category_reversed,train,NOT
computer programming,Visual Basic,BROADER,esco_narrower_reversed,train,NOT
web programming,AJAX,BROADER,esco_narrower_reversed,train,NOT
process qualitative information,digitise documents,BROADER,esco_narrower_reversed,train,NOT
store digital data and systems,maintain freelance database,BROADER,esco_narrower_reversed,train,NOT
Operating system software,Apple iOS,BROADER,onet_category_reversed,train,NOT
perform warehousing operations,operate warehouse record systems,BROADER,esco_narrower_reversed,val,NOT
Operating system software,Apple macOS,BROADER,onet_category_reversed,train,NOT
learning management systems,WizIQ,BROADER,esco_narrower_reversed,test,NOT
Internet browser software,Apple Safari,BROADER,onet_category_reversed,train,NOT
manage system security,identify ICT security risks,BROADER,esco_narrower_reversed,train,NOT
instruct others,provide online help,BROADER,esco_narrower_reversed,train,NOT
advise others,advise customers on type of computer equipment,BROADER,esco_narrower_reversed,val,NOT
use audio reproduction software,operate audio-signal processors,BROADER,esco_narrower_reversed,train,NOT
penetration testing tool,John The Ripper (penetration testing tool),BROADER,esco_narrower_reversed,test,NOT
penetration testing tool,Wireshark,BROADER,esco_narrower_reversed,test,NOT
database management systems,Filemaker (database management systems),BROADER,esco_narrower_reversed,train,NOT
principles of artificial intelligence,artificial neural networks,BROADER,esco_narrower_reversed,val,NOT
protect ICT devices,develop ICT safety information,BROADER,esco_narrower_reversed,test,NOT
prepare transportation routes,plot shipping navigation routes,BROADER,esco_narrower_reversed,train,NOT
assemble machines,assemble robots,BROADER,esco_narrower_reversed,train,NOT
report analysis results,conduct analysis of ship data,BROADER,esco_narrower_reversed,train,NOT
execute software tests,execute integration testing,BROADER,esco_narrower_reversed,val,NOT
Operating system software,Microsoft Windows Server,BROADER,onet_category_reversed,train,NOT
deploy ICT systems,manage changes in ICT system,BROADER,esco_narrower_reversed,train,NOT
manage alarm system,program home alarm systems,BROADER,esco_narrower_reversed,train,NOT
operate digital hardware,operate digital printers,BROADER,esco_narrower_reversed,train,NOT
operate 3D computer graphics software,rig 3D characters,BROADER,esco_narrower_reversed,test,NOT
Cloud-based data access and sharing software,Atlassian Confluence,BROADER,onet_category_reversed,train,NOT
use databases,use agricultural information systems and databases,BROADER,esco_narrower_reversed,train,NOT
ICT project management methodologies,DevOps,BROADER,esco_narrower_reversed,train,NOT
operate 3D computer graphics software,create 3D characters,BROADER,esco_narrower_reversed,test,NOT
Internet directory services software,Microsoft Active Directory,BROADER,onet_category_reversed,train,NOT
process qualitative information,analyse information systems,BROADER,esco_narrower_reversed,train,NOT
compile content,create online news content,BROADER,esco_narrower_reversed,train,NOT
Cloud-based data access and sharing software,Asana,BROADER,onet_category_reversed,train,NOT
Development environment software,Microsoft PowerShell,BROADER,onet_category_reversed,train,NOT
control systems,quality control systems,BROADER,esco_narrower_reversed,val,NOT
web programming,IBM WebSphere,BROADER,esco_narrower_reversed,train,NOT
execute software tests,perform software unit testing,BROADER,esco_narrower_reversed,val,NOT
manage digital archives,manage archive users guidelines,BROADER,esco_narrower_reversed,test,NOT
use databases,use electronic health records in nursing,BROADER,esco_narrower_reversed,train,NOT
Data base user interface and query software,IBM DB2,BROADER,onet_category_reversed,test,NOT
Graphical user interface development software,Grafana Labs Grafana Cloud,BROADER,onet_category_reversed,train,NOT
Operating system software,Red Hat Enterprise Linux,BROADER,onet_category_reversed,train,NOT
maintenance operations,predictive maintenance,BROADER,esco_narrower_reversed,train,NOT
interact through digital technologies,manage online communications,BROADER,esco_narrower_reversed,train,NOT
manage quantitative data,collect weather-related data,BROADER,esco_narrower_reversed,train,NOT
analyse ICT system,identify ICT system weaknesses,BROADER,esco_narrower_reversed,train,NOT
graphics editor software,Adobe Illustrator,BROADER,esco_narrower_reversed,test,NOT
learning management systems,Schoology,BROADER,esco_narrower_reversed,test,NOT
collect ICT data,manage data collection systems,BROADER,esco_narrower_reversed,train,NOT
graphics editor software,GIMP (graphics editor software),BROADER,esco_narrower_reversed,test,NOT
"evaluate data, information and digital content",evaluate information services using metrics,BROADER,esco_narrower_reversed,test,NOT
"data extraction, transformation and loading tools",QlikView Expressor,BROADER,esco_narrower_reversed,val,NOT
manage system testing,execute software tests,BROADER,esco_narrower_reversed,train,NOT
store digital data and systems,use data processing techniques,BROADER,esco_narrower_reversed,train,NOT
coordinate remote communications,operate port communications systems,BROADER,esco_narrower_reversed,train,NOT
inspect data,analyse scanned data of the body,BROADER,esco_narrower_reversed,train,NOT
Web platform development software,React,BROADER,onet_category_reversed,train,NOT
process qualitative information,use methods of logistical data analysis,BROADER,esco_narrower_reversed,train,NOT
manage changes in ICT system,configure ICT system,BROADER,esco_narrower_reversed,train,NOT
penetration testing tool,Metasploit,BROADER,esco_narrower_reversed,test,NOT
oversee planning of security systems,manage technical security systems,BROADER,esco_narrower_reversed,test,NOT
Web platform development software,Node.js,BROADER,onet_category_reversed,train,NOT
think critically,test sensors,BROADER,esco_narrower_reversed,train,NOT
learning management systems,Absorb (learning management systems),BROADER,esco_narrower_reversed,test,NOT
manage digital documents,manage digital archives,BROADER,esco_narrower_reversed,train,NOT
printing media,3D printing process,BROADER,esco_narrower_reversed,val,NOT
use technical drawing software,create CAD drawings,BROADER,esco_narrower_reversed,train,NOT
Cloud-based management software,Amazon Web Services AWS CloudFormation,BROADER,onet_category_reversed,train,NOT
Web platform development software,Google Angular,BROADER,onet_category_reversed,train,NOT
Data base user interface and query software,Microsoft SQL Server,BROADER,onet_category_reversed,test,NOT
assess operating cost,estimate costs of installing telecommunication devices,BROADER,esco_narrower_reversed,train,NOT
computer programming,Python (computer programming),BROADER,esco_narrower_reversed,train,NOT
set up equipment in a timely manner,set up broadcast equipment,BROADER,esco_narrower_reversed,train,NOT
synchronise sound with images,synchronise with mouth movements,BROADER,esco_narrower_reversed,train,NOT
Data base management system software,Redis,BROADER,onet_category_reversed,val,NOT
computer programming,COBOL,BROADER,esco_narrower_reversed,train,NOT
learning technologies,e-learning,BROADER,esco_narrower_reversed,train,NOT
digital game creation systems,Frostbite (digital game creation systems),BROADER,esco_narrower_reversed,train,NOT
use technical drawing software,draw sketches to develop textile articles using softwares,BROADER,esco_narrower_reversed,train,NOT
Network conferencing software,Atlassian Confluence,BROADER,onet_category_reversed,val,NOT
Enterprise resource planning ERP software,Workday software,BROADER,onet_category_reversed,train,NOT
database,museum databases,BROADER,esco_narrower_reversed,train,NOT
design prototypes,design optical prototypes,BROADER,esco_narrower_reversed,test,NOT
use databases,supervise data entry,BROADER,esco_narrower_reversed,train,NOT
ICT project management methodologies,iterative development,BROADER,esco_narrower_reversed,train,NOT
computer programming,Haskell,BROADER,esco_narrower_reversed,train,NOT
statistical analysis system software,SAS language,BROADER,esco_narrower_reversed,train,NOT
maintain microelectronics,test microelectronics,BROADER,esco_narrower_reversed,train,NOT
instruct others,lead disaster recovery exercises,BROADER,esco_narrower_reversed,train,NOT
resource description framework query language,N1QL,BROADER,esco_narrower_reversed,train,NOT
Program testing software,JUnit,BROADER,onet_category_reversed,test,NOT
Data mining software,Google Analytics,BROADER,onet_category_reversed,train,NOT
gather data,collect ICT data,BROADER,esco_narrower_reversed,train,NOT
advise customers on new equipment,advise customers on type of computer equipment,BROADER,esco_narrower_reversed,val,NOT
digital data processing,"evaluate data, information and digital content",BROADER,esco_narrower_reversed,train,NOT
computer programming,ASP.NET,BROADER,esco_narrower_reversed,train,NOT
Development environment software,Microsoft .NET Framework,BROADER,onet_category_reversed,train,NOT
Operating system software,UNIX Shell,BROADER,onet_category_reversed,train,NOT
digital game creation systems,GameSalad,BROADER,esco_narrower_reversed,train,NOT
adopt ways to reduce negative impact of consumption,manage environmental management system,BROADER,esco_narrower_reversed,val,NOT
penetration testing tool,Samurai Web Testing Framework,BROADER,esco_narrower_reversed,test,NOT
identify technological needs,use technology for forensics,BROADER,esco_narrower_reversed,train,NOT
manage digital documents,output electronic files,BROADER,esco_narrower_reversed,train,NOT
analyse images,study radar images,BROADER,esco_narrower_reversed,train,NOT
WebCMS,WordPress,BROADER,esco_narrower_reversed,train,NOT
manage digital documents,integrate content into output media,BROADER,esco_narrower_reversed,train,NOT
select photos,scan photos,BROADER,esco_narrower_reversed,train,NOT
Analytical or scientific software,SAS,BROADER,onet_category_reversed,train,NOT
maintain equipment,maintain projection equipment,BROADER,esco_narrower_reversed,train,NOT
use databases,manage donor database,BROADER,esco_narrower_reversed,train,NOT
design component interfaces,use interface description language,BROADER,esco_narrower_reversed,train,NOT
web programming,PHP,BROADER,esco_narrower_reversed,train,NOT
operate GPS systems,collect data using GPS,BROADER,esco_narrower_reversed,train,NOT
Presentation software,Microsoft PowerPoint,BROADER,onet_category_reversed,train,NOT
manage port operations,operate port communications systems,BROADER,esco_narrower_reversed,train,NOT
Data mining software,Snowflake,BROADER,onet_category_reversed,train,NOT
ICT project management methodologies,Prince2 project management,BROADER,esco_narrower_reversed,train,NOT
collection management,collection management software,BROADER,esco_narrower_reversed,train,NOT
Spreadsheet software,Microsoft Excel,BROADER,onet_category_reversed,train,NOT
produce textile designs,modify textile designs,BROADER,esco_narrower_reversed,train,NOT
linguistics,computational linguistics,BROADER,esco_narrower_reversed,train,NOT
query languages,MDX,BROADER,esco_narrower_reversed,train,NOT
Operating system software,UNIX,BROADER,onet_category_reversed,train,NOT
tools for software configuration management,STAF,BROADER,esco_narrower_reversed,val,NOT
problem-solving with digital tools,identify digital competence gaps,BROADER,esco_narrower_reversed,test,NOT
use databases,use data processing techniques,BROADER,esco_narrower_reversed,train,NOT
learning management systems,Taleo,BROADER,esco_narrower_reversed,test,NOT
compile content,provide multimedia content,BROADER,esco_narrower_reversed,train,NOT
maintain ICT system,administer ICT system,BROADER,esco_narrower_reversed,train,NOT
Business intelligence and data analysis software,Google Looker Analytics,BROADER,onet_category_reversed,test,NOT
solve technical problems,identify ICT security risks,BROADER,esco_narrower_reversed,train,NOT
store digital data and systems,manage digital libraries,BROADER,esco_narrower_reversed,train,NOT
manage gambling operation,solve problems in gambling through digital means,BROADER,esco_narrower_reversed,train,NOT
create digital content,use presentation software,BROADER,esco_narrower_reversed,val,NOT
manage maintenance operations,use computerised maintenance management systems,BROADER,esco_narrower_reversed,train,NOT
"data extraction, transformation and loading tools",Pentaho Data Integration,BROADER,esco_narrower_reversed,val,NOT
Data base user interface and query software,Amazon Web Services AWS software,BROADER,onet_category_reversed,test,NOT
Development environment software,Apache Maven,BROADER,onet_category_reversed,train,NOT
service-oriented modelling,Outsourcing model,BROADER,esco_narrower_reversed,test,NOT
Data base user interface and query software,Amazon Elastic Compute Cloud EC2,BROADER,onet_category_reversed,test,NOT
maintain operational communications,operate port communications systems,BROADER,esco_narrower_reversed,test,NOT
assess operating cost,calculate costs of repair operations,BROADER,esco_narrower_reversed,train,NOT
Project management software,Atlassian Confluence,BROADER,onet_category_reversed,val,NOT
Cloud-based data access and sharing software,Slack,BROADER,onet_category_reversed,train,NOT
manage online communications,develop online community plan,BROADER,esco_narrower_reversed,train,NOT
Web platform development software,PHP,BROADER,onet_category_reversed,train,NOT
think critically,transfer medical information,BROADER,esco_narrower_reversed,train,NOT
instruct others,provide training on e-learning,BROADER,esco_narrower_reversed,train,NOT
computer programming,AJAX,BROADER,esco_narrower_reversed,train,NOT
electronics,consumer electronics,BROADER,esco_narrower_reversed,val,NOT
use databases,search databases,BROADER,esco_narrower_reversed,train,NOT
tools for software configuration management,Vagrant,BROADER,esco_narrower_reversed,val,NOT
plan marketing strategy,plan digital marketing,BROADER,esco_narrower_reversed,train,NOT
perform quality audits,execute ICT audits,BROADER,esco_narrower_reversed,train,NOT
Enterprise application integration software,Microsoft SQL Server Integration Services SSIS,BROADER,onet_category_reversed,val,NOT
operate maritime communication equipment,repair maritime communication equipment,BROADER,esco_narrower_reversed,train,NOT
Analytical or scientific software,IBM SPSS Statistics,BROADER,onet_category_reversed,train,NOT
manage system testing,test ground system performance,BROADER,esco_narrower_reversed,train,NOT
create digital images,create animated narratives,BROADER,esco_narrower_reversed,train,NOT
digital communication and collaboration,use e-services,BROADER,esco_narrower_reversed,train,NOT
use production planning software,use mine planning software,BROADER,esco_narrower_reversed,train,NOT
Project management software,Microsoft Project,BROADER,onet_category_reversed,val,NOT
implement ICT risk management,identify ICT security risks,BROADER,esco_narrower_reversed,val,NOT
software frameworks,Oracle Application Development Framework,BROADER,esco_narrower_reversed,train,NOT
computer programming,Smalltalk (computer programming),BROADER,esco_narrower_reversed,train,NOT
principles of artificial intelligence,machine learning,BROADER,esco_narrower_reversed,val,NOT
computer programming,Swift (computer programming),BROADER,esco_narrower_reversed,train,NOT
use ICT systems,deploy ICT systems,BROADER,esco_narrower_reversed,train,NOT
use communication and collaboration software,use internet chat,BROADER,esco_narrower_reversed,train,NOT
Object or component oriented development software,Perl,BROADER,onet_category_reversed,train,NOT
computer programming,C++,BROADER,esco_narrower_reversed,train,NOT
query languages,LINQ,BROADER,esco_narrower_reversed,train,NOT
manage database,manage cloud data and storage,BROADER,esco_narrower_reversed,train,NOT
run simulations,simulate transport problems,BROADER,esco_narrower_reversed,train,NOT
think critically,interpret graphical recordings of rail-flaw-detection machine,BROADER,esco_narrower_reversed,train,NOT
use databases,implement data quality processes,BROADER,esco_narrower_reversed,train,NOT
Data base user interface and query software,Amazon Redshift,BROADER,onet_category_reversed,test,NOT
think critically,test computer hardware,BROADER,esco_narrower_reversed,train,NOT
Electronic mail software,Microsoft Outlook,BROADER,onet_category_reversed,train,NOT
Project management software,Microsoft Teams,BROADER,onet_category_reversed,val,NOT
think critically,analyse scanned data of the body,BROADER,esco_narrower_reversed,train,NOT
identify technological needs,forecast future ICT network needs,BROADER,esco_narrower_reversed,train,NOT
history,computer history,BROADER,esco_narrower_reversed,val,NOT
edit digital moving images,colour grade images with digital intermediate,BROADER,esco_narrower_reversed,train,NOT
create solutions to problems,propose ICT solutions to business problems,BROADER,esco_narrower_reversed,test,NOT
report test findings,record data from biomedical tests,BROADER,esco_narrower_reversed,train,NOT
Application server software,Atlassian Bitbucket,BROADER,onet_category_reversed,train,NOT
provide ICT support,establish an ICT customer support process,BROADER,esco_narrower_reversed,train,NOT
perform ICT troubleshooting,troubleshoot website,BROADER,esco_narrower_reversed,test,NOT
plan software testing,execute software tests,BROADER,esco_narrower_reversed,test,NOT
integrate and re-elaborate digital content,apply digital mapping,BROADER,esco_narrower_reversed,train,NOT
use databases,manage meteorological database,BROADER,esco_narrower_reversed,train,NOT
develop a specific interior design,prepare detailed working drawings for interior design,BROADER,esco_narrower_reversed,train,NOT
use learning strategies,work with virtual learning environments,BROADER,esco_narrower_reversed,test,NOT
demonstrate willingness to learn,keep up with the latest information systems solutions,BROADER,esco_narrower_reversed,train,NOT
Spreadsheet software,Google Sheets,BROADER,onet_category_reversed,train,NOT
service-oriented modelling,hybrid model,BROADER,esco_narrower_reversed,test,NOT
inspect data,analyse ecological data,BROADER,esco_narrower_reversed,train,NOT
protect personal data and privacy,establish an ICT security prevention plan,BROADER,esco_narrower_reversed,train,NOT
instruct others,provide ICT system training,BROADER,esco_narrower_reversed,train,NOT
design information system,design computer network,BROADER,esco_narrower_reversed,test,NOT
Data base management system software,NoSQL,BROADER,onet_category_reversed,val,NOT
think critically,assess ICT knowledge,BROADER,esco_narrower_reversed,train,NOT
manage system security,manage keys for data protection,BROADER,esco_narrower_reversed,train,NOT
manage mine ventilation,design ventilation network,BROADER,esco_narrower_reversed,train,NOT
Metadata management software,Informatica software,BROADER,onet_category_reversed,train,NOT
fluid mechanics,computational fluid dynamics,BROADER,esco_narrower_reversed,train,NOT
tools for software configuration management,Salt (tools for software configuration management),BROADER,esco_narrower_reversed,val,NOT
Analytical or scientific software,Google Analytics,BROADER,onet_category_reversed,train,NOT
carry out calculations,use mathematical tools and equipment,BROADER,esco_narrower_reversed,val,NOT
computer programming,Scratch (computer programming),BROADER,esco_narrower_reversed,train,NOT
ICT safety,protect personal data and privacy,BROADER,esco_narrower_reversed,train,NOT
create sketches,draw sketches to develop textile articles using softwares,BROADER,esco_narrower_reversed,train,NOT
use measurement instruments,operate electronic measuring instruments,BROADER,esco_narrower_reversed,train,NOT
toys and games trends,video-games trends,BROADER,esco_narrower_reversed,train,NOT
Web platform development software,AJAX,BROADER,onet_category_reversed,train,NOT
process data,compile data for navigation publications,BROADER,esco_narrower_reversed,train,NOT
use specific data analysis software,use software for data preservation,BROADER,esco_narrower_reversed,val,NOT
CAD software,CADD software,BROADER,esco_narrower_reversed,val,NOT
computer programming,C#,BROADER,esco_narrower_reversed,train,NOT
use digital illustration techniques,edit digital moving images,BROADER,esco_narrower_reversed,train,NOT
digital game creation systems,Unreal Engine,BROADER,esco_narrower_reversed,train,NOT
manage quantitative data,analyse gambling data,BROADER,esco_narrower_reversed,train,NOT
digital content creation,integrate and re-elaborate digital content,BROADER,esco_narrower_reversed,train,NOT
manage database,design database scheme,BROADER,esco_narrower_reversed,train,NOT
replace defective devices,repair lockable devices,BROADER,esco_narrower_reversed,train,NOT
Development environment software,Apache Kafka,BROADER,onet_category_reversed,train,NOT
database management systems,MarkLogic,BROADER,esco_narrower_reversed,train,NOT
think creatively,create concept of digital game,BROADER,esco_narrower_reversed,train,NOT
penetration testing tool,WhiteHat Sentinel,BROADER,esco_narrower_reversed,test,NOT
use databases,manage radiology information system,BROADER,esco_narrower_reversed,train,NOT
adhere to organisational guidelines,ensure adherence to organisational ICT standards,BROADER,esco_narrower_reversed,test,NOT
Data base management system software,Oracle PL/SQL,BROADER,onet_category_reversed,val,NOT
define technology strategy,define integration strategy,BROADER,esco_narrower_reversed,val,NOT
maintain freelance database,create freight rate databases,BROADER,esco_narrower_reversed,train,NOT
product comprehension,computer equipment,BROADER,esco_narrower_reversed,train,NOT
learning management systems,Sakai,BROADER,esco_narrower_reversed,test,NOT
Data base management system software,Teradata Database,BROADER,onet_category_reversed,val,NOT
carry out calculations,evaluate cost of software products,BROADER,esco_narrower_reversed,val,NOT
Configuration management software,Chef,BROADER,onet_category_reversed,train,NOT
think critically,analyse big data,BROADER,esco_narrower_reversed,train,NOT
use databases,create freight rate databases,BROADER,esco_narrower_reversed,train,NOT
record test data,record data from biomedical tests,BROADER,esco_narrower_reversed,train,NOT
Configuration management software,Puppet,BROADER,onet_category_reversed,train,NOT
gather data,compile data for navigation publications,BROADER,esco_narrower_reversed,train,NOT
Web platform development software,JavaScript Object Notation JSON,BROADER,onet_category_reversed,train,NOT
cue a performance,program sound cues,BROADER,esco_narrower_reversed,train,NOT
Application server software,Kubernetes,BROADER,onet_category_reversed,train,NOT
make independent operating decisions,utilise decision support system,BROADER,esco_narrower_reversed,train,NOT
ICT project management methodologies,Spiral development,BROADER,esco_narrower_reversed,train,NOT
manage database,manage meteorological database,BROADER,esco_narrower_reversed,train,NOT
moderate a discussion,carry out forum moderation,BROADER,esco_narrower_reversed,train,NOT
learning management systems,Grovo,BROADER,esco_narrower_reversed,test,NOT
seek innovation in current practices,innovate in ICT,BROADER,esco_narrower_reversed,train,NOT
ICT infrastructure,embedded systems,BROADER,esco_narrower_reversed,train,NOT
create patterns for garments,use pattern-cutting softwares,BROADER,esco_narrower_reversed,val,NOT
coordinate marketing plan actions,plan marketing campaigns,BROADER,esco_narrower_reversed,train,NOT
collaborate through digital technologies,manage online communications,BROADER,esco_narrower_reversed,test,NOT
digital game creation systems,CryEngine,BROADER,esco_narrower_reversed,train,NOT
manage ICT data architecture,manage ICT data classification,BROADER,esco_narrower_reversed,train,NOT
Web platform development software,Microsoft ASP.NET,BROADER,onet_category_reversed,train,NOT
Application server software,Spring Boot,BROADER,onet_category_reversed,train,NOT
ICT project management methodologies,Process-based management,BROADER,esco_narrower_reversed,train,NOT
manage digital documents,create digital files,BROADER,esco_narrower_reversed,train,NOT
computer programming,SAP R3,BROADER,esco_narrower_reversed,train,NOT
plan software testing,create game testing software,BROADER,esco_narrower_reversed,test,NOT
"evaluate data, information and digital content",search databases,BROADER,esco_narrower_reversed,test,NOT
report facts,log transmitter readings,BROADER,esco_narrower_reversed,test,NOT
mobile operating systems,iOS,BROADER,esco_narrower_reversed,test,NOT
ICT infrastructure,network management system tools,BROADER,esco_narrower_reversed,train,NOT
lead others,lead disaster recovery exercises,BROADER,esco_narrower_reversed,train,NOT
create 3D characters,rig 3D characters,BROADER,esco_narrower_reversed,val,NOT
execute software tests,execute conversion testing,BROADER,esco_narrower_reversed,val,NOT
gather data,collect data using GPS,BROADER,esco_narrower_reversed,train,NOT
analyse ship operations,conduct analysis of ship data,BROADER,esco_narrower_reversed,train,NOT
operate radio equipment,operate two-way radio systems,BROADER,esco_narrower_reversed,val,NOT
master disc manufacturing,audio mastering,BROADER,esco_narrower_reversed,val,NOT
ICT infrastructure,proxy servers,BROADER,esco_narrower_reversed,train,NOT
operate computerised control systems,use computerised maintenance management systems,BROADER,esco_narrower_reversed,train,NOT
interpret current data,use methods of logistical data analysis,BROADER,esco_narrower_reversed,train,NOT
operate radar equipment,coordinate the allocation of Mode S radars to Interrogator Codes,BROADER,esco_narrower_reversed,val,NOT
Development environment software,Go,BROADER,onet_category_reversed,train,NOT
identify digital competence gaps,teach digital literacy,BROADER,esco_narrower_reversed,test,NOT
maintain electrical equipment,maintain audiovisual equipment,BROADER,esco_narrower_reversed,val,NOT
Object oriented data base management software,Transact-SQL,BROADER,onet_category_reversed,val,NOT
Data base management system software,MongoDB,BROADER,onet_category_reversed,val,NOT
keep up with trends,keep up-to-date to computer trends,BROADER,esco_narrower_reversed,train,NOT
set up sound reinforcement system,tune up wireless audio systems,BROADER,esco_narrower_reversed,train,NOT
computer programming,Objective-C,BROADER,esco_narrower_reversed,train,NOT
Development environment software,Oracle SQL Developer,BROADER,onet_category_reversed,train,NOT
monitor vehicle fleet operations,optimise fleet usability,BROADER,esco_narrower_reversed,test,NOT
identify technological needs,identify ICT user needs,BROADER,esco_narrower_reversed,train,NOT
coordinate remote communications,operate radio equipment,BROADER,esco_narrower_reversed,train,NOT
"data extraction, transformation and loading tools",SAP Data Services,BROADER,esco_narrower_reversed,val,NOT
perform data analysis,use specific data analysis software,BROADER,esco_narrower_reversed,train,NOT
Project management software,Oracle Primavera Enterprise Project Portfolio Management,BROADER,onet_category_reversed,val,NOT
Web platform development software,JavaScript,BROADER,onet_category_reversed,train,NOT
problem-solving with digital tools,creatively use digital technologies,BROADER,esco_narrower_reversed,test,NOT
design graphics,translate requirements into visual design,BROADER,esco_narrower_reversed,train,NOT
Web platform development software,jQuery,BROADER,onet_category_reversed,train,NOT
solve technical problems,optimise choice of ICT solution,BROADER,esco_narrower_reversed,train,NOT
use databases,create data sets,BROADER,esco_narrower_reversed,train,NOT
manage data,create data models,BROADER,esco_narrower_reversed,train,NOT
penetration testing tool,Kali Linux,BROADER,esco_narrower_reversed,test,NOT
database management systems,TripleStore,BROADER,esco_narrower_reversed,train,NOT
"organise information, objects and resources",manage quantitative data,BROADER,esco_narrower_reversed,train,NOT
tend punch press,tend CNC metal punch press,BROADER,esco_narrower_reversed,train,NOT
apply 3D imaging techniques,create 3D characters,BROADER,esco_narrower_reversed,val,NOT
react to physical changes or hazards,communicate using the global maritime distress and safety system,BROADER,esco_narrower_reversed,train,NOT
maintain equipment,maintain sensor equipment,BROADER,esco_narrower_reversed,train,NOT
use data processing techniques,analyse scanned data of the body,BROADER,esco_narrower_reversed,train,NOT
digital game creation systems,Gamemaker Studio,BROADER,esco_narrower_reversed,train,NOT
security engineering,establish an Information Security Management System,BROADER,esco_narrower_reversed,train,NOT
Development environment software,C,BROADER,onet_category_reversed,train,NOT
perform data analysis,analyse big data,BROADER,esco_narrower_reversed,train,NOT
integrated development environment software,Eclipse (integrated development environment software),BROADER,esco_narrower_reversed,train,NOT
create digital images,render 3D images,BROADER,esco_narrower_reversed,train,NOT
schedule production,use production planning software,BROADER,esco_narrower_reversed,train,NOT
operate rail-flaw-detection machine,interpret graphical recordings of rail-flaw-detection machine,BROADER,esco_narrower_reversed,train,NOT
keep up to date on product knowledge,keep up-to-date to computer trends,BROADER,esco_narrower_reversed,train,NOT
think critically,perform safety data analysis,BROADER,esco_narrower_reversed,train,NOT
perform forensic examinations,use technology for forensics,BROADER,esco_narrower_reversed,train,NOT
inspect data,analyse gambling data,BROADER,esco_narrower_reversed,train,NOT
create digital content,use spreadsheets software,BROADER,esco_narrower_reversed,val,NOT
software frameworks,Ajax Framework,BROADER,esco_narrower_reversed,train,NOT
Data base user interface and query software,Yardi software,BROADER,onet_category_reversed,test,NOT
plan future capacity requirements,plan ICT capacity,BROADER,esco_narrower_reversed,val,NOT
manage security equipment,manage technical security systems,BROADER,esco_narrower_reversed,test,NOT
develop automated software tests,develop ICT test suite,BROADER,esco_narrower_reversed,train,NOT
learning management systems,Brightspace (learning management systems),BROADER,esco_narrower_reversed,test,NOT
plan software testing,develop automated software tests,BROADER,esco_narrower_reversed,test,NOT
Object or component oriented development software,C++,BROADER,onet_category_reversed,train,NOT
computer programming,SAS language,BROADER,esco_narrower_reversed,train,NOT
computer programming,VBScript,BROADER,esco_narrower_reversed,train,NOT
manage quality,quality control systems,BROADER,esco_narrower_reversed,train,NOT
interpret graphical communication interfaces,interpret graphical recordings of rail-flaw-detection machine,BROADER,esco_narrower_reversed,train,NOT
digital game creation systems,Havok Vision,BROADER,esco_narrower_reversed,train,NOT
keep up-to-date with regulations,keep up-to-date to computer trends,BROADER,esco_narrower_reversed,train,NOT
digital communication and collaboration,use online tools to collaborate,BROADER,esco_narrower_reversed,train,NOT
Operating system software,Linux,BROADER,onet_category_reversed,train,NOT
Data base management system software,Microsoft SQL Server,BROADER,onet_category_reversed,val,NOT
use CAD software,use CADD software,BROADER,esco_narrower_reversed,train,NOT
set up multimedia equipment,set up broadcast equipment,BROADER,esco_narrower_reversed,train,NOT
assess financial viability,estimate costs of installing telecommunication devices,BROADER,esco_narrower_reversed,test,NOT
"data extraction, transformation and loading tools",IBM InfoSphere DataStage,BROADER,esco_narrower_reversed,val,NOT
think analytically,use analytics for commercial purposes,BROADER,esco_narrower_reversed,test,NOT
Data base user interface and query software,GraphQL,BROADER,onet_category_reversed,test,NOT
ICT safety,protect the environment from the impact of the digital technologies,BROADER,esco_narrower_reversed,train,NOT
design application interfaces,use interface description language,BROADER,esco_narrower_reversed,test,NOT
use computer-aided translation,use translation memory software,BROADER,esco_narrower_reversed,train,NOT
operate audio equipment,use audio reproduction software,BROADER,esco_narrower_reversed,train,NOT
Data base management system software,Apache Hive,BROADER,onet_category_reversed,val,NOT
use e-services,use e-procurement,BROADER,esco_narrower_reversed,train,NOT
penetration testing tool,BlackArch,BROADER,esco_narrower_reversed,test,NOT
Cloud-based management software,Oracle Cloud software,BROADER,onet_category_reversed,train,NOT
resource description framework query language,SPARQL,BROADER,esco_narrower_reversed,train,NOT
database management systems,CA Datacom/DB,BROADER,esco_narrower_reversed,train,NOT
digital data processing,"browse, search and filter data, information and digital content",BROADER,esco_narrower_reversed,train,NOT
use databases,balance database resources,BROADER,esco_narrower_reversed,train,NOT
advise on customs regulations,advise customers on type of computer equipment,BROADER,esco_narrower_reversed,train,NOT
Object or component oriented development software,Python,BROADER,onet_category_reversed,train,NOT
sales strategies,ICT sales methodologies,BROADER,esco_narrower_reversed,test,NOT
Internet browser software,Microsoft Edge,BROADER,onet_category_reversed,train,NOT
test hardware,test computer hardware,BROADER,esco_narrower_reversed,val,NOT
perform online data analysis,use analytics for commercial purposes,BROADER,esco_narrower_reversed,train,NOT
EU law,GDPR,BROADER,esco_narrower_reversed,train,NOT
digital communication and collaboration,collaborate through digital technologies,BROADER,esco_narrower_reversed,train,NOT
operate broadcast equipment,operate remote broadcast equipment,BROADER,esco_narrower_reversed,train,NOT
plan marketing campaigns,plan social media marketing campaigns,BROADER,esco_narrower_reversed,train,NOT
store digital data and systems,perform backups,BROADER,esco_narrower_reversed,train,NOT
journalism,digital journalism,BROADER,esco_narrower_reversed,val,NOT
manage website,troubleshoot website,BROADER,esco_narrower_reversed,train,NOT
style sheet languages,LESS,BROADER,esco_narrower_reversed,train,NOT
ICT safety,protect health and well-being while using digital technologies,BROADER,esco_narrower_reversed,train,NOT
respect confidentiality obligations,information confidentiality,BROADER,esco_narrower_reversed,train,NOT
integrated development environment software,Xcode,BROADER,esco_narrower_reversed,train,NOT
computer programming,web programming,BROADER,esco_narrower_reversed,train,NOT
computer technology,network engineering,BROADER,esco_narrower_reversed,train,NOT
operate 3D computer graphics software,render 3D images,BROADER,esco_narrower_reversed,test,NOT
COBOL,Pascal (computer programming),RELATED,esco_sibling,train,RELATED
SketchBook Pro,Synfig,RELATED,esco_sibling,train,RELATED
supervise video quality,quality control systems,RELATED,esco_sibling,train,RELATED
design hardware,hardware materials,RELATED,esco_skill_relation,val,RELATED
GIMP (graphics editor software),SketchBook Pro,RELATED,esco_sibling,val,RELATED
lead disaster recovery exercises,system backup best practice,RELATED,esco_skill_relation,train,RELATED
use spreadsheets software,use word processing software,RELATED,esco_sibling,train,RELATED
use computer-aided translation,machine translation,RELATED,esco_skill_relation,train,RELATED
operate seismic equipment,seismic measurement techniques,RELATED,esco_skill_relation,train,RELATED
Parrot Security OS,WhiteHat Sentinel,RELATED,esco_sibling,train,RELATED
acquire system component,software components libraries,RELATED,esco_skill_relation,test,RELATED
define ICT network design policies,ICT networking hardware,RELATED,esco_skill_relation,train,RELATED
Agile development,DevOps,RELATED,esco_sibling,val,RELATED
Scala,TypeScript,RELATED,onet_sibling,train,RELATED
use object-oriented programming,C#,RELATED,esco_skill_relation,val,RELATED
operate 2D CAD for footwear,create 3D CAD footwear prototypes,RELATED,esco_sibling,train,RELATED
GitLab,Kubernetes,RELATED,onet_sibling,val,RELATED
carry out forum moderation,online moderation techniques,RELATED,esco_skill_relation,train,RELATED
create 3D characters,3D texturing,RELATED,esco_skill_relation,test,RELATED
Elasticsearch,Microsoft SQL Server,RELATED,onet_sibling,train,RELATED
use online tools to collaborate,manage digital identity,RELATED,esco_sibling,train,RELATED
JavaScript Object Notation JSON,Microsoft Active Server Pages ASP,RELATED,onet_sibling,train,RELATED
Apache Maven,C,RELATED,onet_sibling,train,RELATED
Vagrant,Ansible,RELATED,esco_sibling,train,RELATED
Erlang,Common Lisp,RELATED,esco_sibling,val,RELATED
Maltego,OWASP ZAP,RELATED,esco_sibling,train,RELATED
Litmos,Canvas (learning management systems),RELATED,esco_sibling,train,RELATED
John The Ripper (penetration testing tool),Wireshark,RELATED,esco_sibling,val,RELATED
id Tech,Project Anarchy,RELATED,esco_sibling,val,RELATED
maintain sensor equipment,reed sensors,RELATED,esco_skill_relation,val,RELATED
Samurai Web Testing Framework,THC Hydra,RELATED,esco_sibling,train,RELATED
operate digital printers,printing on large scale machines,RELATED,esco_skill_relation,val,RELATED
use data processing techniques,manage digital archives,RELATED,esco_sibling,train,RELATED
manage quantitative data,use data processing techniques,RELATED,esco_skill_relation,train,RELATED
align software with system architectures,ICT system integration,RELATED,esco_skill_relation,train,RELATED
assess integrated domotics systems,assess ICT knowledge,RELATED,esco_sibling,val,RELATED
Havok Vision,Source (digital game creation systems),RELATED,esco_sibling,val,RELATED
Maltego,Cain and Abel (penetration testing tool),RELATED,esco_sibling,train,RELATED
OpenEdge Database,MySQL,RELATED,esco_sibling,val,RELATED
operate digital printers,integrate content into output media,RELATED,esco_sibling,train,RELATED
Elasticsearch,MongoDB,RELATED,onet_sibling,train,RELATED
Microsoft Team Foundation Server,Microsoft Visual Basic,RELATED,onet_sibling,train,RELATED
Chef,Puppet,RELATED,onet_sibling,train,RELATED
evaluate information services using metrics,analyse gambling data,RELATED,esco_sibling,test,RELATED
Go,Microsoft .NET Framework,RELATED,onet_sibling,val,RELATED
operate automated process control,automation technology,RELATED,esco_skill_relation,val,RELATED
COBOL,ABAP,RELATED,esco_sibling,train,RELATED
gather data,analyse big data,RELATED,esco_sibling,train,RELATED
Microsoft SQL Server Reporting Services SSRS,Perl,RELATED,onet_sibling,train,RELATED
Amazon DynamoDB,Apache Hadoop,RELATED,onet_sibling,test,RELATED
Red Hat Enterprise Linux,UNIX,RELATED,onet_sibling,train,RELATED
Redis,Teradata Database,RELATED,onet_sibling,test,RELATED
use CAD for soles,operate 2D CAD for footwear,RELATED,esco_sibling,train,RELATED
test microelectronics,perform safety data analysis,RELATED,esco_sibling,test,RELATED
apply 3D imaging techniques,3D texturing,RELATED,esco_skill_relation,val,RELATED
provide online help,provide training on e-learning,RELATED,esco_sibling,test,RELATED
perform software unit testing,execute integration testing,RELATED,esco_sibling,train,RELATED
Microsoft Team Foundation Server,Microsoft Visual Basic for Applications VBA,RELATED,onet_sibling,train,RELATED
operate warehouse record systems,warehouse operations,RELATED,esco_skill_relation,val,RELATED
Vagrant,Jenkins (tools for software configuration management),RELATED,esco_sibling,train,RELATED
museum databases,use agricultural information systems and databases,RELATED,esco_sibling,val,RELATED
Hibernate ORM,PostgreSQL,RELATED,onet_sibling,test,RELATED
Node.js,React,RELATED,onet_sibling,train,RELATED
supervise video and motion picture editing team,lead disaster recovery exercises,RELATED,esco_sibling,train,RELATED
Apache Spark,C#,RELATED,onet_sibling,train,RELATED
WhiteHat Sentinel,THC Hydra,RELATED,esco_sibling,val,RELATED
Assembly (computer programming),Groovy,RELATED,esco_sibling,train,RELATED
Engrade,Schoology,RELATED,esco_sibling,val,RELATED
optimise choice of ICT solution,solution deployment,RELATED,esco_skill_relation,train,RELATED
maintain sensor equipment,sensors,RELATED,esco_skill_relation,val,RELATED
acquire system component,hardware components suppliers,RELATED,esco_skill_relation,train,RELATED
RAGE (digital game creation systems),id Tech,RELATED,esco_sibling,train,RELATED
develop automated software tests,levels of software testing,RELATED,esco_skill_relation,train,RELATED
apply tools for content development,publishing strategy,RELATED,esco_skill_relation,train,RELATED
manage meteorological database,create data sets,RELATED,esco_sibling,train,RELATED
create game testing software,develop ICT test suite,RELATED,esco_sibling,test,RELATED
analyse big data,search databases,RELATED,esco_sibling,train,RELATED
use ICT equipment in maintenance activities,ICT infrastructure,RELATED,esco_skill_relation,train,RELATED
Canvas (learning management systems),Taleo,RELATED,esco_sibling,train,RELATED
operate medical imaging equipment,radiological photography,RELATED,esco_skill_relation,train,RELATED
use electronic health records in nursing,supervise data entry,RELATED,esco_sibling,train,RELATED
use ICT ticketing system,deploy ICT systems,RELATED,esco_sibling,test,RELATED
create concept of digital game,digital game genres,RELATED,esco_skill_relation,train,RELATED
Outsourcing model,hybrid model,RELATED,esco_sibling,train,RELATED
Oracle SQL Developer,Ruby,RELATED,onet_sibling,train,RELATED
Apache Subversion SVN,C,RELATED,onet_sibling,test,RELATED
use object-oriented programming,object-oriented modelling,RELATED,esco_skill_relation,train,RELATED
design electronic systems,electronics,RELATED,esco_skill_relation,val,RELATED
Litmos,Sakai,RELATED,esco_sibling,train,RELATED
perform data mining,manage radiology information system,RELATED,esco_sibling,test,RELATED
test ground system performance,perform ICT security testing,RELATED,esco_sibling,train,RELATED
manage flight data communications programme,analyse milk control test results,RELATED,esco_sibling,test,RELATED
Informatica PowerCenter,Oracle Data Integrator,RELATED,esco_sibling,test,RELATED
create database diagrams,manage cloud data and storage,RELATED,esco_sibling,test,RELATED
analyse big data,analyse scanned data of the body,RELATED,esco_sibling,train,RELATED
manage membership database,manage meteorological database,RELATED,esco_sibling,train,RELATED
Unreal Engine,Frostbite (digital game creation systems),RELATED,esco_sibling,train,RELATED
use methods of logistical data analysis,interpret automatic call distribution data,RELATED,esco_sibling,test,RELATED
IBM Informix,Filemaker (database management systems),RELATED,esco_sibling,test,RELATED
Cascading style sheets CSS,Google Angular,RELATED,onet_sibling,train,RELATED
Maltego,Nessus,RELATED,esco_sibling,train,RELATED
BlackBerry,Android (mobile operating systems),RELATED,esco_sibling,train,RELATED
Swift,jQuery,RELATED,onet_sibling,train,RELATED
Microsoft Access,MySQL,RELATED,esco_sibling,train,RELATED
use scripting programming,Ruby (computer programming),RELATED,esco_skill_relation,train,RELATED
Metasploit,Backbox (penetration testing tool),RELATED,esco_sibling,train,RELATED
deploy ICT systems,maintain ICT system,RELATED,esco_sibling,train,RELATED
lean project management,DevOps,RELATED,esco_sibling,train,RELATED
calculate costs of repair operations,evaluate cost of software products,RELATED,esco_sibling,val,RELATED
manage ICT data architecture,ICT architectural frameworks,RELATED,esco_skill_relation,train,RELATED
OpenEdge Database,ObjectStore,RELATED,esco_sibling,val,RELATED
maintain ICT system,ICT system integration,RELATED,esco_skill_relation,train,RELATED
Eclipse (integrated development environment software),Microsoft Visual C++,RELATED,esco_sibling,train,RELATED
Oracle Relational Database,MarkLogic,RELATED,esco_sibling,train,RELATED
Lisp,Visual Basic,RELATED,esco_sibling,train,RELATED
use agricultural information systems and databases,database management systems,RELATED,esco_skill_relation,train,RELATED
design database scheme,create database diagrams,RELATED,esco_sibling,test,RELATED
Oracle Java 2 Platform Enterprise Edition J2EE,Oracle SQL Developer,RELATED,onet_sibling,val,RELATED
model optical systems,optics,RELATED,esco_skill_relation,val,RELATED
VBScript,ABAP,RELATED,esco_sibling,train,RELATED
administer ICT system,manage changes in ICT system,RELATED,esco_sibling,test,RELATED
use functional programming,Prolog (computer programming),RELATED,esco_skill_relation,train,RELATED
use data processing techniques,manage radiology information system,RELATED,esco_sibling,train,RELATED
forecast future ICT network needs,ICT network cable limitations,RELATED,esco_skill_relation,train,RELATED
manage donor database,maintain pricing database,RELATED,esco_sibling,train,RELATED
execute integration testing,perform software recovery testing,RELATED,esco_sibling,val,RELATED
implement data quality processes,create data sets,RELATED,esco_sibling,train,RELATED
Sakai,Canvas (learning management systems),RELATED,esco_sibling,train,RELATED
manage disaster recovery plans,lead disaster recovery exercises,RELATED,esco_skill_relation,test,RELATED
OpenEdge Advanced Business Language,Smalltalk (computer programming),RELATED,esco_sibling,test,RELATED
install automation components,automation technology,RELATED,esco_skill_relation,val,RELATED
test sensors,test microelectronics,RELATED,esco_sibling,train,RELATED
Docker,GitLab,RELATED,onet_sibling,train,RELATED
manage membership database,develop geological databases,RELATED,esco_sibling,train,RELATED
develop geological databases,manage meteorological database,RELATED,esco_sibling,test,RELATED
cyber security,data protection,RELATED,esco_skill_relation,val,RELATED
Oracle Java 2 Platform Enterprise Edition J2EE,Ruby,RELATED,onet_sibling,val,RELATED
manage system security,cyber attack counter-measures,RELATED,esco_skill_relation,train,RELATED
oversee aircraft sensor and recording systems,aircraft flight control systems,RELATED,esco_skill_relation,train,RELATED
Apache Cassandra,Apache Hadoop,RELATED,onet_sibling,train,RELATED
Brightspace (learning management systems),Grovo,RELATED,esco_sibling,train,RELATED
assemble robots,robotic components,RELATED,esco_skill_relation,val,RELATED
Oracle Data Integrator,SQL Server Integration Services,RELATED,esco_sibling,train,RELATED
analyse ICT system,business ICT systems,RELATED,esco_skill_relation,train,RELATED
solve technical problems,creatively use digital technologies,RELATED,esco_sibling,train,RELATED
operate life-saving appliances,palliative care,RELATED,esco_skill_relation,train,RELATED
design application interfaces,mobile device software frameworks,RELATED,esco_skill_relation,test,RELATED
KDevelop,Microsoft Visual C++,RELATED,esco_sibling,train,RELATED
Grovo,Moodle,RELATED,esco_sibling,test,RELATED
analyse ecological data,evaluate information services using metrics,RELATED,esco_sibling,test,RELATED
create data sets,balance database resources,RELATED,esco_sibling,val,RELATED
XQuery,SPARQL,RELATED,esco_sibling,val,RELATED
convert different audiovisual formats,types of audiovisual formats,RELATED,esco_skill_relation,train,RELATED
Grovo,Litmos,RELATED,esco_sibling,test,RELATED
develop e-learning plan,strategic planning,RELATED,esco_skill_relation,train,RELATED
manage meteorological database,balance database resources,RELATED,esco_sibling,train,RELATED
use logic programming,computer programming,RELATED,esco_skill_relation,train,RELATED
use CAD for soles,use CADD software,RELATED,esco_sibling,train,RELATED
GameSalad,id Tech,RELATED,esco_sibling,train,RELATED
Google Sheets,Microsoft Excel,RELATED,onet_sibling,train,RELATED
tend computer numerical control lathe machine,types of lathe tools,RELATED,esco_skill_relation,train,RELATED
Oracle Application Development Framework,JavaScript Framework,RELATED,esco_sibling,val,RELATED
develop ICT test suite,perform software unit testing,RELATED,esco_sibling,val,RELATED
use water navigation devices,compass navigation,RELATED,esco_skill_relation,train,RELATED
analyse ecological data,ecological principles,RELATED,esco_skill_relation,test,RELATED
analyse gambling data,gambling games,RELATED,esco_skill_relation,train,RELATED
develop automated software tests,tools for ICT test automation,RELATED,esco_skill_relation,train,RELATED
manage radiology information system,integrate content into output media,RELATED,esco_sibling,train,RELATED
C#,APL,RELATED,esco_sibling,val,RELATED
use e-health and mobile health technologies,work with e-services available to citizens,RELATED,esco_sibling,train,RELATED
Facebook,WordPress,RELATED,onet_sibling,train,RELATED
search databases,search engine optimisation,RELATED,esco_sibling,val,RELATED
perform software unit testing,perform software recovery testing,RELATED,esco_sibling,train,RELATED
calculate costs of repair operations,estimate costs of installing telecommunication devices,RELATED,esco_sibling,val,RELATED
SAS language,Ruby (computer programming),RELATED,esco_sibling,test,RELATED
Schoology,Grovo,RELATED,esco_sibling,val,RELATED
analyse ecological data,analyse gambling data,RELATED,esco_sibling,test,RELATED
use colour printing programs,digital printing,RELATED,esco_skill_relation,train,RELATED
set up audiovisual peripheral equipment,set up broadcast equipment,RELATED,esco_sibling,val,RELATED
model sensor,sensors,RELATED,esco_skill_relation,train,RELATED
Shiva (digital game creation systems),id Tech,RELATED,esco_sibling,train,RELATED
Erlang,Ruby (computer programming),RELATED,esco_sibling,val,RELATED
Chef (tools for software configuration management),Puppet (tools for software configuration management),RELATED,esco_sibling,train,RELATED
Drupal,Joomla,RELATED,esco_sibling,train,RELATED
provide multimedia content,visual presentation techniques,RELATED,esco_skill_relation,train,RELATED
manage data collection systems,create data models,RELATED,esco_sibling,train,RELATED
Atlassian Bitbucket,GitHub,RELATED,onet_sibling,train,RELATED
design application interfaces,interfacing techniques,RELATED,esco_skill_relation,train,RELATED
Agile project management,Waterfall development,RELATED,esco_sibling,train,RELATED
id Tech,Havok Vision,RELATED,esco_sibling,val,RELATED
identify ICT user needs,ICT system user requirements,RELATED,esco_skill_relation,train,RELATED
Oracle Application Development Framework,Ajax Framework,RELATED,esco_sibling,val,RELATED
use e-health and mobile health technologies,health informatics,RELATED,esco_skill_relation,train,RELATED
Oracle Database,Oracle PL/SQL,RELATED,onet_sibling,train,RELATED
Linux,Microsoft Windows Server,RELATED,onet_sibling,train,RELATED
Microsoft Visual Studio,Oracle SQL Developer,RELATED,onet_sibling,train,RELATED
TripleStore,NoSQL,RELATED,esco_sibling,train,RELATED
execute conversion testing,perform software recovery testing,RELATED,esco_sibling,train,RELATED
manage IT security compliances,information security strategy,RELATED,esco_skill_relation,train,RELATED
Samurai Web Testing Framework,WhiteHat Sentinel,RELATED,esco_sibling,train,RELATED
Apache Tomcat,Oracle WebLogic,RELATED,esco_sibling,train,RELATED
use 3D scanners for clothing,3D body scanning technologies,RELATED,esco_skill_relation,train,RELATED
manage findable accessible interoperable and reusable data,manage data collection systems,RELATED,esco_sibling,train,RELATED
PostgreSQL,CA Datacom/DB,RELATED,esco_sibling,train,RELATED
modify textile designs,textile chemistry,RELATED,esco_skill_relation,train,RELATED
align software with system architectures,ICT architectural frameworks,RELATED,esco_skill_relation,train,RELATED
BlackArch,Parrot Security OS,RELATED,esco_sibling,train,RELATED
Backbox (penetration testing tool),John The Ripper (penetration testing tool),RELATED,esco_sibling,train,RELATED
collaborate through digital technologies,share through digital technologies,RELATED,esco_sibling,test,RELATED
create database diagrams,balance database resources,RELATED,esco_sibling,test,RELATED
Haskell,SAS language,RELATED,esco_sibling,test,RELATED
Engrade,Brightspace (learning management systems),RELATED,esco_sibling,val,RELATED
maintain freelance database,manage digital libraries,RELATED,esco_sibling,train,RELATED
manage online content,provide written content,RELATED,esco_skill_relation,val,RELATED
design web-based courses,standards for web-based e-learning,RELATED,esco_skill_relation,train,RELATED
HeroEngine,Havok Vision,RELATED,esco_sibling,test,RELATED
Microsoft .NET Framework,Microsoft Azure software,RELATED,onet_sibling,train,RELATED
NoSQL,Filemaker (database management systems),RELATED,esco_sibling,train,RELATED
animate 3D organic forms,3D modelling,RELATED,esco_skill_relation,train,RELATED
Swift (computer programming),Scratch (computer programming),RELATED,esco_sibling,train,RELATED
solve technical problems,identify digital competence gaps,RELATED,esco_sibling,train,RELATED
use sound measuring instruments,operate electronic measuring instruments,RELATED,esco_sibling,train,RELATED
prepare exhibition marketing plan,plan social media marketing campaigns,RELATED,esco_sibling,train,RELATED
Vue.js,jQuery,RELATED,onet_sibling,train,RELATED
perform data mining,manage meteorological database,RELATED,esco_sibling,test,RELATED
maintain information network hardware,ICT networking hardware,RELATED,esco_skill_relation,train,RELATED
interact through digital technologies,manage digital identity,RELATED,esco_sibling,train,RELATED
execute integration testing,ICT system integration,RELATED,esco_skill_relation,train,RELATED
Amazon Elastic Compute Cloud EC2,Amazon Web Services AWS software,RELATED,onet_sibling,train,RELATED
rig 3D characters,render 3D images,RELATED,esco_sibling,train,RELATED
wire security sensors,security panels,RELATED,esco_skill_relation,train,RELATED
use data processing techniques,analyse blood samples,RELATED,esco_sibling,train,RELATED
SAS,The MathWorks MATLAB,RELATED,onet_sibling,train,RELATED
C,Go,RELATED,onet_sibling,val,RELATED
inspect data,search engine optimisation,RELATED,esco_sibling,train,RELATED
TypeScript,jQuery,RELATED,onet_sibling,train,RELATED
LAMS,Grovo,RELATED,esco_sibling,train,RELATED
Amazon Elastic Compute Cloud EC2,Amazon Redshift,RELATED,onet_sibling,train,RELATED
Microsoft Windows Server,Red Hat OpenShift,RELATED,onet_sibling,train,RELATED
PHP,Spring Framework,RELATED,onet_sibling,train,RELATED
learning management systems,e-learning,RELATED,esco_skill_relation,val,RELATED
design failover solutions,solve ICT system problems,RELATED,esco_sibling,train,RELATED
Unreal Engine,Gamemaker Studio,RELATED,esco_sibling,train,RELATED
work with e-services available to citizens,e-tailoring,RELATED,esco_skill_relation,train,RELATED
design computer network,procurement of ICT network equipment,RELATED,esco_skill_relation,train,RELATED
identify digital competence gaps,identify technological needs,RELATED,esco_sibling,test,RELATED
use access control software,ICT system user requirements,RELATED,esco_skill_relation,train,RELATED
deliver online training,e-learning software infrastructure,RELATED,esco_skill_relation,train,RELATED
CoffeeScript,AJAX,RELATED,esco_sibling,train,RELATED
design process,electroplating processes,RELATED,esco_skill_relation,train,RELATED
Structured query language SQL,Transact-SQL,RELATED,onet_sibling,test,RELATED
Aircrack (penetration testing tool),Backbox (penetration testing tool),RELATED,esco_sibling,train,RELATED
maintain broadcast equipment,maintain robotic equipment,RELATED,esco_sibling,test,RELATED
IBM InfoSphere Information Server,SAS Data Management,RELATED,esco_sibling,train,RELATED
protect personal data and privacy,protect ICT devices,RELATED,esco_sibling,train,RELATED
Kali Linux,Wireshark,RELATED,esco_sibling,train,RELATED
Wireshark,Parrot Security OS,RELATED,esco_sibling,val,RELATED
C#,C++,RELATED,onet_sibling,val,RELATED
test sensors,infrared sensors,RELATED,esco_skill_relation,train,RELATED
manage quantitative data,conduct quantitative research,RELATED,esco_skill_relation,train,RELATED
MDX,SQL,RELATED,esco_sibling,train,RELATED
test system accessibility for users with special needs,ICT accessibility standards,RELATED,esco_skill_relation,test,RELATED
embedded systems,hardware architectures,RELATED,esco_sibling,val,RELATED
Synfig,Adobe Photoshop Lightroom,RELATED,esco_sibling,test,RELATED
Google Analytics,Snowflake,RELATED,onet_sibling,val,RELATED
create freight rate databases,balance database resources,RELATED,esco_sibling,train,RELATED
adjust ICT system capacity,ICT networking hardware,RELATED,esco_skill_relation,val,RELATED
Agile project management,iterative development,RELATED,esco_sibling,train,RELATED
Apache Kafka,Apache Maven,RELATED,onet_sibling,train,RELATED
Process-based management,Agile development,RELATED,esco_sibling,train,RELATED
Groovy,web programming,RELATED,esco_sibling,train,RELATED
Prince2 project management,lean project management,RELATED,esco_sibling,train,RELATED
Filemaker (database management systems),CA Datacom/DB,RELATED,esco_sibling,test,RELATED
Ajax Framework,SPARK,RELATED,esco_sibling,val,RELATED
use technology for forensics,computer forensics,RELATED,esco_skill_relation,train,RELATED
create animated narratives,render 3D images,RELATED,esco_sibling,train,RELATED
incremental development,Spiral development,RELATED,esco_sibling,train,RELATED
prepare detailed working drawings for interior design,materials for interior design,RELATED,esco_skill_relation,test,RELATED
maintain audiovisual equipment,maintain projection equipment,RELATED,esco_sibling,val,RELATED
test microelectronics,interpret graphical recordings of rail-flaw-detection machine,RELATED,esco_sibling,test,RELATED
Figma,Grafana Labs Grafana Cloud,RELATED,onet_sibling,val,RELATED
Oracle Warehouse Builder,SQL Server Integration Services,RELATED,esco_sibling,train,RELATED
CADD software,CAD for footwear,RELATED,esco_sibling,train,RELATED
use CADD software,operate 2D CAD for footwear,RELATED,esco_sibling,test,RELATED
Oracle Java,Perl,RELATED,onet_sibling,train,RELATED
design hardware,hardware architectures,RELATED,esco_skill_relation,train,RELATED
Prolog (computer programming),Perl,RELATED,esco_sibling,train,RELATED
Informatica PowerCenter,IBM InfoSphere DataStage,RELATED,esco_sibling,test,RELATED
Project Anarchy,Frostbite (digital game creation systems),RELATED,esco_sibling,train,RELATED
operate digital printers,digital printing,RELATED,esco_skill_relation,train,RELATED
Octopus Deploy,Codenvy,RELATED,esco_sibling,train,RELATED
transfer uncut audiovisual material to computer,audiovisual equipment,RELATED,esco_skill_relation,train,RELATED
digitise documents,operate digital printers,RELATED,esco_sibling,val,RELATED
iterative development,Prince2 project management,RELATED,esco_sibling,test,RELATED
perform safety data analysis,apply statistical analysis techniques,RELATED,esco_skill_relation,train,RELATED
test ground system performance,execute software tests,RELATED,esco_sibling,train,RELATED
Java (computer programming),OpenEdge Advanced Business Language,RELATED,esco_sibling,test,RELATED
Microsoft Azure software,Microsoft Team Foundation Server,RELATED,onet_sibling,test,RELATED
Microsoft PowerShell,Microsoft Team Foundation Server,RELATED,onet_sibling,train,RELATED
manage keys for data protection,identify ICT security risks,RELATED,esco_sibling,train,RELATED
Pentaho Data Integration,IBM InfoSphere Information Server,RELATED,esco_sibling,val,RELATED
web programming,TypeScript,RELATED,esco_sibling,train,RELATED
ObjectStore,TripleStore,RELATED,esco_sibling,train,RELATED
create CAD drawings,draw sketches to develop textile articles using softwares,RELATED,esco_sibling,train,RELATED
Edmodo,Engrade,RELATED,esco_sibling,val,RELATED
respond to incidents in cloud,solve ICT system problems,RELATED,esco_sibling,train,RELATED
Oracle Database,Prometheus,RELATED,onet_sibling,train,RELATED
model medical devices,medical devices materials,RELATED,esco_skill_relation,test,RELATED
design database in the cloud,design cloud architecture,RELATED,esco_skill_relation,test,RELATED
deliver online training,provide ICT system training,RELATED,esco_sibling,train,RELATED
instruct library users in digital literacy,software components libraries,RELATED,esco_skill_relation,test,RELATED
create game testing software,perform software unit testing,RELATED,esco_sibling,test,RELATED
manage digital archives,implement data warehousing techniques,RELATED,esco_sibling,test,RELATED
Groovy,ASP.NET,RELATED,esco_sibling,train,RELATED
develop geological databases,database,RELATED,esco_skill_relation,train,RELATED
Oracle WebLogic,AJAX,RELATED,esco_sibling,train,RELATED
Pascal (computer programming),ABAP,RELATED,esco_sibling,val,RELATED
Process-based management,lean project management,RELATED,esco_sibling,train,RELATED
optimise choice of ICT solution,solve ICT system problems,RELATED,esco_sibling,train,RELATED
Haskell,Ruby (computer programming),RELATED,esco_sibling,test,RELATED
CryEngine,GameSalad,RELATED,esco_sibling,test,RELATED
use technology for forensics,forecast future ICT network needs,RELATED,esco_sibling,train,RELATED
ESRI ArcGIS software,Google Analytics,RELATED,onet_sibling,val,RELATED
manage meteorological database,design database scheme,RELATED,esco_sibling,train,RELATED
manage quantitative data,perform data analysis,RELATED,esco_skill_relation,train,RELATED
use e-services,collaborate through digital technologies,RELATED,esco_sibling,train,RELATED
ServiceNow,Transact-SQL,RELATED,onet_sibling,train,RELATED
create 3D environments,3D modelling,RELATED,esco_skill_relation,val,RELATED
analyse blood samples,test microelectronics,RELATED,esco_sibling,train,RELATED
lead disaster recovery exercises,instruct library users in digital literacy,RELATED,esco_sibling,test,RELATED
Oracle PL/SQL,Teradata Database,RELATED,onet_sibling,train,RELATED
specify digital game scenes,digital game genres,RELATED,esco_skill_relation,train,RELATED
apply statistical analysis techniques,ICT performance analysis methods,RELATED,esco_skill_relation,train,RELATED
Microsoft Power Automate,Microsoft SQL Server Integration Services SSIS,RELATED,onet_sibling,train,RELATED
hybrid model,Open source model,RELATED,esco_sibling,train,RELATED
C++,Microsoft SQL Server Reporting Services SSRS,RELATED,onet_sibling,train,RELATED
study radar images,radars,RELATED,esco_skill_relation,val,RELATED
GraphQL,Microsoft Access,RELATED,onet_sibling,train,RELATED
search databases,maintain warehouse database,RELATED,esco_sibling,val,RELATED
execute software tests,computer programming,RELATED,esco_skill_relation,train,RELATED
use electronic health records in nursing,museum databases,RELATED,esco_sibling,train,RELATED
model electromagnetic products,electromagnetic spectrum,RELATED,esco_skill_relation,val,RELATED
JavaScript Framework,Hadoop,RELATED,esco_sibling,train,RELATED
manage meteorological database,create database diagrams,RELATED,esco_sibling,train,RELATED
software components libraries,software components suppliers,RELATED,esco_skill_relation,test,RELATED
maintain sensor equipment,maintain robotic equipment,RELATED,esco_sibling,val,RELATED
C#,Groovy,RELATED,esco_sibling,val,RELATED
manage database,museum databases,RELATED,esco_skill_relation,train,RELATED
Ajax Framework,Hadoop,RELATED,esco_sibling,val,RELATED
SPARQL,LINQ,RELATED,esco_sibling,train,RELATED
PHP,Groovy,RELATED,esco_sibling,train,RELATED
analyse ecological data,forest ecology,RELATED,esco_skill_relation,test,RELATED
handle geospatial technologies,geographic information systems,RELATED,esco_skill_relation,train,RELATED
NoSQL,Oracle PL/SQL,RELATED,onet_sibling,val,RELATED
implement ICT risk management,information security strategy,RELATED,esco_skill_relation,train,RELATED
embedded systems,proxy servers,RELATED,esco_sibling,val,RELATED
create 3D environments,3D texturing,RELATED,esco_skill_relation,val,RELATED
Objective-C,C++,RELATED,esco_sibling,test,RELATED
Visual Basic,OpenEdge Advanced Business Language,RELATED,esco_sibling,train,RELATED
apply ICT terminology,technical terminology,RELATED,esco_skill_relation,train,RELATED
administer ICT system,ICT system integration,RELATED,esco_skill_relation,test,RELATED
perform forensic preservations of digital devices,computer forensics,RELATED,esco_skill_relation,train,RELATED
troubleshoot website,enhance website visibility,RELATED,esco_sibling,train,RELATED
use object-oriented programming,Java (computer programming),RELATED,esco_skill_relation,test,RELATED
align software with system architectures,software architecture models,RELATED,esco_skill_relation,test,RELATED
CryEngine,RAGE (digital game creation systems),RELATED,esco_sibling,test,RELATED
test microelectronics,transfer medical information,RELATED,esco_sibling,test,RELATED
operate stowage programmes,principles of cargo stowage,RELATED,esco_skill_relation,train,RELATED
use radar navigation,surveillance radars,RELATED,esco_skill_relation,val,RELATED
define ICT network design policies,ICT network routing,RELATED,esco_skill_relation,train,RELATED
deliver online training,provide online help,RELATED,esco_sibling,train,RELATED
SQL Server,Oracle Relational Database,RELATED,esco_sibling,train,RELATED
Apple macOS,Bash,RELATED,onet_sibling,train,RELATED
apply ICT systems theory,ICT system integration,RELATED,esco_skill_relation,train,RELATED
perform backups,implement data warehousing techniques,RELATED,esco_sibling,train,RELATED
use object-oriented programming,computer programming,RELATED,esco_skill_relation,train,RELATED
Adobe Illustrator,Microsoft Visio,RELATED,esco_sibling,val,RELATED
Procore software,SAS,RELATED,onet_sibling,train,RELATED
Sakai,Taleo,RELATED,esco_sibling,train,RELATED
ML (computer programming),C++,RELATED,esco_sibling,train,RELATED
create GIS reports,geographic information systems,RELATED,esco_skill_relation,train,RELATED
apply social media marketing,digital marketing techniques,RELATED,esco_skill_relation,val,RELATED
perform data cleansing,unstructured data,RELATED,esco_skill_relation,train,RELATED
Moodle,Taleo,RELATED,esco_sibling,train,RELATED
execute ICT user research activities,test system accessibility for users with special needs,RELATED,esco_sibling,train,RELATED
define software architecture,software architecture models,RELATED,esco_skill_relation,test,RELATED
identify ICT security risks,assessment of risks and threats,RELATED,esco_skill_relation,train,RELATED
PHP,Oracle WebLogic,RELATED,esco_sibling,train,RELATED
AJAX,Bootstrap,RELATED,onet_sibling,train,RELATED
use methods of logistical data analysis,data mining methods,RELATED,esco_skill_relation,test,RELATED
PostgreSQL,Transact-SQL,RELATED,onet_sibling,train,RELATED
provide training on e-learning,lead disaster recovery exercises,RELATED,esco_sibling,train,RELATED
LESS,JSSS,RELATED,esco_sibling,train,RELATED
analyse milk control test results,analyse gambling data,RELATED,esco_sibling,train,RELATED
manage changes in ICT system,maintain ICT server,RELATED,esco_sibling,train,RELATED
design circuits using CAD,create 3D CAD footwear prototypes,RELATED,esco_sibling,train,RELATED
migrate existing data,unstructured data,RELATED,esco_skill_relation,train,RELATED
PyTorch,ServiceNow,RELATED,onet_sibling,val,RELATED
perform online data analysis,online analytical processing,RELATED,esco_skill_relation,train,RELATED
Amazon Web Services AWS software,GraphQL,RELATED,onet_sibling,train,RELATED
JavaScript,PHP,RELATED,esco_sibling,train,RELATED
GitHub,GitLab,RELATED,onet_sibling,val,RELATED
Cascading style sheets CSS,Django,RELATED,onet_sibling,train,RELATED
Python (computer programming),Scratch (computer programming),RELATED,esco_sibling,train,RELATED
Apache Hive,Microsoft SQL Server,RELATED,onet_sibling,train,RELATED
inspect data,unstructured data,RELATED,esco_skill_relation,train,RELATED
Microsoft Visual Basic,Microsoft Visual Studio,RELATED,onet_sibling,train,RELATED
evaluate information services using metrics,analyse milk control test results,RELATED,esco_sibling,test,RELATED
C#,Microsoft SQL Server Reporting Services SSRS,RELATED,onet_sibling,val,RELATED
monitor quality of broadcasts,supervise video quality,RELATED,esco_sibling,train,RELATED
solve technical problems,identify technological needs,RELATED,esco_sibling,train,RELATED
digitise documents,manage radiology information system,RELATED,esco_sibling,val,RELATED
use software design patterns,software design methodologies,RELATED,esco_skill_relation,val,RELATED
design component interfaces,interfacing techniques,RELATED,esco_skill_relation,train,RELATED
design hardware,hardware components,RELATED,esco_skill_relation,test,RELATED
ObjectStore,MySQL,RELATED,esco_sibling,train,RELATED
manage content development projects,publishing strategy,RELATED,esco_skill_relation,train,RELATED
manage donor database,maintain freelance database,RELATED,esco_sibling,train,RELATED
test sensors,execute software tests,RELATED,esco_sibling,train,RELATED
Google Android,Linux,RELATED,onet_sibling,val,RELATED
Ruby (computer programming),Common Lisp,RELATED,esco_sibling,train,RELATED
QlikView Expressor,SAP Data Services,RELATED,esco_sibling,val,RELATED
use CADD software,create 3D CAD footwear prototypes,RELATED,esco_sibling,test,RELATED
manage digital libraries,collection management,RELATED,esco_skill_relation,train,RELATED
Prometheus,ServiceNow,RELATED,onet_sibling,train,RELATED
Microsoft Azure software,Microsoft PowerShell,RELATED,onet_sibling,test,RELATED
define ICT network design policies,network management system tools,RELATED,esco_skill_relation,val,RELATED
Microsoft Visio,Adobe Photoshop Lightroom,RELATED,esco_sibling,train,RELATED
analyse blood samples,test sensors,RELATED,esco_sibling,train,RELATED
Apache Spark,Microsoft Power BI,RELATED,onet_sibling,train,RELATED
Structured query language SQL,Yardi software,RELATED,onet_sibling,test,RELATED
use modern electronic navigational aids,celestial navigation,RELATED,esco_skill_relation,train,RELATED
NoSQL,IBM Informix,RELATED,esco_sibling,train,RELATED
create freight rate databases,search databases,RELATED,esco_sibling,train,RELATED
Pentaho Data Integration,SQL Server Integration Services,RELATED,esco_sibling,val,RELATED
work with virtual learning environments,Brightspace (learning management systems),RELATED,esco_skill_relation,train,RELATED
develop automated software tests,execute software tests,RELATED,esco_sibling,train,RELATED
provide ICT support,ICT problem management techniques,RELATED,esco_skill_relation,test,RELATED
manage meteorological database,implement data quality processes,RELATED,esco_sibling,train,RELATED
use spreadsheets software,use presentation software,RELATED,esco_sibling,train,RELATED
operate audio equipment,audio technology,RELATED,esco_skill_relation,train,RELATED
JavaScript Object Notation JSON,Microsoft ASP.NET,RELATED,onet_sibling,train,RELATED
test power electronics,execute software tests,RELATED,esco_sibling,train,RELATED
Java (computer programming),Prolog (computer programming),RELATED,esco_sibling,test,RELATED
assess ICT knowledge,analyse scanned data of the body,RELATED,esco_sibling,val,RELATED
Cain and Abel (penetration testing tool),Nessus,RELATED,esco_sibling,train,RELATED
Docker,GitHub,RELATED,onet_sibling,train,RELATED
use databases,database,RELATED,esco_skill_relation,train,RELATED
Visual Basic,Java (computer programming),RELATED,esco_sibling,train,RELATED
Sass,LESS,RELATED,esco_sibling,train,RELATED
Kubernetes,Red Hat OpenShift,RELATED,onet_sibling,train,RELATED
Oracle Java,Python,RELATED,onet_sibling,train,RELATED
mix ink,screen printing inks,RELATED,esco_skill_relation,train,RELATED
BlackBerry,iOS,RELATED,esco_sibling,train,RELATED
Hypertext markup language HTML,JavaScript Object Notation JSON,RELATED,onet_sibling,train,RELATED
design circuits using CAD,use CAD for lasts,RELATED,esco_sibling,train,RELATED
plan marketing campaigns,market entry planning,RELATED,esco_skill_relation,train,RELATED
draw sketches to develop textile articles using softwares,research and development in textiles,RELATED,esco_skill_relation,train,RELATED
analyse pipeline database information,manage flight data communications programme,RELATED,esco_sibling,val,RELATED
PHP,IBM WebSphere,RELATED,esco_sibling,train,RELATED
Python,Scala,RELATED,onet_sibling,train,RELATED
operate scanner,microchip scanners,RELATED,esco_skill_relation,train,RELATED
implement ICT recovery system,system backup best practice,RELATED,esco_skill_relation,train,RELATED
balance database resources,maintain database performance,RELATED,esco_sibling,train,RELATED
Edmodo,LAMS,RELATED,esco_sibling,val,RELATED
John The Ripper (penetration testing tool),Parrot Security OS,RELATED,esco_sibling,val,RELATED
provide training on e-learning,support ICT system users,RELATED,esco_sibling,train,RELATED
provide online help,ICT help platforms,RELATED,esco_skill_relation,test,RELATED
design computer network,ICT network cable limitations,RELATED,esco_skill_relation,train,RELATED
NoSQL,PostgreSQL,RELATED,esco_sibling,train,RELATED
manage quantitative data,analyse information processes,RELATED,esco_skill_relation,train,RELATED
develop ICT test suite,tools for ICT test automation,RELATED,esco_skill_relation,val,RELATED
supervise video quality,video-games functionalities,RELATED,esco_skill_relation,train,RELATED
BlackArch,Wireshark,RELATED,esco_sibling,train,RELATED
Oracle Primavera Enterprise Project Portfolio Management,SAP ERP,RELATED,onet_sibling,val,RELATED
PHP,C#,RELATED,esco_sibling,train,RELATED
perform data mining,unstructured data,RELATED,esco_skill_relation,test,RELATED
WhiteHat Sentinel,Nexpose,RELATED,esco_sibling,val,RELATED
maintain broadcast equipment,maintain projection equipment,RELATED,esco_sibling,test,RELATED
Informatica PowerCenter,Oracle Warehouse Builder,RELATED,esco_sibling,test,RELATED
Swift (computer programming),Python (computer programming),RELATED,esco_sibling,train,RELATED
search databases,database,RELATED,esco_skill_relation,train,RELATED
analyse big data,analyse blood samples,RELATED,esco_sibling,train,RELATED
develop animations,graphic design,RELATED,esco_skill_relation,val,RELATED
APL,CoffeeScript,RELATED,esco_sibling,train,RELATED
Eclipse IDE,Go,RELATED,onet_sibling,train,RELATED
Apple iOS,Bash,RELATED,onet_sibling,train,RELATED
create database diagrams,create freight rate databases,RELATED,esco_sibling,test,RELATED
design computer network,network management system tools,RELATED,esco_skill_relation,val,RELATED
output electronic files,operate digital printers,RELATED,esco_sibling,train,RELATED
design database in the cloud,design database backup specifications,RELATED,esco_skill_relation,train,RELATED
design database in the cloud,design database scheme,RELATED,esco_skill_relation,test,RELATED
define database physical structure,data storage,RELATED,esco_skill_relation,train,RELATED
evaluate translation technologies,machine translation,RELATED,esco_skill_relation,train,RELATED
align software with system architectures,embedded systems,RELATED,esco_skill_relation,val,RELATED
provide ICT system training,support ICT system users,RELATED,esco_sibling,train,RELATED
IBM InfoSphere Information Server,SAP Data Services,RELATED,esco_sibling,train,RELATED
Oracle WebLogic,IBM WebSphere,RELATED,esco_sibling,train,RELATED
Google Android,Microsoft Windows,RELATED,onet_sibling,val,RELATED
adjust ICT system capacity,ICT network simulation,RELATED,esco_skill_relation,val,RELATED
Oracle PeopleSoft,Oracle Primavera Enterprise Project Portfolio Management,RELATED,onet_sibling,val,RELATED
implement data quality processes,create database diagrams,RELATED,esco_sibling,train,RELATED
Brightspace (learning management systems),Sakai,RELATED,esco_sibling,train,RELATED
process data from railway control rooms,digitise documents,RELATED,esco_sibling,train,RELATED
design process,deburring processes,RELATED,esco_skill_relation,train,RELATED
iOS,Android (mobile operating systems),RELATED,esco_sibling,train,RELATED
design computer network,ICT security legislation,RELATED,esco_skill_relation,train,RELATED
create concept of digital game,digital game creation systems,RELATED,esco_skill_relation,train,RELATED
Sass,JSSS,RELATED,esco_sibling,train,RELATED
Visual Basic,Prolog (computer programming),RELATED,esco_sibling,train,RELATED
support audio system installation,troubleshoot website,RELATED,esco_sibling,train,RELATED
create 3D CAD footwear prototypes,use CAD for lasts,RELATED,esco_sibling,train,RELATED
manage quantitative data,analyse big data,RELATED,esco_skill_relation,train,RELATED
attend to ICT systems quality,systems theory,RELATED,esco_skill_relation,val,RELATED
Perl,Assembly (computer programming),RELATED,esco_sibling,test,RELATED
Oracle Database,PyTorch,RELATED,onet_sibling,train,RELATED
provide guidelines for content development,content development processes,RELATED,esco_skill_relation,train,RELATED
support ICT system users,instruct library users in digital literacy,RELATED,esco_sibling,train,RELATED
Apple Safari,Mozilla Firefox,RELATED,onet_sibling,train,RELATED
Spring Framework,Vue.js,RELATED,onet_sibling,train,RELATED
create animated narratives,convert into animated object,RELATED,esco_sibling,train,RELATED
Django,Google Angular,RELATED,onet_sibling,train,RELATED
have computer literacy,computer equipment,RELATED,esco_skill_relation,test,RELATED
SPARQL,LDAP,RELATED,esco_sibling,train,RELATED
analyse blood samples,blood transfusion,RELATED,esco_skill_relation,train,RELATED
analyse ecological data,analyse milk control test results,RELATED,esco_sibling,test,RELATED
Samurai Web Testing Framework,Nexpose,RELATED,esco_sibling,train,RELATED
identify ICT security risks,ICT network security risks,RELATED,esco_skill_relation,train,RELATED
distribute control signals,signal box parts,RELATED,esco_skill_relation,train,RELATED
support ICT system users,lead disaster recovery exercises,RELATED,esco_sibling,train,RELATED
Metasploit,Kali Linux,RELATED,esco_sibling,train,RELATED
Apache Spark,Google Looker Analytics,RELATED,onet_sibling,train,RELATED
perform online data analysis,use specific data analysis software,RELATED,esco_sibling,train,RELATED
TypeScript,Objective-C,RELATED,esco_sibling,test,RELATED
design information system,ICT infrastructure,RELATED,esco_skill_relation,test,RELATED
translate requirement concepts into content,publishing strategy,RELATED,esco_skill_relation,train,RELATED
debug software,software anomalies,RELATED,esco_skill_relation,train,RELATED
supervise video and motion picture editing team,oversee clinical information system activities,RELATED,esco_sibling,train,RELATED
set up tote board,configuration of the tote room hardware,RELATED,esco_skill_relation,train,RELATED
Moodle,Canvas (learning management systems),RELATED,esco_sibling,train,RELATED
use concurrent programming,computer programming,RELATED,esco_skill_relation,train,RELATED
manage radiology information system,manage meteorological database,RELATED,esco_sibling,train,RELATED
gather data,analyse scanned data of the body,RELATED,esco_sibling,train,RELATED
Google Looker Analytics,Microsoft Power BI,RELATED,onet_sibling,train,RELATED
C++,MATLAB,RELATED,esco_sibling,train,RELATED
Oracle Data Integrator,Pentaho Data Integration,RELATED,esco_sibling,train,RELATED
maintain sensor equipment,maintain audiovisual equipment,RELATED,esco_sibling,val,RELATED
create 3D environments,render 3D images,RELATED,esco_sibling,val,RELATED
Backbox (penetration testing tool),BlackArch,RELATED,esco_sibling,train,RELATED
Waterfall development,Process-based management,RELATED,esco_sibling,test,RELATED
set scanner controls,microchip scanners,RELATED,esco_skill_relation,train,RELATED
XQuery,resource description framework query language,RELATED,esco_sibling,val,RELATED
Apache Tomcat,Bootstrap,RELATED,onet_sibling,train,RELATED
Xcode,Microsoft Visual C++,RELATED,esco_sibling,train,RELATED
Python (computer programming),VBScript,RELATED,esco_sibling,train,RELATED
Process-based management,Prototyping development,RELATED,esco_sibling,train,RELATED
lean project management,Prototyping development,RELATED,esco_sibling,train,RELATED
create software design,software interaction design,RELATED,esco_skill_relation,test,RELATED
report live online,log transmitter readings,RELATED,esco_sibling,train,RELATED
web programming,CoffeeScript,RELATED,esco_sibling,train,RELATED
Prolog (computer programming),OpenEdge Advanced Business Language,RELATED,esco_sibling,train,RELATED
implement cloud security and compliance,perform ICT security testing,RELATED,esco_sibling,train,RELATED
BlackArch,Samurai Web Testing Framework,RELATED,esco_sibling,train,RELATED
create 3D environments,create 3D characters,RELATED,esco_sibling,val,RELATED
calculate costs of repair operations,maintain freelance database,RELATED,esco_sibling,val,RELATED
id Tech,HeroEngine,RELATED,esco_sibling,val,RELATED
plan software testing,tools for ICT test automation,RELATED,esco_skill_relation,test,RELATED
maintain freelance database,use software for data preservation,RELATED,esco_sibling,train,RELATED
iterative development,Waterfall development,RELATED,esco_sibling,test,RELATED
use e-procurement,work with e-services available to citizens,RELATED,esco_sibling,train,RELATED
DB2,Microsoft Access,RELATED,esco_sibling,train,RELATED
Codenvy,Puppet (tools for software configuration management),RELATED,esco_sibling,train,RELATED
TripleStore,PostgreSQL,RELATED,esco_sibling,train,RELATED
ML (computer programming),AJAX,RELATED,esco_sibling,train,RELATED
Ruby (computer programming),Lisp,RELATED,esco_sibling,train,RELATED
design circuit boards,integrated circuits,RELATED,esco_skill_relation,train,RELATED
maintain freelance database,use data processing techniques,RELATED,esco_sibling,train,RELATED
design ICT hardware placement,ICT networking hardware,RELATED,esco_skill_relation,val,RELATED
create data sets,search databases,RELATED,esco_sibling,val,RELATED
Microsoft Visio,Synfig,RELATED,esco_sibling,train,RELATED
manage meteorological database,aviation meteorology,RELATED,esco_skill_relation,train,RELATED
ICT networking hardware,proxy servers,RELATED,esco_skill_relation,val,RELATED
use CAD for soles,design circuits using CAD,RELATED,esco_sibling,train,RELATED
use software tools for site modelling,data models,RELATED,esco_skill_relation,train,RELATED
analyse ecological data,manage flight data communications programme,RELATED,esco_sibling,test,RELATED
WordPress,Joomla,RELATED,esco_sibling,train,RELATED
create 3D characters,render 3D images,RELATED,esco_sibling,val,RELATED
implement front-end website design,usability engineering,RELATED,esco_skill_relation,test,RELATED
process data from railway control rooms,use methods of logistical data analysis,RELATED,esco_sibling,train,RELATED
React,Spring Framework,RELATED,onet_sibling,test,RELATED
create data sets,create freight rate databases,RELATED,esco_sibling,val,RELATED
propose ICT solutions to business problems,solve ICT system problems,RELATED,esco_sibling,train,RELATED
operate two-way radio systems,operate remote broadcast equipment,RELATED,esco_sibling,train,RELATED
test sensors,smoke sensors,RELATED,esco_skill_relation,train,RELATED
Amazon Redshift,Apache Hive,RELATED,onet_sibling,train,RELATED
collect real-time geolocation information,collect ICT data,RELATED,esco_sibling,train,RELATED
use meteorological tools to forecast meteorological conditions,meteorology,RELATED,esco_skill_relation,train,RELATED
use databases,database management systems,RELATED,esco_skill_relation,train,RELATED
Assembly (computer programming),C#,RELATED,esco_sibling,train,RELATED
collaborate through digital technologies,use online tools to collaborate,RELATED,esco_sibling,test,RELATED
Microsoft Active Server Pages ASP,PHP,RELATED,onet_sibling,train,RELATED
use object-oriented programming,C++,RELATED,esco_skill_relation,train,RELATED
manage digital libraries,perform backups,RELATED,esco_sibling,train,RELATED
establish an ICT security prevention plan,ICT security standards,RELATED,esco_skill_relation,train,RELATED
install blinds drive systems,mechanical systems,RELATED,esco_skill_relation,test,RELATED
maintain information network hardware,information architecture,RELATED,esco_skill_relation,train,RELATED
collaborate through digital technologies,interact through digital technologies,RELATED,esco_sibling,test,RELATED
C++,Oracle Java,RELATED,onet_sibling,train,RELATED
perform online data analysis,digitise documents,RELATED,esco_sibling,train,RELATED
SQL Server Integration Services,QlikView Expressor,RELATED,esco_sibling,train,RELATED
design database scheme,database development tools,RELATED,esco_skill_relation,test,RELATED
Microsoft Power Platform software,Microsoft SQL Server Integration Services SSIS,RELATED,onet_sibling,train,RELATED
use 3D scanners for clothing,microchip scanners,RELATED,esco_skill_relation,train,RELATED
manage quantitative data,gather data,RELATED,esco_skill_relation,train,RELATED
do cloud refactoring,configure ICT system,RELATED,esco_sibling,val,RELATED
execute integration testing,tools for ICT test automation,RELATED,esco_skill_relation,train,RELATED
evaluate information services using metrics,analyse information systems,RELATED,esco_sibling,test,RELATED
Microsoft Project,Microsoft Teams,RELATED,onet_sibling,train,RELATED
execute software tests,perform ICT security testing,RELATED,esco_sibling,val,RELATED
Atlassian JIRA,Microsoft Project,RELATED,onet_sibling,train,RELATED
Rapid application development,lean project management,RELATED,esco_sibling,train,RELATED
translate requirement concepts into content,digitise documents,RELATED,esco_sibling,train,RELATED
use radar navigation,radars,RELATED,esco_skill_relation,val,RELATED
APL,TypeScript,RELATED,esco_sibling,train,RELATED
search databases,museum databases,RELATED,esco_sibling,val,RELATED
migrate existing data,data mining,RELATED,esco_skill_relation,train,RELATED
RAGE (digital game creation systems),Shiva (digital game creation systems),RELATED,esco_sibling,train,RELATED
manage cloud data and storage,maintain database performance,RELATED,esco_sibling,train,RELATED
plan digital marketing,marketing principles,RELATED,esco_skill_relation,test,RELATED
provide training on e-learning,instruct library users in digital literacy,RELATED,esco_sibling,train,RELATED
Source (digital game creation systems),Unity (digital game creation systems),RELATED,esco_sibling,train,RELATED
perform safety data analysis,test computer hardware,RELATED,esco_sibling,train,RELATED
Codenvy,STAF,RELATED,esco_sibling,train,RELATED
WildFly,AJAX,RELATED,esco_sibling,train,RELATED
computer forensics,ICT recovery techniques,RELATED,esco_skill_relation,train,RELATED
translate requirements into visual design,graphics editor software,RELATED,esco_sibling,test,RELATED
Schoology,Brightspace (learning management systems),RELATED,esco_sibling,val,RELATED
use functional programming,Lisp,RELATED,esco_skill_relation,train,RELATED
SPARQL,N1QL,RELATED,esco_sibling,train,RELATED
Perl,Smalltalk (computer programming),RELATED,esco_sibling,test,RELATED
use e-services,use online tools to collaborate,RELATED,esco_sibling,train,RELATED
use microsoft office,Microsoft Access,RELATED,esco_skill_relation,train,RELATED
use CADD software,create CAD drawings,RELATED,esco_sibling,test,RELATED
manage ICT data architecture,information architecture,RELATED,esco_skill_relation,train,RELATED
perform online data analysis,process data from railway control rooms,RELATED,esco_sibling,train,RELATED
have computer literacy,computer history,RELATED,esco_skill_relation,val,RELATED
use water navigation devices,celestial navigation,RELATED,esco_skill_relation,train,RELATED
use logic programming,Prolog (computer programming),RELATED,esco_skill_relation,train,RELATED
Apache Hadoop,Apache Hive,RELATED,onet_sibling,train,RELATED
Brightspace (learning management systems),Litmos,RELATED,esco_sibling,train,RELATED
Shell script,UNIX Shell,RELATED,onet_sibling,train,RELATED
normalise data,unstructured data,RELATED,esco_skill_relation,train,RELATED
execute ICT user research activities,ICT system user requirements,RELATED,esco_skill_relation,train,RELATED
Common Lisp,Java (computer programming),RELATED,esco_sibling,val,RELATED
perform online data analysis,analyse big data,RELATED,esco_sibling,train,RELATED
MySQL,Prometheus,RELATED,onet_sibling,test,RELATED
perform ICT troubleshooting,solve ICT system problems,RELATED,esco_sibling,test,RELATED
operate tote board,configuration of the tote room hardware,RELATED,esco_skill_relation,train,RELATED
use reservoir surveillance,manufacturing of metal containers,RELATED,esco_skill_relation,train,RELATED
create 3D environments,rig 3D characters,RELATED,esco_sibling,val,RELATED
optimise choice of ICT solution,perform ICT troubleshooting,RELATED,esco_sibling,train,RELATED
design sensors,reed sensors,RELATED,esco_skill_relation,train,RELATED
creatively use digital technologies,identify digital competence gaps,RELATED,esco_sibling,test,RELATED
KDevelop,Xcode,RELATED,esco_sibling,train,RELATED
MATLAB,Python (computer programming),RELATED,esco_sibling,train,RELATED
learning technologies,learning management systems,RELATED,esco_skill_relation,test,RELATED
OpenEdge Advanced Business Language,JavaScript,RELATED,esco_sibling,test,RELATED
create 3D characters,3D modelling,RELATED,esco_skill_relation,val,RELATED
IBM Informix,SQL Server,RELATED,esco_sibling,test,RELATED
ASP.NET,web programming,RELATED,esco_sibling,train,RELATED
modify textile designs,textile industry,RELATED,esco_skill_relation,val,RELATED
Cain and Abel (penetration testing tool),Metasploit,RELATED,esco_sibling,train,RELATED
cloud security and compliance,cloud monitoring and reporting,RELATED,esco_sibling,train,RELATED
SQL Server Integration Services,IBM InfoSphere Information Server,RELATED,esco_sibling,train,RELATED
manage ICT semantic integration,information structure,RELATED,esco_skill_relation,train,RELATED
prepare visual data,crane load charts,RELATED,esco_skill_relation,train,RELATED
study website behaviour patterns,web analytics,RELATED,esco_skill_relation,train,RELATED
XQuery,SQL,RELATED,esco_sibling,val,RELATED
manage disaster recovery plans,ICT recovery techniques,RELATED,esco_skill_relation,test,RELATED
GitHub,Kubernetes,RELATED,onet_sibling,val,RELATED
develop ICT test suite,perform software recovery testing,RELATED,esco_sibling,val,RELATED
Smalltalk (computer programming),PHP,RELATED,esco_sibling,train,RELATED
Cain and Abel (penetration testing tool),OWASP ZAP,RELATED,esco_sibling,train,RELATED
protect ICT devices,data protection,RELATED,esco_skill_relation,val,RELATED
debug software,ICT debugging tools,RELATED,esco_skill_relation,train,RELATED
maintain warehouse database,supervise data entry,RELATED,esco_sibling,train,RELATED
Vagrant,Salt (tools for software configuration management),RELATED,esco_sibling,train,RELATED
develop food scanner devices,traceability in food industry,RELATED,esco_skill_relation,train,RELATED
maintain sensor equipment,maintain broadcast equipment,RELATED,esco_sibling,val,RELATED
ServiceNow,Structured query language SQL,RELATED,onet_sibling,train,RELATED
develop e-learning plan,standards for web-based e-learning,RELATED,esco_skill_relation,train,RELATED
Adobe Illustrator,SketchBook Pro,RELATED,esco_sibling,val,RELATED
use software for data preservation,manage digital archives,RELATED,esco_sibling,train,RELATED
Oracle Data Integrator,IBM InfoSphere Information Server,RELATED,esco_sibling,train,RELATED
Microsoft Visual Basic for Applications VBA,Microsoft Visual Studio,RELATED,onet_sibling,test,RELATED
use online tools to collaborate,interact through digital technologies,RELATED,esco_sibling,train,RELATED
balance database resources,museum databases,RELATED,esco_sibling,train,RELATED
design computer network,ICT network simulation,RELATED,esco_skill_relation,train,RELATED
support audio system installation,solve ICT system problems,RELATED,esco_sibling,train,RELATED
JUnit,Selenium,RELATED,onet_sibling,train,RELATED
Hibernate ORM,Transact-SQL,RELATED,onet_sibling,test,RELATED
ensure adherence to organisational ICT standards,ICT security standards,RELATED,esco_skill_relation,train,RELATED
attend to ICT systems quality,supervise video quality,RELATED,esco_sibling,val,RELATED
attend to ICT systems quality,ICT system integration,RELATED,esco_skill_relation,train,RELATED
CA Datacom/DB,MarkLogic,RELATED,esco_sibling,train,RELATED
Node.js,PHP,RELATED,onet_sibling,train,RELATED
maintain robotic equipment,maintain projection equipment,RELATED,esco_sibling,train,RELATED
create online news content,provide multimedia content,RELATED,esco_sibling,train,RELATED
Scala,Swift,RELATED,onet_sibling,train,RELATED
operate 2D CAD for footwear,design circuits using CAD,RELATED,esco_sibling,train,RELATED
"data extraction, transformation and loading tools",information extraction,RELATED,esco_skill_relation,train,RELATED
IBM SPSS Statistics,SAS,RELATED,onet_sibling,train,RELATED
use e-health and mobile health technologies,use e-procurement,RELATED,esco_sibling,train,RELATED
MySQL,Oracle Database,RELATED,onet_sibling,test,RELATED
R,Swift,RELATED,onet_sibling,test,RELATED
optimise choice of ICT solution,identify ICT security risks,RELATED,esco_sibling,train,RELATED
execute software tests,systems development life-cycle,RELATED,esco_skill_relation,train,RELATED
use e-services,share through digital technologies,RELATED,esco_sibling,train,RELATED
manage ICT semantic integration,semantics,RELATED,esco_skill_relation,test,RELATED
create database diagrams,maintain database performance,RELATED,esco_sibling,test,RELATED
configure ICT system,ICT system user requirements,RELATED,esco_skill_relation,train,RELATED
SAS,TensorFlow,RELATED,onet_sibling,train,RELATED
develop automated software tests,perform software unit testing,RELATED,esco_sibling,train,RELATED
analyse ecological data,aquatic ecology,RELATED,esco_skill_relation,train,RELATED
perform software recovery testing,ICT recovery techniques,RELATED,esco_skill_relation,train,RELATED
analyse scanned data of the body,analyse gambling data,RELATED,esco_sibling,val,RELATED
Apache Tomcat,PHP,RELATED,esco_sibling,train,RELATED
Chef,IBM Terraform,RELATED,onet_sibling,train,RELATED
Perl,PHP,RELATED,esco_sibling,test,RELATED
use scripting programming,Python (computer programming),RELATED,esco_skill_relation,test,RELATED
LDAP,N1QL,RELATED,esco_sibling,train,RELATED
attend to ICT systems quality,apply ICT systems theory,RELATED,esco_skill_relation,val,RELATED
create 3D texture map,3D texturing,RELATED,esco_skill_relation,test,RELATED
JSSS,CSS,RELATED,esco_sibling,train,RELATED
manage online communications,use internet chat,RELATED,esco_sibling,train,RELATED
adjust ICT system capacity,ICT network routing,RELATED,esco_skill_relation,train,RELATED
balance database resources,manage cloud data and storage,RELATED,esco_sibling,train,RELATED
Sass,CSS,RELATED,esco_sibling,train,RELATED
translate requirements into visual design,graphic design,RELATED,esco_skill_relation,test,RELATED
analyse network bandwidth requirements,ICT network routing,RELATED,esco_skill_relation,train,RELATED
operate signal generator,signal processing,RELATED,esco_skill_relation,train,RELATED
perform online data analysis,web analytics,RELATED,esco_skill_relation,train,RELATED
implement ICT risk management,ICT security standards,RELATED,esco_skill_relation,train,RELATED
use IT tools,network management system tools,RELATED,esco_skill_relation,val,RELATED
integrate content into output media,social media management,RELATED,esco_skill_relation,test,RELATED
Microsoft SQL Server,MongoDB,RELATED,onet_sibling,train,RELATED
use data processing techniques,use software for data preservation,RELATED,esco_sibling,train,RELATED
evaluate information services using metrics,search databases,RELATED,esco_sibling,test,RELATED
operate 3D computer graphics software,graphic design,RELATED,esco_skill_relation,val,RELATED
design database backup specifications,system backup best practice,RELATED,esco_skill_relation,train,RELATED
Microsoft SQL Server,MySQL,RELATED,onet_sibling,train,RELATED
apply control process statistical methods,statistics,RELATED,esco_skill_relation,train,RELATED
manage library users queries,search databases,RELATED,esco_sibling,train,RELATED
Salt (tools for software configuration management),Jenkins (tools for software configuration management),RELATED,esco_sibling,test,RELATED
interpret automatic call distribution data,data models,RELATED,esco_skill_relation,val,RELATED
MongoDB,MySQL,RELATED,onet_sibling,train,RELATED
perform backups,manage digital archives,RELATED,esco_sibling,train,RELATED
assemble telecommunications devices,telecommunications engineering,RELATED,esco_skill_relation,train,RELATED
manage IT security compliances,ICT security standards,RELATED,esco_skill_relation,train,RELATED
C,Eclipse IDE,RELATED,onet_sibling,val,RELATED
WizIQ,Schoology,RELATED,esco_sibling,train,RELATED
identify ICT security risks,ICT security standards,RELATED,esco_skill_relation,train,RELATED
WizIQ,Engrade,RELATED,esco_sibling,train,RELATED
provide ICT system training,lead disaster recovery exercises,RELATED,esco_sibling,train,RELATED
PostgreSQL,Filemaker (database management systems),RELATED,esco_sibling,train,RELATED
use technology for forensics,forensic intelligence,RELATED,esco_skill_relation,train,RELATED
develop geological databases,create database diagrams,RELATED,esco_sibling,test,RELATED
Schoology,LAMS,RELATED,esco_sibling,val,RELATED
Lisp,Java (computer programming),RELATED,esco_sibling,train,RELATED
Microsoft Teams,Oracle Primavera Enterprise Project Portfolio Management,RELATED,onet_sibling,train,RELATED
identify GIS issues,geographic information systems,RELATED,esco_skill_relation,train,RELATED
Absorb (learning management systems),Engrade,RELATED,esco_sibling,train,RELATED
Prototyping development,DevOps,RELATED,esco_sibling,train,RELATED
estimate costs of installing telecommunication devices,concepts of telecommunications,RELATED,esco_skill_relation,train,RELATED
maintain freelance database,use mathematical tools and equipment,RELATED,esco_sibling,train,RELATED
Grovo,Sakai,RELATED,esco_sibling,test,RELATED
STAF,Vagrant,RELATED,esco_sibling,val,RELATED
assemble video tape footage,tape transcription,RELATED,esco_skill_relation,val,RELATED
create a product's virtual model,CAE software,RELATED,esco_skill_relation,train,RELATED
tend CNC laser cutting machine,lasers,RELATED,esco_skill_relation,train,RELATED
John The Ripper (penetration testing tool),BlackArch,RELATED,esco_sibling,val,RELATED
maintain ICT server,proxy servers,RELATED,esco_skill_relation,val,RELATED
use access control software,building's electronic access equipment,RELATED,esco_skill_relation,train,RELATED
analyse scanned data of the body,3D body scanning technologies,RELATED,esco_skill_relation,val,RELATED
tend CNC milling machine,milling machines,RELATED,esco_skill_relation,train,RELATED
tend CNC grinding machine,parts of a surface grinding machine,RELATED,esco_skill_relation,val,RELATED
provide software testing documentation,levels of software testing,RELATED,esco_skill_relation,train,RELATED
Amazon Redshift,Amazon Web Services AWS software,RELATED,onet_sibling,train,RELATED
interpret graphical recordings of rail-flaw-detection machine,test computer hardware,RELATED,esco_sibling,train,RELATED
perform safety data analysis,transfer medical information,RELATED,esco_sibling,train,RELATED
manage radiology information system,database management systems,RELATED,esco_skill_relation,train,RELATED
use data processing techniques,perform data mining,RELATED,esco_sibling,train,RELATED
model sensor,infrared sensors,RELATED,esco_skill_relation,train,RELATED
manage flight data communications programme,evaluate information services using metrics,RELATED,esco_sibling,test,RELATED
electronic and telecommunication equipment,computer equipment,RELATED,esco_sibling,train,RELATED
use internet to increase sales,ICT sales methodologies,RELATED,esco_skill_relation,val,RELATED
perform ICT troubleshooting,identify ICT security risks,RELATED,esco_sibling,test,RELATED
use specific data analysis software,statistical analysis system software,RELATED,esco_skill_relation,train,RELATED
assess ICT knowledge,use data processing techniques,RELATED,esco_sibling,val,RELATED
optimise fleet usability,manage vehicle inventory,RELATED,esco_skill_relation,train,RELATED
Apple macOS,Google Android,RELATED,onet_sibling,train,RELATED
Shell script,UNIX,RELATED,onet_sibling,train,RELATED
IBM WebSphere MQ,Splunk Enterprise,RELATED,onet_sibling,train,RELATED
APL,web programming,RELATED,esco_sibling,train,RELATED
Oracle PeopleSoft,SAP ERP,RELATED,onet_sibling,val,RELATED
Red Hat Enterprise Linux,Shell script,RELATED,onet_sibling,train,RELATED
integrate content into output media,publishing strategy,RELATED,esco_skill_relation,val,RELATED
administer ICT system,analyse network configuration and performance,RELATED,esco_sibling,test,RELATED
wire security sensors,infrared sensors,RELATED,esco_skill_relation,train,RELATED
configure ICT system,ICT system integration,RELATED,esco_skill_relation,train,RELATED
use creative suite software,graphics editor software,RELATED,esco_skill_relation,test,RELATED
contribute to development of biometric systems,biometrics,RELATED,esco_skill_relation,test,RELATED
Adobe Photoshop,SketchBook Pro,RELATED,esco_sibling,train,RELATED
support audio system installation,respond to incidents in cloud,RELATED,esco_sibling,train,RELATED
use agricultural information systems and databases,database,RELATED,esco_skill_relation,train,RELATED
design user interface,use methodologies for user-centered design,RELATED,esco_skill_relation,train,RELATED
Scratch (computer programming),COBOL,RELATED,esco_sibling,train,RELATED
search databases,use electronic health records in nursing,RELATED,esco_sibling,val,RELATED
Atlassian Confluence,Microsoft Project,RELATED,onet_sibling,test,RELATED
use functional programming,computer programming,RELATED,esco_skill_relation,train,RELATED
Apache Tomcat,Cascading style sheets CSS,RELATED,onet_sibling,train,RELATED
collect ICT data,collect data using GPS,RELATED,esco_sibling,train,RELATED
migrate existing data,data storage,RELATED,esco_skill_relation,train,RELATED
plan migration to cloud,do cloud refactoring,RELATED,esco_sibling,test,RELATED
maintain pricing database,manage radiology information system,RELATED,esco_sibling,train,RELATED
monitor quality of broadcasts,attend to ICT systems quality,RELATED,esco_sibling,train,RELATED
operate radio equipment,operate port communications systems,RELATED,esco_sibling,val,RELATED
Wireshark,WhiteHat Sentinel,RELATED,esco_sibling,val,RELATED
manage digital libraries,use data processing techniques,RELATED,esco_sibling,train,RELATED
test computer hardware,hardware testing methods,RELATED,esco_skill_relation,train,RELATED
specify digital game scenes,digital game creation systems,RELATED,esco_skill_relation,train,RELATED
analyse pipeline database information,evaluate information services using metrics,RELATED,esco_sibling,val,RELATED
Hypertext markup language HTML,JavaScript,RELATED,onet_sibling,train,RELATED
share through digital technologies,use online tools to collaborate,RELATED,esco_sibling,train,RELATED
LAMS,Litmos,RELATED,esco_sibling,train,RELATED
manage data collection systems,collection management,RELATED,esco_skill_relation,train,RELATED
LAMS,Brightspace (learning management systems),RELATED,esco_sibling,train,RELATED
Haskell,Erlang,RELATED,esco_sibling,test,RELATED
Microsoft Windows Server,Spring Boot,RELATED,onet_sibling,train,RELATED
DB2,ObjectStore,RELATED,esco_sibling,train,RELATED
identify ICT security risks,web application security threats,RELATED,esco_skill_relation,train,RELATED
convert into animated object,principles of animation,RELATED,esco_skill_relation,val,RELATED
implement data quality processes,unstructured data,RELATED,esco_skill_relation,train,RELATED
Edmodo,Schoology,RELATED,esco_sibling,val,RELATED
Microsoft Access,Microsoft SQL Server,RELATED,onet_sibling,train,RELATED
GameSalad,HeroEngine,RELATED,esco_sibling,train,RELATED
Scratch (computer programming),Pascal (computer programming),RELATED,esco_sibling,train,RELATED
TypeScript,ML (computer programming),RELATED,esco_sibling,test,RELATED
Microsoft Windows,Red Hat Enterprise Linux,RELATED,onet_sibling,train,RELATED
ObjectStore,NoSQL,RELATED,esco_sibling,train,RELATED
Red Hat OpenShift,Spring Boot,RELATED,onet_sibling,train,RELATED
integrate system components,ICT system integration,RELATED,esco_skill_relation,train,RELATED
design user interface,interfacing techniques,RELATED,esco_skill_relation,train,RELATED
use functional programming,Haskell,RELATED,esco_skill_relation,test,RELATED
JavaScript Framework,SPARK,RELATED,esco_sibling,train,RELATED
install mechatronic equipment,mechatronics,RELATED,esco_skill_relation,test,RELATED
model electromagnetic products,electromagnets,RELATED,esco_skill_relation,val,RELATED
attend to ICT systems quality,quality control systems,RELATED,esco_sibling,val,RELATED
define software architecture,embedded systems,RELATED,esco_skill_relation,val,RELATED
model sensor,smoke sensors,RELATED,esco_skill_relation,train,RELATED
ML (computer programming),SAP R3,RELATED,esco_sibling,train,RELATED
maintain sensor equipment,glass breakage sensors,RELATED,esco_skill_relation,val,RELATED
innovate in ICT,innovation processes,RELATED,esco_skill_relation,train,RELATED
Apache Subversion SVN,Eclipse IDE,RELATED,onet_sibling,test,RELATED
GraphQL,IBM DB2,RELATED,onet_sibling,train,RELATED
deliver online training,standards for web-based e-learning,RELATED,esco_skill_relation,train,RELATED
incremental development,Agile project management,RELATED,esco_sibling,train,RELATED
search databases,inspect data,RELATED,esco_sibling,val,RELATED
manage quantitative data,inspect data,RELATED,esco_skill_relation,train,RELATED
apply social media marketing,social media management,RELATED,esco_skill_relation,test,RELATED
create digital files,output electronic files,RELATED,esco_sibling,train,RELATED
manage production systems,lead disaster recovery exercises,RELATED,esco_sibling,train,RELATED
Rapid application development,Process-based management,RELATED,esco_sibling,train,RELATED
JavaScript,IBM WebSphere,RELATED,esco_sibling,train,RELATED
render 3D images,3D modelling,RELATED,esco_skill_relation,train,RELATED
use analytics for commercial purposes,web analytics,RELATED,esco_skill_relation,train,RELATED
maintain audiovisual equipment,maintain robotic equipment,RELATED,esco_sibling,val,RELATED
SAP R3,MATLAB,RELATED,esco_sibling,train,RELATED
Teradata Database,Oracle Relational Database,RELATED,esco_sibling,train,RELATED
cut raw footage digitally,music and video industry,RELATED,esco_skill_relation,test,RELATED
operate medical imaging equipment,medical imaging technology,RELATED,esco_skill_relation,val,RELATED
manage closed-circuit television system,surveillance methods,RELATED,esco_skill_relation,train,RELATED
model electromagnetic products,electromagnetism,RELATED,esco_skill_relation,train,RELATED
convert into animated object,create moving images,RELATED,esco_sibling,val,RELATED
install image equipment,projection equipment,RELATED,esco_skill_relation,train,RELATED
provide ICT system training,provide training on e-learning,RELATED,esco_sibling,train,RELATED
deliver online training,provide training on e-learning,RELATED,esco_sibling,train,RELATED
oversee clinical information system activities,lead disaster recovery exercises,RELATED,esco_sibling,train,RELATED
use interface description language,resource description framework query language,RELATED,esco_skill_relation,train,RELATED
CryEngine,Shiva (digital game creation systems),RELATED,esco_sibling,test,RELATED
IBM Terraform,Puppet,RELATED,onet_sibling,train,RELATED
Objective-C,AJAX,RELATED,esco_sibling,test,RELATED
transfer medical information,test computer hardware,RELATED,esco_sibling,train,RELATED
Apache Tomcat,JavaScript,RELATED,esco_sibling,train,RELATED
design user interface,mobile device software frameworks,RELATED,esco_skill_relation,val,RELATED
use data processing techniques,search databases,RELATED,esco_sibling,train,RELATED
measure software usability,application usability,RELATED,esco_skill_relation,train,RELATED
create database diagrams,database development tools,RELATED,esco_skill_relation,test,RELATED
Gamemaker Studio,Unity (digital game creation systems),RELATED,esco_sibling,val,RELATED
cyber security,cyber attack counter-measures,RELATED,esco_skill_relation,train,RELATED
oversee clinical information system activities,manage production systems,RELATED,esco_sibling,train,RELATED
modify textile designs,textile technologies,RELATED,esco_skill_relation,train,RELATED
edit recorded sound,audio editing software,RELATED,esco_skill_relation,test,RELATED
share through digital technologies,interact through digital technologies,RELATED,esco_sibling,train,RELATED
use radar navigation,coordinate the allocation of Mode S radars to Interrogator Codes,RELATED,esco_sibling,val,RELATED
operate radar equipment,surveillance radars,RELATED,esco_skill_relation,val,RELATED
conduct search engine optimisation,search engines,RELATED,esco_skill_relation,train,RELATED
use IT tools,"data extraction, transformation and loading tools",RELATED,esco_skill_relation,val,RELATED
program firmware,computer programming,RELATED,esco_skill_relation,train,RELATED
manage radiology information system,create database diagrams,RELATED,esco_sibling,train,RELATED
Spiral development,Prince2 project management,RELATED,esco_sibling,test,RELATED
use CADD software,draw sketches to develop textile articles using softwares,RELATED,esco_sibling,test,RELATED
use modern electronic navigational aids,radars,RELATED,esco_skill_relation,train,RELATED
program home alarm systems,types of alarm systems,RELATED,esco_skill_relation,train,RELATED
Adobe Photoshop,Adobe Illustrator,RELATED,esco_sibling,train,RELATED
KDevelop,Eclipse (integrated development environment software),RELATED,esco_sibling,train,RELATED
model optical systems,optical engineering,RELATED,esco_skill_relation,train,RELATED
digitise documents,integrate content into output media,RELATED,esco_sibling,val,RELATED
use electronic health records in nursing,maintain warehouse database,RELATED,esco_sibling,train,RELATED
set up automotive robot,robotic components,RELATED,esco_skill_relation,val,RELATED
execute integration testing,levels of software testing,RELATED,esco_skill_relation,train,RELATED
create animated narratives,principles of animation,RELATED,esco_skill_relation,train,RELATED
Microsoft Project,Microsoft Team Foundation Server,RELATED,onet_sibling,train,RELATED
QlikView Expressor,SAS Data Management,RELATED,esco_sibling,val,RELATED
design information system,ICT system integration,RELATED,esco_skill_relation,train,RELATED
Prince2 project management,Process-based management,RELATED,esco_sibling,train,RELATED
Bash,Google Android,RELATED,onet_sibling,test,RELATED
maintain computer hardware,hardware testing methods,RELATED,esco_skill_relation,train,RELATED
IBM DB2,Microsoft SQL Server,RELATED,onet_sibling,train,RELATED
manage quantitative data,handle data samples,RELATED,esco_skill_relation,train,RELATED
create software design,software UI design patterns,RELATED,esco_skill_relation,test,RELATED
Microsoft Power Platform software,Microsoft Teams,RELATED,onet_sibling,train,RELATED
design information system,ICT architectural frameworks,RELATED,esco_skill_relation,test,RELATED
analyse big data,test sensors,RELATED,esco_sibling,train,RELATED
design database scheme,manage cloud data and storage,RELATED,esco_sibling,test,RELATED
GIMP (graphics editor software),Synfig,RELATED,esco_sibling,val,RELATED
maintain freelance database,evaluate cost of software products,RELATED,esco_sibling,train,RELATED
manage digital libraries,use software for data preservation,RELATED,esco_sibling,train,RELATED
IBM InfoSphere DataStage,Pentaho Data Integration,RELATED,esco_sibling,test,RELATED
add computer components,hardware components,RELATED,esco_skill_relation,train,RELATED
design control systems,engineering control theory,RELATED,esco_skill_relation,val,RELATED
observe celestial objects,celestial navigation,RELATED,esco_skill_relation,val,RELATED
Wireshark,Samurai Web Testing Framework,RELATED,esco_sibling,val,RELATED
assess users' interaction with ICT applications,ICT system user requirements,RELATED,esco_skill_relation,train,RELATED
render 3D images,3D texturing,RELATED,esco_skill_relation,test,RELATED
identify ICT system weaknesses,ICT system integration,RELATED,esco_skill_relation,train,RELATED
create game testing software,gambling games,RELATED,esco_skill_relation,test,RELATED
Litmos,Moodle,RELATED,esco_sibling,train,RELATED
manage flight data communications programme,analyse gambling data,RELATED,esco_sibling,test,RELATED
SQL Server,Teradata Database,RELATED,esco_sibling,train,RELATED
use CAM software,ICT software specifications,RELATED,esco_skill_relation,train,RELATED
manage online communications,use IT tools,RELATED,esco_sibling,train,RELATED
test computer hardware,hardware architectures,RELATED,esco_skill_relation,train,RELATED
utilise decision support system,business ICT systems,RELATED,esco_skill_relation,train,RELATED
implement cloud security and compliance,identify ICT security risks,RELATED,esco_sibling,train,RELATED
Apache Hive,Elasticsearch,RELATED,onet_sibling,train,RELATED
OWASP ZAP,Aircrack (penetration testing tool),RELATED,esco_sibling,train,RELATED
Spiral development,Rapid application development,RELATED,esco_sibling,test,RELATED
Oracle Application Development Framework,SPARK,RELATED,esco_sibling,val,RELATED
RAGE (digital game creation systems),GameSalad,RELATED,esco_sibling,train,RELATED
broadcast using Internet Protocol,internet governance,RELATED,esco_skill_relation,test,RELATED
create 3D texture map,3D modelling,RELATED,esco_skill_relation,train,RELATED
define integration strategy,ICT system integration,RELATED,esco_skill_relation,train,RELATED
perform online data analysis,translate requirement concepts into content,RELATED,esco_sibling,train,RELATED
Agile project management,Spiral development,RELATED,esco_sibling,train,RELATED
R,Scala,RELATED,onet_sibling,test,RELATED
collect real-time geolocation information,collect data using GPS,RELATED,esco_sibling,train,RELATED
protect health and well-being while using digital technologies,protect ICT devices,RELATED,esco_sibling,train,RELATED
Engrade,LAMS,RELATED,esco_sibling,val,RELATED
balance database resources,use electronic health records in nursing,RELATED,esco_sibling,train,RELATED
perform backups,system backup best practice,RELATED,esco_skill_relation,train,RELATED
SQL,SPARQL,RELATED,esco_sibling,train,RELATED
Perl,Python,RELATED,onet_sibling,train,RELATED
Microsoft Visual Basic for Applications VBA,Oracle Java 2 Platform Enterprise Edition J2EE,RELATED,onet_sibling,test,RELATED
Google Angular,Hypertext markup language HTML,RELATED,onet_sibling,test,RELATED
forecast future ICT network needs,identify ICT user needs,RELATED,esco_sibling,train,RELATED
Microsoft Power BI,Tableau,RELATED,onet_sibling,train,RELATED
Nexpose,THC Hydra,RELATED,esco_sibling,val,RELATED
test sensors,reed sensors,RELATED,esco_skill_relation,train,RELATED
JavaScript,Smalltalk (computer programming),RELATED,esco_sibling,train,RELATED
Havok Vision,Frostbite (digital game creation systems),RELATED,esco_sibling,val,RELATED
Bootstrap,Cascading style sheets CSS,RELATED,onet_sibling,train,RELATED
maintain pricing database,use data processing techniques,RELATED,esco_sibling,train,RELATED
monitor system performance,systems theory,RELATED,esco_skill_relation,train,RELATED
render 3D images,create moving images,RELATED,esco_sibling,train,RELATED
support ICT system users,ICT system user requirements,RELATED,esco_skill_relation,train,RELATED
perform data analysis,statistical analysis system software,RELATED,esco_skill_relation,train,RELATED
Microsoft Access,ObjectStore,RELATED,esco_sibling,train,RELATED
evaluate information services using metrics,inspect data,RELATED,esco_sibling,test,RELATED
resource description framework query language,LDAP,RELATED,esco_sibling,train,RELATED
collect weather-related data,analyse pipeline database information,RELATED,esco_sibling,train,RELATED
analyse milk control test results,analyse information systems,RELATED,esco_sibling,train,RELATED
OpenEdge Database,TripleStore,RELATED,esco_sibling,val,RELATED
operate radar equipment,radars,RELATED,esco_skill_relation,val,RELATED
analyse ICT system,ICT system integration,RELATED,esco_skill_relation,train,RELATED
Amazon Web Services AWS CloudFormation,Oracle Cloud software,RELATED,onet_sibling,test,RELATED
Apache Hadoop,Elasticsearch,RELATED,onet_sibling,train,RELATED
design sensors,smoke sensors,RELATED,esco_skill_relation,train,RELATED
SAS language,R,RELATED,esco_sibling,test,RELATED
VBScript,Pascal (computer programming),RELATED,esco_sibling,train,RELATED
use technology for forensics,forensic pathology,RELATED,esco_skill_relation,train,RELATED
Nessus,Aircrack (penetration testing tool),RELATED,esco_sibling,train,RELATED
Scratch (computer programming),VBScript,RELATED,esco_sibling,train,RELATED
protect the environment from the impact of the digital technologies,protect ICT devices,RELATED,esco_sibling,val,RELATED
SAS language,Lisp,RELATED,esco_sibling,test,RELATED
Unreal Engine,Source (digital game creation systems),RELATED,esco_sibling,train,RELATED
plan digital marketing,advertising techniques,RELATED,esco_skill_relation,test,RELATED
implement data warehousing techniques,unstructured data,RELATED,esco_skill_relation,train,RELATED
design ICT hardware placement,hardware architectures,RELATED,esco_skill_relation,val,RELATED
AJAX,Swift (computer programming),RELATED,esco_sibling,train,RELATED
Chef (tools for software configuration management),STAF,RELATED,esco_sibling,train,RELATED
translate requirement concepts into content,use methods of logistical data analysis,RELATED,esco_sibling,train,RELATED
design user interface,software interaction design,RELATED,esco_skill_relation,test,RELATED
Parrot Security OS,Samurai Web Testing Framework,RELATED,esco_sibling,train,RELATED
maintain freelance database,apply statistical analysis techniques,RELATED,esco_sibling,train,RELATED
IBM Informix,PostgreSQL,RELATED,esco_sibling,test,RELATED
protect the environment from the impact of the digital technologies,protect health and well-being while using digital technologies,RELATED,esco_sibling,val,RELATED
Google Looker Analytics,Tableau,RELATED,onet_sibling,train,RELATED
maintain internet protocol configuration,internet governance,RELATED,esco_skill_relation,test,RELATED
compile data for navigation publications,collect data using GPS,RELATED,esco_sibling,train,RELATED
interpret graphical recordings of rail-flaw-detection machine,transfer medical information,RELATED,esco_sibling,train,RELATED
proxy servers,hardware architectures,RELATED,esco_sibling,val,RELATED
use scripting programming,computer programming,RELATED,esco_skill_relation,train,RELATED
use technical drawing software,design drawings,RELATED,esco_skill_relation,train,RELATED
enhance website visibility,search engine optimisation,RELATED,esco_skill_relation,train,RELATED
use analytics for commercial purposes,unstructured data,RELATED,esco_skill_relation,train,RELATED
design process,anodising process,RELATED,esco_skill_relation,train,RELATED
Kali Linux,John The Ripper (penetration testing tool),RELATED,esco_sibling,train,RELATED
develop animations,motion graphics,RELATED,esco_skill_relation,train,RELATED
C++,Swift (computer programming),RELATED,esco_sibling,train,RELATED
HeroEngine,Unreal Engine,RELATED,esco_sibling,test,RELATED
museum databases,maintain warehouse database,RELATED,esco_sibling,val,RELATED
develop e-learning plan,e-learning software infrastructure,RELATED,esco_skill_relation,train,RELATED
Alteryx software,Google Looker Analytics,RELATED,onet_sibling,test,RELATED
provide online help,provide ICT system training,RELATED,esco_sibling,test,RELATED
Microsoft Windows Server,Shell script,RELATED,onet_sibling,train,RELATED
integrate and re-elaborate digital content,intellectual property regime of digital content,RELATED,esco_sibling,train,RELATED
SQL Server Integration Services,SAS Data Management,RELATED,esco_sibling,train,RELATED
Nessus,Metasploit,RELATED,esco_sibling,train,RELATED
prepare digital art for master photograph,photographic lenses,RELATED,esco_skill_relation,train,RELATED
convert into animated object,render 3D images,RELATED,esco_sibling,val,RELATED
CoffeeScript,ML (computer programming),RELATED,esco_sibling,train,RELATED
test microelectronics,execute software tests,RELATED,esco_sibling,test,RELATED
solve ICT system problems,troubleshoot website,RELATED,esco_sibling,test,RELATED
Frostbite (digital game creation systems),Source (digital game creation systems),RELATED,esco_sibling,train,RELATED
test sensors,interpret graphical recordings of rail-flaw-detection machine,RELATED,esco_sibling,train,RELATED
advise customers on type of computer equipment,advise on online dating,RELATED,esco_sibling,train,RELATED
implement data quality processes,create freight rate databases,RELATED,esco_sibling,train,RELATED
Outsourcing model,Open source model,RELATED,esco_sibling,train,RELATED
collect ICT data,compile data for navigation publications,RELATED,esco_sibling,train,RELATED
CoffeeScript,Objective-C,RELATED,esco_sibling,train,RELATED
MDX,XQuery,RELATED,esco_sibling,train,RELATED
analyse network configuration and performance,maintain ICT server,RELATED,esco_sibling,train,RELATED
Atlassian Bitbucket,Docker,RELATED,onet_sibling,train,RELATED
Microsoft Team Foundation Server,Microsoft Teams,RELATED,onet_sibling,train,RELATED
Amazon Web Services AWS CloudFormation,IBM WebSphere MQ,RELATED,onet_sibling,test,RELATED
Puppet (tools for software configuration management),Ansible,RELATED,esco_sibling,train,RELATED
Smalltalk (computer programming),C#,RELATED,esco_sibling,train,RELATED
use automatic programming,computer programming,RELATED,esco_skill_relation,train,RELATED
Eclipse IDE,Microsoft .NET Framework,RELATED,onet_sibling,train,RELATED
provide training on e-learning,e-learning software infrastructure,RELATED,esco_skill_relation,train,RELATED
output electronic files,digitise documents,RELATED,esco_sibling,train,RELATED
operate relational database management system,MySQL,RELATED,esco_skill_relation,val,RELATED
Prince2 project management,Rapid application development,RELATED,esco_sibling,train,RELATED
design application interfaces,use methodologies for user-centered design,RELATED,esco_skill_relation,train,RELATED
analyse gambling data,legal standards in gambling,RELATED,esco_skill_relation,train,RELATED
execute ICT audits,audit techniques,RELATED,esco_skill_relation,test,RELATED
test ground system performance,hardware testing methods,RELATED,esco_skill_relation,train,RELATED
manage donor database,use data processing techniques,RELATED,esco_sibling,train,RELATED
analyse ecological data,ecology,RELATED,esco_skill_relation,test,RELATED
propose ICT solutions to business problems,design failover solutions,RELATED,esco_sibling,train,RELATED
AJAX,C++,RELATED,esco_sibling,train,RELATED
design failover solutions,system backup best practice,RELATED,esco_skill_relation,train,RELATED
test hardware,hardware testing methods,RELATED,esco_skill_relation,val,RELATED
collect real-time geolocation information,compile data for navigation publications,RELATED,esco_sibling,train,RELATED
Filemaker (database management systems),SQL Server,RELATED,esco_sibling,test,RELATED
analyse pipeline database information,analyse ecological data,RELATED,esco_sibling,val,RELATED
museum databases,supervise data entry,RELATED,esco_sibling,val,RELATED
web programming,Objective-C,RELATED,esco_sibling,train,RELATED
balance database resources,database development tools,RELATED,esco_skill_relation,train,RELATED
use personal organization software,use internet chat,RELATED,esco_sibling,train,RELATED
ESRI ArcGIS software,IBM SPSS Statistics,RELATED,onet_sibling,val,RELATED
CA Datacom/DB,Teradata Database,RELATED,esco_sibling,train,RELATED
install electronic communication equipment,electronic and telecommunication equipment,RELATED,esco_skill_relation,train,RELATED
manage meteorological database,meteorology,RELATED,esco_skill_relation,train,RELATED
output electronic files,manage radiology information system,RELATED,esco_sibling,train,RELATED
lead disaster recovery exercises,ICT recovery techniques,RELATED,esco_skill_relation,train,RELATED
design hardware,blueprints,RELATED,esco_skill_relation,train,RELATED
Adobe Photoshop,GIMP (graphics editor software),RELATED,esco_sibling,train,RELATED
MDX,SPARQL,RELATED,esco_sibling,train,RELATED
Apache Maven,Octopus Deploy,RELATED,esco_sibling,test,RELATED
Java (computer programming),JavaScript,RELATED,esco_sibling,test,RELATED
Ansible,Jenkins (tools for software configuration management),RELATED,esco_sibling,val,RELATED
acquire system component,hardware components,RELATED,esco_skill_relation,test,RELATED
use technology for forensics,identify ICT user needs,RELATED,esco_sibling,train,RELATED
IBM SPSS Statistics,Procore software,RELATED,onet_sibling,train,RELATED
VBScript,COBOL,RELATED,esco_sibling,train,RELATED
model hardware,hardware architectures,RELATED,esco_skill_relation,train,RELATED
establish an ICT security prevention plan,ICT network security risks,RELATED,esco_skill_relation,train,RELATED
Puppet (tools for software configuration management),STAF,RELATED,esco_sibling,train,RELATED
Frostbite (digital game creation systems),Unity (digital game creation systems),RELATED,esco_sibling,train,RELATED
Apple Safari,Microsoft Edge,RELATED,onet_sibling,train,RELATED
Groovy,APL,RELATED,esco_sibling,train,RELATED
JavaScript,Microsoft ASP.NET,RELATED,onet_sibling,val,RELATED
Erlang,SAS language,RELATED,esco_sibling,val,RELATED
collect weather-related data,manage flight data communications programme,RELATED,esco_sibling,train,RELATED
"evaluate data, information and digital content","browse, search and filter data, information and digital content",RELATED,esco_sibling,test,RELATED
Oracle Warehouse Builder,Pentaho Data Integration,RELATED,esco_sibling,train,RELATED
operate 3D computer graphics software,motion graphics,RELATED,esco_skill_relation,train,RELATED
maintain sensor equipment,infrared sensors,RELATED,esco_skill_relation,val,RELATED
Bootstrap,Django,RELATED,onet_sibling,train,RELATED
develop ICT test suite,levels of software testing,RELATED,esco_skill_relation,val,RELATED
adapt to new technology used in cars,car controls,RELATED,esco_skill_relation,train,RELATED
execute software tests,levels of software testing,RELATED,esco_skill_relation,train,RELATED
analyse big data,use specific data analysis software,RELATED,esco_sibling,train,RELATED
manage findable accessible interoperable and reusable data,create data models,RELATED,esco_sibling,train,RELATED
plan ICT capacity,ICT capacity planning strategies,RELATED,esco_skill_relation,train,RELATED
SketchBook Pro,Adobe Photoshop Lightroom,RELATED,esco_sibling,train,RELATED
use software for data preservation,identify ICT security risks,RELATED,esco_sibling,train,RELATED
operate control panels,security panels,RELATED,esco_skill_relation,train,RELATED
create digital game characters,digital game creation systems,RELATED,esco_skill_relation,val,RELATED
perform software unit testing,levels of software testing,RELATED,esco_skill_relation,train,RELATED
employ habitat survey techniques,surveying,RELATED,esco_skill_relation,train,RELATED
tend computer numerical control lathe machine,lathe machine parts,RELATED,esco_skill_relation,train,RELATED
Rapid application development,Agile development,RELATED,esco_sibling,train,RELATED
Atlassian Confluence,Slack,RELATED,onet_sibling,test,RELATED
STAF,Salt (tools for software configuration management),RELATED,esco_sibling,val,RELATED
locate microchip in animals,microchip scanners,RELATED,esco_skill_relation,test,RELATED
Django,Hypertext markup language HTML,RELATED,onet_sibling,train,RELATED
design circuit boards,printed circuit boards,RELATED,esco_skill_relation,train,RELATED
Apache Cassandra,Apache Hive,RELATED,onet_sibling,train,RELATED
analyse big data,evaluate information services using metrics,RELATED,esco_sibling,train,RELATED
use CADD software,design circuits using CAD,RELATED,esco_sibling,test,RELATED
digitise documents,use methods of logistical data analysis,RELATED,esco_sibling,val,RELATED
IBM WebSphere MQ,Oracle Cloud software,RELATED,onet_sibling,train,RELATED
Microsoft PowerShell,Microsoft Visual Basic,RELATED,onet_sibling,train,RELATED
Xcode,Eclipse (integrated development environment software),RELATED,esco_sibling,train,RELATED
PyTorch,Structured query language SQL,RELATED,onet_sibling,val,RELATED
Microsoft Power Automate,Microsoft Power Platform software,RELATED,onet_sibling,train,RELATED
Microsoft ASP.NET,Node.js,RELATED,onet_sibling,train,RELATED
perform software unit testing,execute conversion testing,RELATED,esco_sibling,train,RELATED
maintain broadcast equipment,maintain audiovisual equipment,RELATED,esco_sibling,test,RELATED
MySQL,TripleStore,RELATED,esco_sibling,val,RELATED
create digital files,manage radiology information system,RELATED,esco_sibling,train,RELATED
Kali Linux,BlackArch,RELATED,esco_sibling,train,RELATED
AJAX,SAP R3,RELATED,esco_sibling,train,RELATED
use computer-aided engineering systems,CAE software,RELATED,esco_skill_relation,train,RELATED
supervise data entry,use agricultural information systems and databases,RELATED,esco_sibling,train,RELATED
execute software tests,tools for ICT test automation,RELATED,esco_skill_relation,train,RELATED
manage data,audit techniques,RELATED,esco_skill_relation,test,RELATED
SQL,LDAP,RELATED,esco_sibling,train,RELATED
perform data mining,implement data quality processes,RELATED,esco_sibling,test,RELATED
assess integrated domotics systems,use data processing techniques,RELATED,esco_sibling,val,RELATED
Kubernetes,Microsoft Windows Server,RELATED,onet_sibling,train,RELATED
Oracle Database,Redis,RELATED,onet_sibling,train,RELATED
Filemaker (database management systems),Teradata Database,RELATED,esco_sibling,test,RELATED
create digital files,digitise documents,RELATED,esco_sibling,train,RELATED
define ICT network design policies,ICT network security risks,RELATED,esco_skill_relation,train,RELATED
use mine planning software,mining engineering,RELATED,esco_skill_relation,test,RELATED
PHP,React,RELATED,onet_sibling,train,RELATED
C++,SAP R3,RELATED,esco_sibling,train,RELATED
Waterfall development,Rapid application development,RELATED,esco_sibling,test,RELATED
manage changes in ICT system,analyse network configuration and performance,RELATED,esco_sibling,train,RELATED
SAP software,Workday software,RELATED,onet_sibling,train,RELATED
design user interface,usability engineering,RELATED,esco_skill_relation,test,RELATED
Puppet (tools for software configuration management),Vagrant,RELATED,esco_sibling,train,RELATED
Microsoft ASP.NET,Microsoft Active Server Pages ASP,RELATED,onet_sibling,train,RELATED
design electromechanical systems,electromechanics,RELATED,esco_skill_relation,train,RELATED
search databases,analyse gambling data,RELATED,esco_sibling,val,RELATED
oversee development of software,industrial software,RELATED,esco_skill_relation,test,RELATED
PHP,WildFly,RELATED,esco_sibling,train,RELATED
Common Lisp,Visual Basic,RELATED,esco_sibling,val,RELATED
maintain internet protocol configuration,ICT communications protocols,RELATED,esco_skill_relation,test,RELATED
develop statistical software,statistics,RELATED,esco_skill_relation,train,RELATED
Atlassian Confluence,Atlassian JIRA,RELATED,onet_sibling,test,RELATED
perform data analysis,ICT performance analysis methods,RELATED,esco_skill_relation,train,RELATED
manage donor database,database management systems,RELATED,esco_skill_relation,train,RELATED
Microsoft Visual Studio,Oracle Java 2 Platform Enterprise Edition J2EE,RELATED,onet_sibling,train,RELATED
build recommender systems,online job platforms,RELATED,esco_skill_relation,train,RELATED
design application interfaces,usability engineering,RELATED,esco_skill_relation,test,RELATED
provide online help,support ICT system users,RELATED,esco_sibling,test,RELATED
IBM InfoSphere Information Server,QlikView Expressor,RELATED,esco_sibling,train,RELATED
develop geological databases,database development tools,RELATED,esco_skill_relation,test,RELATED
Microsoft SQL Server Integration Services SSIS,Microsoft Teams,RELATED,onet_sibling,train,RELATED
Ruby (computer programming),Visual Basic,RELATED,esco_sibling,train,RELATED
assemble robots,robotics,RELATED,esco_skill_relation,train,RELATED
use access control software,information confidentiality,RELATED,esco_skill_relation,train,RELATED
plan software testing,levels of software testing,RELATED,esco_skill_relation,test,RELATED
assemble hardware components,hardware architectures,RELATED,esco_skill_relation,train,RELATED
Prolog (computer programming),JavaScript,RELATED,esco_sibling,train,RELATED
creatively use digital technologies,identify technological needs,RELATED,esco_sibling,test,RELATED
Python,R,RELATED,onet_sibling,train,RELATED
SAS language,Common Lisp,RELATED,esco_sibling,test,RELATED
Apache Hive,GraphQL,RELATED,onet_sibling,train,RELATED
AJAX,Apache Tomcat,RELATED,onet_sibling,train,RELATED
Frostbite (digital game creation systems),Gamemaker Studio,RELATED,esco_sibling,train,RELATED
draw sketches to develop textile articles using softwares,prototyping in the wearing apparel industry,RELATED,esco_skill_relation,val,RELATED
LINQ,N1QL,RELATED,esco_sibling,train,RELATED
operate tote board,analyse tote reports,RELATED,esco_skill_relation,train,RELATED
protect personal data and privacy,protect health and well-being while using digital technologies,RELATED,esco_sibling,train,RELATED
respond to incidents in cloud,troubleshoot website,RELATED,esco_sibling,train,RELATED
iterative development,Spiral development,RELATED,esco_sibling,test,RELATED
operate railway control panels,control panel components,RELATED,esco_skill_relation,train,RELATED
apply statistical analysis techniques,evaluate cost of software products,RELATED,esco_sibling,train,RELATED
manage radiology information system,implement data quality processes,RELATED,esco_sibling,train,RELATED
plan migration to cloud,configure ICT system,RELATED,esco_sibling,test,RELATED
provide training on e-learning,standards for web-based e-learning,RELATED,esco_skill_relation,train,RELATED
Teradata Database,MarkLogic,RELATED,esco_sibling,train,RELATED
balance database resources,search databases,RELATED,esco_sibling,train,RELATED
Apache Spark,C++,RELATED,onet_sibling,train,RELATED
Atlassian JIRA,Microsoft Team Foundation Server,RELATED,onet_sibling,train,RELATED
install electronic communication equipment,electronics,RELATED,esco_skill_relation,val,RELATED
plan digital marketing,plan marketing campaigns,RELATED,esco_sibling,test,RELATED
use data processing techniques,manage meteorological database,RELATED,esco_sibling,train,RELATED
TensorFlow,The MathWorks MATLAB,RELATED,onet_sibling,train,RELATED
Ajax Framework,JavaScript Framework,RELATED,esco_sibling,val,RELATED
React,Vue.js,RELATED,onet_sibling,test,RELATED
OWASP ZAP,Nessus,RELATED,esco_sibling,train,RELATED
design database scheme,balance database resources,RELATED,esco_sibling,test,RELATED
coordinate the allocation of Mode S radars to Interrogator Codes,surveillance radars,RELATED,esco_skill_relation,train,RELATED
use polygonal modelling,3D modelling,RELATED,esco_skill_relation,test,RELATED
Havok Vision,Unreal Engine,RELATED,esco_sibling,val,RELATED
Backbox (penetration testing tool),Kali Linux,RELATED,esco_sibling,train,RELATED
operate 2D CAD for footwear,use CAD for lasts,RELATED,esco_sibling,train,RELATED
establish an ICT customer support process,ICT help platforms,RELATED,esco_skill_relation,train,RELATED
MySQL,IBM Informix,RELATED,esco_sibling,val,RELATED
LESS,CSS,RELATED,esco_sibling,train,RELATED
Aircrack (penetration testing tool),Kali Linux,RELATED,esco_sibling,train,RELATED
create SCORM packages,standards for web-based e-learning,RELATED,esco_skill_relation,train,RELATED
Apache Maven,Chef (tools for software configuration management),RELATED,esco_sibling,test,RELATED
create software design,software design methodologies,RELATED,esco_skill_relation,test,RELATED
assess integrated domotics systems,analyse big data,RELATED,esco_sibling,val,RELATED
ASP.NET,APL,RELATED,esco_sibling,train,RELATED
MySQL,NoSQL,RELATED,esco_sibling,val,RELATED
maintain freelance database,museum databases,RELATED,esco_skill_relation,train,RELATED
Google Analytics,IBM SPSS Statistics,RELATED,onet_sibling,val,RELATED
use methods of logistical data analysis,analyse information systems,RELATED,esco_sibling,test,RELATED
Swift,TypeScript,RELATED,onet_sibling,train,RELATED
manage content development projects,content development processes,RELATED,esco_skill_relation,train,RELATED
assess ICT knowledge,analyse big data,RELATED,esco_sibling,val,RELATED
Project Anarchy,Unreal Engine,RELATED,esco_sibling,train,RELATED
Apache Maven,Apache Subversion SVN,RELATED,onet_sibling,train,RELATED
Aircrack (penetration testing tool),John The Ripper (penetration testing tool),RELATED,esco_sibling,train,RELATED
apply statistical analysis techniques,statistics,RELATED,esco_skill_relation,train,RELATED
provide multimedia content,publishing strategy,RELATED,esco_skill_relation,train,RELATED
calculate costs of repair operations,apply statistical analysis techniques,RELATED,esco_sibling,val,RELATED
use methods of logistical data analysis,data models,RELATED,esco_skill_relation,test,RELATED
GitLab,Microsoft Windows Server,RELATED,onet_sibling,val,RELATED
implement ICT network diagnostic tools,ICT network simulation,RELATED,esco_skill_relation,train,RELATED
supervise video and motion picture editing team,manage production systems,RELATED,esco_sibling,train,RELATED
create database diagrams,create data sets,RELATED,esco_sibling,test,RELATED
test ground system performance,ground segment,RELATED,esco_skill_relation,train,RELATED
operate digital printers,manage digital archives,RELATED,esco_sibling,train,RELATED
define database physical structure,information structure,RELATED,esco_skill_relation,train,RELATED
use computer telephony integration,ICT system integration,RELATED,esco_skill_relation,train,RELATED
Drupal,WordPress,RELATED,esco_sibling,train,RELATED
interpret graphical recordings of rail-flaw-detection machine,perform safety data analysis,RELATED,esco_sibling,train,RELATED
incremental development,iterative development,RELATED,esco_sibling,train,RELATED
supervise video quality,music and video industry,RELATED,esco_skill_relation,test,RELATED
use methods of logistical data analysis,logistics,RELATED,esco_skill_relation,test,RELATED
Prometheus,PyTorch,RELATED,onet_sibling,train,RELATED
forecast future ICT network needs,ICT networking hardware,RELATED,esco_skill_relation,train,RELATED
SAP R3,Python (computer programming),RELATED,esco_sibling,train,RELATED
apply control process statistical methods,implement data warehousing techniques,RELATED,esco_sibling,train,RELATED
Asana,Atlassian Confluence,RELATED,onet_sibling,train,RELATED
deploy ICT systems,solution deployment,RELATED,esco_skill_relation,train,RELATED
Oracle WebLogic,WildFly,RELATED,esco_sibling,train,RELATED
MATLAB,VBScript,RELATED,esco_sibling,train,RELATED
design web-based courses,e-learning software infrastructure,RELATED,esco_skill_relation,train,RELATED
apply statistical analysis techniques,task algorithmisation,RELATED,esco_skill_relation,train,RELATED
GameSalad,Project Anarchy,RELATED,esco_sibling,train,RELATED
NoSQL,Oracle Database,RELATED,onet_sibling,val,RELATED
SAP R3,Swift (computer programming),RELATED,esco_sibling,train,RELATED
use mathematical tools and equipment,mathematics,RELATED,esco_skill_relation,train,RELATED
operate control systems,aircraft flight control systems,RELATED,esco_skill_relation,train,RELATED
develop virtual game engine,digital game creation systems,RELATED,esco_skill_relation,val,RELATED
configure ICT system,ICT architectural frameworks,RELATED,esco_skill_relation,train,RELATED
solve ICT system problems,ICT problem management techniques,RELATED,esco_skill_relation,test,RELATED
implement ICT network diagnostic tools,network management system tools,RELATED,esco_skill_relation,val,RELATED
identify ICT user needs,establish an ICT customer support process,RELATED,esco_sibling,train,RELATED
test power electronics,test microelectronics,RELATED,esco_sibling,train,RELATED
Microsoft .NET Framework,Microsoft PowerShell,RELATED,onet_sibling,train,RELATED
MATLAB,Scratch (computer programming),RELATED,esco_sibling,train,RELATED
set up sound equipment,acoustics,RELATED,esco_skill_relation,train,RELATED
IBM WebSphere,WildFly,RELATED,esco_sibling,train,RELATED
Apache Kafka,Apache Subversion SVN,RELATED,onet_sibling,train,RELATED
TripleStore,IBM Informix,RELATED,esco_sibling,train,RELATED
Extensible markup language XML,Microsoft Power Automate,RELATED,onet_sibling,train,RELATED
Google Analytics,Procore software,RELATED,onet_sibling,val,RELATED
Oracle Primavera Enterprise Project Portfolio Management,SAP software,RELATED,onet_sibling,val,RELATED
maintain warehouse database,use agricultural information systems and databases,RELATED,esco_sibling,train,RELATED
Absorb (learning management systems),WizIQ,RELATED,esco_sibling,train,RELATED
Chef (tools for software configuration management),Codenvy,RELATED,esco_sibling,train,RELATED
Octopus Deploy,Chef (tools for software configuration management),RELATED,esco_sibling,train,RELATED
ICT networking hardware,ICT infrastructure,RELATED,esco_skill_relation,train,RELATED
use presentation software,use word processing software,RELATED,esco_sibling,train,RELATED
JavaScript,Perl,RELATED,esco_sibling,train,RELATED
use markup languages,web programming,RELATED,esco_skill_relation,test,RELATED
Objective-C,ML (computer programming),RELATED,esco_sibling,test,RELATED
use software for data preservation,perform backups,RELATED,esco_sibling,train,RELATED
collect weather-related data,analyse ecological data,RELATED,esco_sibling,train,RELATED
Oracle PL/SQL,Redis,RELATED,onet_sibling,train,RELATED
manage ICT data architecture,unstructured data,RELATED,esco_skill_relation,train,RELATED
maintain sensor equipment,smoke sensors,RELATED,esco_skill_relation,val,RELATED
ABBYY FineReader,OmniPage,RELATED,esco_sibling,val,RELATED
analyse scanned data of the body,analyse blood samples,RELATED,esco_sibling,val,RELATED
test ICT queries,query languages,RELATED,esco_skill_relation,train,RELATED
manage radiology information system,radiological procedures,RELATED,esco_skill_relation,train,RELATED
create digital images,imaging techniques,RELATED,esco_skill_relation,train,RELATED
process data from railway control rooms,analyse information systems,RELATED,esco_sibling,train,RELATED
set up audiovisual peripheral equipment,manufacturer's instructions for audiovisual equipment,RELATED,esco_skill_relation,val,RELATED
Jenkins CI,Microsoft Power Automate,RELATED,onet_sibling,train,RELATED
Sakai,Moodle,RELATED,esco_sibling,train,RELATED
manage membership database,design database scheme,RELATED,esco_sibling,train,RELATED
SAP ERP,Workday software,RELATED,onet_sibling,train,RELATED
Extensible markup language XML,Jenkins CI,RELATED,onet_sibling,train,RELATED
Go,Microsoft Azure software,RELATED,onet_sibling,val,RELATED
Oracle Warehouse Builder,Oracle Data Integrator,RELATED,esco_sibling,train,RELATED
develop digital educational materials,instructional design models,RELATED,esco_skill_relation,train,RELATED
IBM InfoSphere DataStage,Oracle Warehouse Builder,RELATED,esco_sibling,test,RELATED
Asana,Slack,RELATED,onet_sibling,train,RELATED
measure software usability,usability engineering,RELATED,esco_skill_relation,test,RELATED
share through digital technologies,manage digital identity,RELATED,esco_sibling,train,RELATED
design dolls,materials for doll creation,RELATED,esco_skill_relation,train,RELATED
implement ICT network diagnostic tools,ICT network routing,RELATED,esco_skill_relation,train,RELATED
ASP.NET,TypeScript,RELATED,esco_sibling,train,RELATED
analyse scanned data of the body,test microelectronics,RELATED,esco_sibling,val,RELATED
Amazon DynamoDB,Apache Cassandra,RELATED,onet_sibling,test,RELATED
Shiva (digital game creation systems),GameSalad,RELATED,esco_sibling,train,RELATED
test sensors,perform safety data analysis,RELATED,esco_sibling,train,RELATED
network management system tools,proxy servers,RELATED,esco_sibling,val,RELATED
use data processing techniques,evaluate information services using metrics,RELATED,esco_sibling,train,RELATED
design control systems,hybrid control systems,RELATED,esco_skill_relation,train,RELATED
design process,forging processes,RELATED,esco_skill_relation,train,RELATED
manage radiology information system,manage digital archives,RELATED,esco_sibling,train,RELATED
deliver online training,e-learning,RELATED,esco_skill_relation,train,RELATED
transfer uncut audiovisual material to computer,audiovisual products,RELATED,esco_skill_relation,train,RELATED
Microsoft Access,OpenEdge Database,RELATED,esco_sibling,train,RELATED
Bash,Linux,RELATED,onet_sibling,test,RELATED
evaluate cost of software products,use mathematical tools and equipment,RELATED,esco_sibling,test,RELATED
Microsoft Active Server Pages ASP,Node.js,RELATED,onet_sibling,train,RELATED
analyse scanned data of the body,test sensors,RELATED,esco_sibling,val,RELATED
Source (digital game creation systems),Gamemaker Studio,RELATED,esco_sibling,train,RELATED
Google Angular,JavaScript,RELATED,onet_sibling,test,RELATED
monitor automated machines,automation technology,RELATED,esco_skill_relation,train,RELATED
forecast future ICT network needs,ICT network simulation,RELATED,esco_skill_relation,train,RELATED
WizIQ,Edmodo,RELATED,esco_sibling,train,RELATED
DB2,OpenEdge Database,RELATED,esco_sibling,train,RELATED
maintain pricing database,perform data mining,RELATED,esco_sibling,train,RELATED
integrate system components,hardware components,RELATED,esco_skill_relation,test,RELATED
apply statistical analysis techniques,use mathematical tools and equipment,RELATED,esco_sibling,train,RELATED
design computer network,ICT network routing,RELATED,esco_skill_relation,train,RELATED
digitise documents,analyse information systems,RELATED,esco_sibling,val,RELATED
plan digital marketing,mobile marketing,RELATED,esco_skill_relation,test,RELATED
Transact-SQL,Yardi software,RELATED,onet_sibling,train,RELATED
Jenkins CI,Microsoft Power Platform software,RELATED,onet_sibling,train,RELATED
protect personal data and privacy,protect the environment from the impact of the digital technologies,RELATED,esco_sibling,train,RELATED
propose ICT solutions to business problems,perform ICT troubleshooting,RELATED,esco_sibling,train,RELATED
Apache Maven,Codenvy,RELATED,esco_sibling,test,RELATED
attend to ICT systems quality,ICT quality policy,RELATED,esco_skill_relation,train,RELATED
develop online community plan,research website users,RELATED,esco_skill_relation,train,RELATED
set up automotive robot,robotics,RELATED,esco_skill_relation,train,RELATED
Codenvy,Vagrant,RELATED,esco_sibling,train,RELATED
translate requirement concepts into content,process data from railway control rooms,RELATED,esco_sibling,train,RELATED
attend to ICT systems quality,ICT process quality models,RELATED,esco_skill_relation,val,RELATED
PostgreSQL,SQL Server,RELATED,esco_sibling,train,RELATED
use audio reproduction software,audio editing software,RELATED,esco_skill_relation,train,RELATED
test power electronics,test sensors,RELATED,esco_sibling,train,RELATED
solve problems in gambling through digital means,gambling games,RELATED,esco_skill_relation,train,RELATED
network management system tools,hardware architectures,RELATED,esco_sibling,val,RELATED
SAS Data Management,SAP Data Services,RELATED,esco_sibling,test,RELATED
use software for data preservation,implement data warehousing techniques,RELATED,esco_sibling,train,RELATED
model sensor,reed sensors,RELATED,esco_skill_relation,train,RELATED
Linux,Microsoft Windows,RELATED,onet_sibling,train,RELATED
implement ICT network diagnostic tools,ICT debugging tools,RELATED,esco_skill_relation,train,RELATED
manage ICT semantic integration,data models,RELATED,esco_skill_relation,train,RELATED
maintain robotic equipment,robotic components,RELATED,esco_skill_relation,train,RELATED
keep up-to-date to computer trends,maintain up-to-date aeronautical information management services,RELATED,esco_sibling,train,RELATED
Perl,R,RELATED,onet_sibling,train,RELATED
Nessus,Backbox (penetration testing tool),RELATED,esco_sibling,train,RELATED
propose ICT solutions to business problems,optimise choice of ICT solution,RELATED,esco_sibling,train,RELATED
verify formal ICT specifications,ICT hardware specifications,RELATED,esco_skill_relation,train,RELATED
implement spam protection,implement a firewall,RELATED,esco_sibling,train,RELATED
monitor quality of broadcasts,quality control systems,RELATED,esco_sibling,train,RELATED
network management system tools,embedded systems,RELATED,esco_sibling,val,RELATED
use data processing techniques,perform backups,RELATED,esco_sibling,train,RELATED
analyse gambling data,search engine optimisation,RELATED,esco_sibling,train,RELATED
TypeScript,CoffeeScript,RELATED,esco_sibling,test,RELATED
create freight rate databases,maintain database security,RELATED,esco_sibling,train,RELATED
GIMP (graphics editor software),Microsoft Visio,RELATED,esco_sibling,val,RELATED
Agile development,Prototyping development,RELATED,esco_sibling,val,RELATED
analyse big data,inspect data,RELATED,esco_sibling,train,RELATED
use scripting programming,ICT system programming,RELATED,esco_skill_relation,test,RELATED
Pentaho Data Integration,QlikView Expressor,RELATED,esco_sibling,val,RELATED
manage radiology information system,operate digital printers,RELATED,esco_sibling,train,RELATED
apply ICT systems theory,business ICT systems,RELATED,esco_skill_relation,train,RELATED
analyse scanned data of the body,analyse ecological data,RELATED,esco_sibling,val,RELATED
perform software recovery testing,levels of software testing,RELATED,esco_skill_relation,train,RELATED
develop ICT test suite,execute software tests,RELATED,esco_sibling,val,RELATED
Microsoft SQL Server Reporting Services SSRS,Oracle Java,RELATED,onet_sibling,train,RELATED
maintain freelance database,perform data mining,RELATED,esco_sibling,train,RELATED
Apple iOS,Apple macOS,RELATED,onet_sibling,train,RELATED
online moderation techniques,carry out forum moderation,RELATED,esco_sibling,train,RELATED
manage membership database,database management systems,RELATED,esco_skill_relation,train,RELATED
CA Datacom/DB,Oracle Relational Database,RELATED,esco_sibling,train,RELATED
Oracle Cloud software,Splunk Enterprise,RELATED,onet_sibling,val,RELATED
modify textile designs,properties of textile materials,RELATED,esco_skill_relation,train,RELATED
IBM WebSphere,AJAX,RELATED,esco_sibling,train,RELATED
Swift (computer programming),MATLAB,RELATED,esco_sibling,train,RELATED
Assembly (computer programming),ASP.NET,RELATED,esco_sibling,train,RELATED
design web-based courses,instructional design models,RELATED,esco_skill_relation,train,RELATED
use scripting programming,JavaScript,RELATED,esco_skill_relation,train,RELATED
analyse blood samples,interpret graphical recordings of rail-flaw-detection machine,RELATED,esco_sibling,train,RELATED
Metasploit,Aircrack (penetration testing tool),RELATED,esco_sibling,train,RELATED
modify textile designs,textile measurement,RELATED,esco_skill_relation,train,RELATED
manage digital documents,document management,RELATED,esco_skill_relation,train,RELATED
use CADD software,blueprints,RELATED,esco_skill_relation,test,RELATED
machine learning,artificial neural networks,RELATED,esco_sibling,train,RELATED
Parrot Security OS,Nexpose,RELATED,esco_sibling,train,RELATED
Microsoft Team Foundation Server,Oracle Primavera Enterprise Project Portfolio Management,RELATED,onet_sibling,train,RELATED
implement ICT risk management,ICT network security risks,RELATED,esco_skill_relation,train,RELATED
execute conversion testing,execute integration testing,RELATED,esco_sibling,train,RELATED
IBM InfoSphere DataStage,Oracle Data Integrator,RELATED,esco_sibling,test,RELATED
SPARK,Hadoop,RELATED,esco_sibling,train,RELATED
compare survey computations,surveying,RELATED,esco_skill_relation,train,RELATED
keep up with the latest information systems solutions,stay up to date with social media,RELATED,esco_sibling,train,RELATED
PHP,Assembly (computer programming),RELATED,esco_sibling,train,RELATED
Shiva (digital game creation systems),HeroEngine,RELATED,esco_sibling,train,RELATED
develop geological databases,design database scheme,RELATED,esco_sibling,test,RELATED
develop animations,3D modelling,RELATED,esco_skill_relation,train,RELATED
Microsoft Edge,Mozilla Firefox,RELATED,onet_sibling,train,RELATED
create infrared imagery,infrared sensors,RELATED,esco_skill_relation,train,RELATED
aquaculture production planning software,use mine planning software,RELATED,esco_sibling,val,RELATED
Absorb (learning management systems),Edmodo,RELATED,esco_sibling,train,RELATED
Lisp,Prolog (computer programming),RELATED,esco_sibling,train,RELATED
design optical prototypes,optical manufacturing process,RELATED,esco_skill_relation,test,RELATED
create game testing software,levels of software testing,RELATED,esco_skill_relation,test,RELATED
Spiral development,Waterfall development,RELATED,esco_sibling,test,RELATED
create animated narratives,create moving images,RELATED,esco_sibling,train,RELATED
IBM DB2,Microsoft Access,RELATED,onet_sibling,train,RELATED
analyse gambling data,analyse information systems,RELATED,esco_sibling,train,RELATED
SQL,resource description framework query language,RELATED,esco_sibling,train,RELATED
lean project management,Agile development,RELATED,esco_sibling,train,RELATED
create freight rate databases,use electronic health records in nursing,RELATED,esco_sibling,train,RELATED
Adobe Illustrator,GIMP (graphics editor software),RELATED,esco_sibling,val,RELATED
Python (computer programming),COBOL,RELATED,esco_sibling,train,RELATED
design circuit boards,integrated circuit types,RELATED,esco_skill_relation,train,RELATED
analyse software specifications,ICT software specifications,RELATED,esco_skill_relation,val,RELATED
operate electronic measuring instruments,precision measuring instruments,RELATED,esco_skill_relation,val,RELATED
use ICT ticketing system,maintain ICT system,RELATED,esco_sibling,test,RELATED
Smalltalk (computer programming),Assembly (computer programming),RELATED,esco_sibling,train,RELATED
design component interfaces,software components libraries,RELATED,esco_skill_relation,test,RELATED
Microsoft SQL Server,Oracle Database,RELATED,onet_sibling,train,RELATED
Apache Hive,IBM DB2,RELATED,onet_sibling,train,RELATED
solve ICT system problems,identify ICT security risks,RELATED,esco_sibling,test,RELATED
Alteryx software,Apache Spark,RELATED,onet_sibling,test,RELATED
maintain computer hardware,hardware architectures,RELATED,esco_skill_relation,train,RELATED
use technical drawing software,technical drawings,RELATED,esco_skill_relation,train,RELATED
create database diagrams,interpret circuit diagrams,RELATED,esco_skill_relation,train,RELATED
SketchBook Pro,Microsoft Visio,RELATED,esco_sibling,train,RELATED
Microsoft Windows Server,Red Hat Enterprise Linux,RELATED,onet_sibling,train,RELATED
innovate in ICT,emergent technologies,RELATED,esco_skill_relation,train,RELATED
Octopus Deploy,Puppet (tools for software configuration management),RELATED,esco_sibling,train,RELATED
Ansible,Salt (tools for software configuration management),RELATED,esco_sibling,val,RELATED
design database in the cloud,distributed computing,RELATED,esco_skill_relation,train,RELATED
STAF,Ansible,RELATED,esco_sibling,val,RELATED
SQL Server,CA Datacom/DB,RELATED,esco_sibling,train,RELATED
C#,ASP.NET,RELATED,esco_sibling,val,RELATED
compile GIS-data,geographic information systems,RELATED,esco_skill_relation,train,RELATED
output electronic files,prepress processes,RELATED,esco_skill_relation,train,RELATED
integrate content into output media,manage digital archives,RELATED,esco_sibling,val,RELATED
HeroEngine,Project Anarchy,RELATED,esco_sibling,test,RELATED
Amazon Web Services AWS software,Apache Hive,RELATED,onet_sibling,train,RELATED
create game testing software,develop automated software tests,RELATED,esco_sibling,test,RELATED
OpenEdge Advanced Business Language,Perl,RELATED,esco_sibling,test,RELATED
LDAP,LINQ,RELATED,esco_sibling,train,RELATED
administer ICT system,maintain ICT server,RELATED,esco_sibling,test,RELATED
cut raw footage digitally,digital compositing,RELATED,esco_skill_relation,train,RELATED
JavaScript,Oracle WebLogic,RELATED,esco_sibling,train,RELATED
Waterfall development,Prince2 project management,RELATED,esco_sibling,test,RELATED
MongoDB,NoSQL,RELATED,onet_sibling,train,RELATED
Project Anarchy,Havok Vision,RELATED,esco_sibling,train,RELATED
OWASP ZAP,Metasploit,RELATED,esco_sibling,train,RELATED
Spring Framework,jQuery,RELATED,onet_sibling,train,RELATED
Procore software,TensorFlow,RELATED,onet_sibling,train,RELATED
maintain freelance database,maintain pricing database,RELATED,esco_sibling,train,RELATED
automated optical inspection,synchronise with mouth movements,DIFFERENT,random_unrelated,test,NOT
utilise regular expressions,use logic programming,DIFFERENT,random_unrelated,val,NOT
WildFly,transfer uncut audiovisual material to computer,DIFFERENT,random_unrelated,train,NOT
web based collaborative platforms,manage flight data communications programme,DIFFERENT,random_unrelated,test,NOT
manage production systems,Apache Hadoop,DIFFERENT,random_unrelated,train,NOT
oversee clinical information system activities,WizIQ,DIFFERENT,random_unrelated,train,NOT
modify textile designs,cybernetics,DIFFERENT,random_unrelated,train,NOT
telecom regulations,conduct video telemetry,DIFFERENT,random_unrelated,train,NOT
network management system tools,computer history,DIFFERENT,random_unrelated,val,NOT
maintain control systems for automated equipment,file-based workflow,DIFFERENT,random_unrelated,train,NOT
develop ICT safety information,identify digital competence gaps,DIFFERENT,random_unrelated,test,NOT
work with virtual learning environments,use query languages,DIFFERENT,random_unrelated,train,NOT
tend CNC laser cutting machine,demonstrate functionality of software products,DIFFERENT,random_unrelated,train,NOT
UNIX,supervise video quality,DIFFERENT,random_unrelated,train,NOT
operate digital printers,use intranet,DIFFERENT,random_unrelated,train,NOT
monitor system performance,monitor online competitors,DIFFERENT,random_unrelated,train,NOT
attend to ICT systems quality,test hardware,DIFFERENT,random_unrelated,val,NOT
define firewall rules,web services,DIFFERENT,random_unrelated,train,NOT
repair equipment on site,electronic locks,DIFFERENT,random_unrelated,train,NOT
define roadmap for blockchain in applications,Apache Subversion SVN,DIFFERENT,random_unrelated,test,NOT
Oracle SQL Developer,maintain freelance database,DIFFERENT,random_unrelated,train,NOT
use access control software,manage library users queries,DIFFERENT,random_unrelated,train,NOT
Apache Hive,COBOL,DIFFERENT,random_unrelated,train,NOT
tune up wireless audio systems,WizIQ,DIFFERENT,random_unrelated,train,NOT
use communication devices,estimate costs of installing telecommunication devices,DIFFERENT,random_unrelated,train,NOT
audio editing software,solve ICT system problems,DIFFERENT,random_unrelated,test,NOT
collect cyber defence data,wire security sensors,DIFFERENT,random_unrelated,train,NOT
SAP R3,Computer Assisted Language Learning,DIFFERENT,random_unrelated,train,NOT
Swift,Linux,DIFFERENT,random_unrelated,train,NOT
Microsoft Visio,AJAX,DIFFERENT,random_unrelated,train,NOT
Docker,test computer hardware,DIFFERENT,random_unrelated,train,NOT
apply digital mapping,social media management,DIFFERENT,random_unrelated,test,NOT
create website wireframe,Havok Vision,DIFFERENT,random_unrelated,val,NOT
electronic business,distributed computing,DIFFERENT,random_unrelated,test,NOT
computer engineering,define roadmap for blockchain in applications,DIFFERENT,random_unrelated,test,NOT
edit recorded sound,ICT architectural frameworks,DIFFERENT,random_unrelated,test,NOT
SketchBook Pro,install monitors for process control,DIFFERENT,random_unrelated,train,NOT
implement ICT risk management,Oracle Cloud software,DIFFERENT,random_unrelated,val,NOT
GitHub,business analytics,DIFFERENT,random_unrelated,val,NOT
Microsoft Teams,WildFly,DIFFERENT,random_unrelated,train,NOT
use audio reproduction software,R,DIFFERENT,random_unrelated,train,NOT
cyber attack counter-measures,use production planning software,DIFFERENT,random_unrelated,train,NOT
use mine planning software,use software tools for site modelling,DIFFERENT,random_unrelated,train,NOT
advise customers on type of computer equipment,e-commerce systems,DIFFERENT,random_unrelated,train,NOT
Apache Cassandra,GDPR,DIFFERENT,random_unrelated,train,NOT
telecom regulations,database quality standards,DIFFERENT,random_unrelated,train,NOT
apply ICT terminology,SAP R3,DIFFERENT,random_unrelated,train,NOT
prepare digital art for master photograph,operate audio equipment,DIFFERENT,random_unrelated,train,NOT
maintain ICT system,particle animation,DIFFERENT,random_unrelated,train,NOT
use CAM software,data quality assessment,DIFFERENT,random_unrelated,train,NOT
digital game genres,information confidentiality,DIFFERENT,random_unrelated,train,NOT
identify digital competence gaps,maintain broadcast equipment,DIFFERENT,random_unrelated,test,NOT
Prototyping development,Microsoft Windows,DIFFERENT,random_unrelated,train,NOT
create 3D CAD footwear prototypes,motion capture,DIFFERENT,random_unrelated,train,NOT
use communication and collaboration software,upgrade firmware,DIFFERENT,random_unrelated,train,NOT
utilise decision support system,use internet chat,DIFFERENT,random_unrelated,train,NOT
Parrot Security OS,collect data using GPS,DIFFERENT,random_unrelated,train,NOT
ATM systems,Teradata Database,DIFFERENT,random_unrelated,train,NOT
prepare detailed working drawings for interior design,Haskell,DIFFERENT,random_unrelated,test,NOT
SPARK,predictive maintenance,DIFFERENT,random_unrelated,train,NOT
Apache Maven,algorithms,DIFFERENT,random_unrelated,train,NOT
Ruby,design failover solutions,DIFFERENT,random_unrelated,train,NOT
tend CNC laser cutting machine,operate life-saving appliances,DIFFERENT,random_unrelated,train,NOT
maintain media integration equipment,analyse information systems,DIFFERENT,random_unrelated,train,NOT
maintain up-to-date aeronautical information management services,ethics of sharing work through social media,DIFFERENT,random_unrelated,train,NOT
perform data cleansing,execute ICT audits,DIFFERENT,random_unrelated,train,NOT
define integration strategy,assemble robots,DIFFERENT,random_unrelated,train,NOT
green computing,operate open source software,DIFFERENT,random_unrelated,train,NOT
Spiral development,create software design,DIFFERENT,random_unrelated,test,NOT
XQuery,audio mastering,DIFFERENT,random_unrelated,val,NOT
internet governance,digital arts,DIFFERENT,random_unrelated,test,NOT
use access control software,micro mobility devices,DIFFERENT,random_unrelated,train,NOT
Apache Kafka,use communication equipment,DIFFERENT,random_unrelated,train,NOT
e-commerce systems,perform backups,DIFFERENT,random_unrelated,train,NOT
business analytics,Common Lisp,DIFFERENT,random_unrelated,val,NOT
information categorisation,cut raw footage digitally,DIFFERENT,random_unrelated,test,NOT
operate electronic measuring instruments,operate remote broadcast equipment,DIFFERENT,random_unrelated,val,NOT
Microsoft ASP.NET,SQL Server,DIFFERENT,random_unrelated,train,NOT
adjust ICT system capacity,outline blockchain-based identity management,DIFFERENT,random_unrelated,val,NOT
internal risk management policy,create digital game characters,DIFFERENT,random_unrelated,val,NOT
content development processes,pay-per-click,DIFFERENT,random_unrelated,train,NOT
install electronic communication devices on trains,VBScript,DIFFERENT,random_unrelated,train,NOT
integrate ICT data,Microsoft Active Directory,DIFFERENT,random_unrelated,train,NOT
implement ICT recovery system,3D printing process,DIFFERENT,random_unrelated,train,NOT
use aeronautical mobile service communications,record data from biomedical tests,DIFFERENT,random_unrelated,train,NOT
CAD for footwear,audio editing software,DIFFERENT,random_unrelated,test,NOT
Apache Tomcat,process collected survey data,DIFFERENT,random_unrelated,train,NOT
gather data,operate life-saving appliances,DIFFERENT,random_unrelated,train,NOT
explain distributed ledger technologies principles,Procore software,DIFFERENT,random_unrelated,train,NOT
maintain radio communications equipment,specialised astrology software,DIFFERENT,random_unrelated,train,NOT
handle cybersecurity incidents,use technology for forensics,DIFFERENT,random_unrelated,train,NOT
set up automotive robot,machine translation,DIFFERENT,random_unrelated,train,NOT
rig 3D characters,technical drawings,DIFFERENT,random_unrelated,train,NOT
type on electronic devices,interpret graphical recordings of rail-flaw-detection machine,DIFFERENT,random_unrelated,train,NOT
Process-based management,Atlassian JIRA,DIFFERENT,random_unrelated,train,NOT
CryEngine,identify digital competence gaps,DIFFERENT,random_unrelated,test,NOT
model microelectronics,perform safety data analysis,DIFFERENT,random_unrelated,train,NOT
Microsoft SQL Server Reporting Services SSRS,communicate using the global maritime distress and safety system,DIFFERENT,random_unrelated,train,NOT
utilise regular expressions,Pentaho Data Integration,DIFFERENT,random_unrelated,val,NOT
colour grade images with digital intermediate,Django,DIFFERENT,random_unrelated,train,NOT
create animated narratives,software anomalies,DIFFERENT,random_unrelated,train,NOT
WordPress,install image equipment,DIFFERENT,random_unrelated,train,NOT
business intelligence,manage content development projects,DIFFERENT,random_unrelated,train,NOT
React,Synfig,DIFFERENT,random_unrelated,test,NOT
C#,analyse decentralised applications,DIFFERENT,random_unrelated,val,NOT
C#,use logic programming,DIFFERENT,random_unrelated,val,NOT
use CAD for lasts,types of digital badges,DIFFERENT,random_unrelated,train,NOT
transcribe texts,use technology for forensics,DIFFERENT,random_unrelated,train,NOT
Oracle Java 2 Platform Enterprise Edition J2EE,assist multimedia operator,DIFFERENT,random_unrelated,val,NOT
plot show control cues,Atlassian Confluence,DIFFERENT,random_unrelated,test,NOT
align software with system architectures,Samurai Web Testing Framework,DIFFERENT,random_unrelated,train,NOT
perform dimensionality reduction,digital arts,DIFFERENT,random_unrelated,test,NOT
CAM software,principles of animation,DIFFERENT,random_unrelated,val,NOT
Google Analytics,printing on large scale machines,DIFFERENT,random_unrelated,val,NOT
align antennae with receiving dishes,JUnit,DIFFERENT,random_unrelated,train,NOT
specialised astrology software,promote prevention of social isolation,DIFFERENT,random_unrelated,train,NOT
Microsoft Team Foundation Server,Oracle Warehouse Builder,DIFFERENT,random_unrelated,train,NOT
perform software recovery testing,tend CNC metal punch press,DIFFERENT,random_unrelated,train,NOT
create 3D environments,use ICT equipment in maintenance activities,DIFFERENT,random_unrelated,val,NOT
TypeScript,prepare detailed working drawings for interior design,DIFFERENT,random_unrelated,test,NOT
iOS,normalise data,DIFFERENT,random_unrelated,train,NOT
C#,explain blockchain implications,DIFFERENT,random_unrelated,val,NOT
software anomalies,adjust hearing aids,DIFFERENT,random_unrelated,train,NOT
create data sets,conduct search engine optimisation,DIFFERENT,random_unrelated,val,NOT
set up documentation control system,Procore software,DIFFERENT,random_unrelated,train,NOT
use shorthand computer program,Outsourcing model,DIFFERENT,random_unrelated,train,NOT
maintain warehouse database,ML (computer programming),DIFFERENT,random_unrelated,train,NOT
analyse gambling data,provide ICT support,DIFFERENT,random_unrelated,train,NOT
Google Sheets,convert different audiovisual formats,DIFFERENT,random_unrelated,train,NOT
explain distributed ledger technologies principles,compare survey computations,DIFFERENT,random_unrelated,train,NOT
wire security sensors,implement data warehousing techniques,DIFFERENT,random_unrelated,train,NOT
internet governance,penetration testing tool,DIFFERENT,random_unrelated,test,NOT
captioning software,Microsoft Visual Basic for Applications VBA,DIFFERENT,random_unrelated,test,NOT
Groovy,database management systems,DIFFERENT,random_unrelated,train,NOT
software interaction design,digital arts,DIFFERENT,random_unrelated,test,NOT
explain blockchain implications,execute software tests,DIFFERENT,random_unrelated,val,NOT
domain name service,create animated narratives,DIFFERENT,random_unrelated,train,NOT
Havok Vision,XQuery,DIFFERENT,random_unrelated,val,NOT
particle animation,Microsoft ASP.NET,DIFFERENT,random_unrelated,train,NOT
create infrared imagery,Scala,DIFFERENT,random_unrelated,train,NOT
use communication equipment,software design methodologies,DIFFERENT,random_unrelated,train,NOT
Outsourcing model,blockchain-based services regulation,DIFFERENT,random_unrelated,train,NOT
John The Ripper (penetration testing tool),computer vision,DIFFERENT,random_unrelated,val,NOT
Monte Carlo simulation,application usability,DIFFERENT,random_unrelated,train,NOT
model microelectronics,maintain automated lighting equipment,DIFFERENT,random_unrelated,train,NOT
supervise data entry,Mozilla Firefox,DIFFERENT,random_unrelated,train,NOT
specialised astrology software,develop food scanner devices,DIFFERENT,random_unrelated,train,NOT
digital identity management,Scala,DIFFERENT,random_unrelated,train,NOT
create digital content,OpenEdge Database,DIFFERENT,random_unrelated,val,NOT
use meteorological tools to forecast meteorological conditions,GDPR,DIFFERENT,random_unrelated,train,NOT
healthcare data systems,specialised astrology software,DIFFERENT,random_unrelated,train,NOT
adjust hearing aids,hybrid model,DIFFERENT,random_unrelated,train,NOT
Brightspace (learning management systems),Assembly (computer programming),DIFFERENT,random_unrelated,train,NOT
edit digital moving images,manage environmental management system,DIFFERENT,random_unrelated,train,NOT
Microsoft Edge,use digital illustration techniques,DIFFERENT,random_unrelated,train,NOT
use logic programming,design a media integration system,DIFFERENT,random_unrelated,val,NOT
manage data collection systems,work with e-services available to citizens,DIFFERENT,random_unrelated,train,NOT
research website users,automatic meter reading,DIFFERENT,random_unrelated,train,NOT
monitor ICT research,deploy cloud resource,DIFFERENT,random_unrelated,test,NOT
use specific data analysis software,Oracle Primavera Enterprise Project Portfolio Management,DIFFERENT,random_unrelated,val,NOT
Grovo,internet governance,DIFFERENT,random_unrelated,test,NOT
Oracle Primavera Enterprise Project Portfolio Management,develop ICT test suite,DIFFERENT,random_unrelated,val,NOT
apply social media marketing,scan photos,DIFFERENT,random_unrelated,train,NOT
manage system security,system backup best practice,DIFFERENT,random_unrelated,train,NOT
create digital content,tend CNC drilling machine,DIFFERENT,random_unrelated,val,NOT
test improved aeronautical information management systems,blockchain consensus mechanisms,DIFFERENT,random_unrelated,test,NOT
hardware architectures,ensure adherence to organisational ICT standards,DIFFERENT,random_unrelated,train,NOT
evaluate blockchain architectures,model power electronics,DIFFERENT,random_unrelated,train,NOT
IBM InfoSphere DataStage,apply digital mapping,DIFFERENT,random_unrelated,test,NOT
install monitors for process control,Red Hat Enterprise Linux,DIFFERENT,random_unrelated,train,NOT
digital image processing,ICT accessibility standards,DIFFERENT,random_unrelated,test,NOT
apply social media marketing,coordinate audio system programmes,DIFFERENT,random_unrelated,train,NOT
manage dispatch software systems,software architecture models,DIFFERENT,random_unrelated,test,NOT
install electronic communication equipment,STAF,DIFFERENT,random_unrelated,val,NOT
IBM SPSS Statistics,manage content development projects,DIFFERENT,random_unrelated,train,NOT
interfacing techniques,innovate in ICT,DIFFERENT,random_unrelated,train,NOT
Filemaker (database management systems),design infrastructure for surface mines,DIFFERENT,random_unrelated,test,NOT
Google Analytics,design a media integration system,DIFFERENT,random_unrelated,val,NOT
tools for ICT test automation,design control systems,DIFFERENT,random_unrelated,train,NOT
apply operations for an ITIL-based environment,health technology assessment,DIFFERENT,random_unrelated,train,NOT
collect customer data,use global distribution system,DIFFERENT,random_unrelated,test,NOT
do cloud refactoring,repair mobile devices,DIFFERENT,random_unrelated,val,NOT
use customer relationship management software,Salt (tools for software configuration management),DIFFERENT,random_unrelated,test,NOT
design computer network,broadcast using Internet Protocol,DIFFERENT,random_unrelated,train,NOT
Salt (tools for software configuration management),implement anti-virus software,DIFFERENT,random_unrelated,test,NOT
ICT help platforms,Metasploit,DIFFERENT,random_unrelated,train,NOT
Oracle Java,use e-services,DIFFERENT,random_unrelated,train,NOT
supercomputing,Oracle Cloud software,DIFFERENT,random_unrelated,val,NOT
deploy cloud resource,translate requirements into visual design,DIFFERENT,random_unrelated,test,NOT
Shell script,Atlassian JIRA,DIFFERENT,random_unrelated,train,NOT
use 3D scanners for clothing,"design the digital interface of gambling, betting and lottery games",DIFFERENT,random_unrelated,train,NOT
design for organisational complexity,interpret automatic call distribution data,DIFFERENT,random_unrelated,val,NOT
apply basic programming skills,Spiral development,DIFFERENT,random_unrelated,test,NOT
data storage,types of audiovisual formats,DIFFERENT,random_unrelated,train,NOT
Transact-SQL,evaluate blockchain architectures,DIFFERENT,random_unrelated,train,NOT
prepare digital art for master photograph,solve location and navigation problems by using GPS tools,DIFFERENT,random_unrelated,train,NOT
repair ICT devices,speech recognition,DIFFERENT,random_unrelated,train,NOT
blockchain application areas,define database physical structure,DIFFERENT,random_unrelated,train,NOT
use sound measuring instruments,create advocacy material,DIFFERENT,random_unrelated,train,NOT
prepare detailed working drawings for interior design,Java (computer programming),DIFFERENT,random_unrelated,test,NOT
Microsoft SQL Server,algorithms,DIFFERENT,random_unrelated,train,NOT
Oracle Primavera Enterprise Project Portfolio Management,integrate content into output media,DIFFERENT,random_unrelated,val,NOT
design brand's online communication plan,define integration strategy,DIFFERENT,random_unrelated,train,NOT
perform dimensionality reduction,conduct ICT code review,DIFFERENT,random_unrelated,test,NOT
Microsoft SQL Server,Apple iOS,DIFFERENT,random_unrelated,train,NOT
mobile marketing,robotics,DIFFERENT,random_unrelated,train,NOT
systems theory,operate seismic equipment,DIFFERENT,random_unrelated,train,NOT
animate 3D organic forms,Apache Hive,DIFFERENT,random_unrelated,train,NOT
use chromatography software,operate electronic measuring instruments,DIFFERENT,random_unrelated,val,NOT
operate digital hardware,produce scanned images,DIFFERENT,random_unrelated,train,NOT
Splunk Enterprise,use a complex communication system,DIFFERENT,random_unrelated,val,NOT
social media management,use polygonal modelling,DIFFERENT,random_unrelated,test,NOT
use experience map,printed circuit boards,DIFFERENT,random_unrelated,train,NOT
data mining,manage environmental management system,DIFFERENT,random_unrelated,train,NOT
execute social engineering tests,SAS,DIFFERENT,random_unrelated,train,NOT
perform data cleansing,perform virtual simulation,DIFFERENT,random_unrelated,train,NOT
3D printing process,operate mailing information systems,DIFFERENT,random_unrelated,train,NOT
integrate system components,use rental management software,DIFFERENT,random_unrelated,train,NOT
read 3D displays,optimise fleet usability,DIFFERENT,random_unrelated,train,NOT
Microsoft Access,supervise data entry,DIFFERENT,random_unrelated,train,NOT
establish data processes,develop automated software tests,DIFFERENT,random_unrelated,train,NOT
desktop publishing,global navigation satellite system performance parameters,DIFFERENT,random_unrelated,train,NOT
maintain internet protocol configuration,develop virtual game engine,DIFFERENT,random_unrelated,val,NOT
use fleet management system,log transmitter readings,DIFFERENT,random_unrelated,val,NOT
create digital game characters,maintain internet protocol configuration,DIFFERENT,random_unrelated,val,NOT
conduct analysis of ship data,assistive technology in education,DIFFERENT,random_unrelated,test,NOT
computer vision,perform pill branding,DIFFERENT,random_unrelated,val,NOT
mobile device management,ICT process quality models,DIFFERENT,random_unrelated,train,NOT
printed circuit boards testing methods,use functional programming,DIFFERENT,random_unrelated,train,NOT
CAD for garment manufacturing,identify GIS issues,DIFFERENT,random_unrelated,test,NOT
SQL Server,telecommunications engineering,DIFFERENT,random_unrelated,train,NOT
set up documentation control system,ICT power consumption,DIFFERENT,random_unrelated,train,NOT
hardware platforms,ATM systems,DIFFERENT,random_unrelated,train,NOT
prevent technical problems with media integration systems,analyse stress resistance of materials,DIFFERENT,random_unrelated,train,NOT
Microsoft Visual C++,set colour profiles,DIFFERENT,random_unrelated,train,NOT
ICT power consumption,monitor communication channels' performance,DIFFERENT,random_unrelated,train,NOT
Computer Assisted Language Learning,natural language processing,DIFFERENT,random_unrelated,train,NOT
design user interface,MATLAB,DIFFERENT,random_unrelated,train,NOT
protect ICT devices,health informatics,DIFFERENT,random_unrelated,test,NOT
quantum technology,render 3D images,DIFFERENT,random_unrelated,train,NOT
use computer-aided engineering systems,apply control process statistical methods,DIFFERENT,random_unrelated,train,NOT
ABAP,building automation,DIFFERENT,random_unrelated,train,NOT
COBOL,statistical analysis system software,DIFFERENT,random_unrelated,train,NOT
work with e-services available to citizens,ObjectStore,DIFFERENT,random_unrelated,train,NOT
tend computer numerical control lathe machine,supercomputing,DIFFERENT,random_unrelated,val,NOT
JavaScript Object Notation JSON,test ground system performance,DIFFERENT,random_unrelated,train,NOT
create advocacy material,test computer hardware,DIFFERENT,random_unrelated,train,NOT
VBScript,Scala,DIFFERENT,random_unrelated,train,NOT
C#,do cloud refactoring,DIFFERENT,random_unrelated,val,NOT
maintain freelance database,CA Datacom/DB,DIFFERENT,random_unrelated,train,NOT
use a telecine,database quality standards,DIFFERENT,random_unrelated,train,NOT
cyber attack counter-measures,digital journalism,DIFFERENT,random_unrelated,train,NOT
Alteryx software,medical informatics,DIFFERENT,random_unrelated,test,NOT
perform pill branding,printing on large scale machines,DIFFERENT,random_unrelated,val,NOT
set up media storage,forecast future ICT network needs,DIFFERENT,random_unrelated,train,NOT
attend to ICT systems quality,set up audiovisual peripheral equipment,DIFFERENT,random_unrelated,val,NOT
ICT sales methodologies,data visualisation software,DIFFERENT,random_unrelated,val,NOT
design failover solutions,interact through digital technologies,DIFFERENT,random_unrelated,train,NOT
LINQ,Prometheus,DIFFERENT,random_unrelated,train,NOT
use sales forecasting softwares,create digital game characters,DIFFERENT,random_unrelated,val,NOT
define database physical structure,Workday software,DIFFERENT,random_unrelated,train,NOT
implement anti-virus software,maintain broadcast equipment,DIFFERENT,random_unrelated,test,NOT
"design the digital interface of gambling, betting and lottery games",perform software recovery testing,DIFFERENT,random_unrelated,train,NOT
apply ICT system usage policies,operate relational database management system,DIFFERENT,random_unrelated,train,NOT
install automation components,principles of animation,DIFFERENT,random_unrelated,val,NOT
manage ICT legacy implication,IBM InfoSphere DataStage,DIFFERENT,random_unrelated,test,NOT
manage radiology information system,Python (computer programming),DIFFERENT,random_unrelated,train,NOT
projection equipment,cryptocurrency,DIFFERENT,random_unrelated,val,NOT
monitor automated machines,provide ICT system training,DIFFERENT,random_unrelated,train,NOT
Wireshark,operate radio equipment,DIFFERENT,random_unrelated,val,NOT
web analytics,analyse clothing 3d prototypes,DIFFERENT,random_unrelated,train,NOT
Yardi software,Microsoft Visual C++,DIFFERENT,random_unrelated,train,NOT
keep up with digital transformation of industrial processes,Alteryx software,DIFFERENT,random_unrelated,test,NOT
operate radar equipment,design chassis,DIFFERENT,random_unrelated,val,NOT
blockchain mining principles,guide learners in using assistive technologies,DIFFERENT,random_unrelated,train,NOT
synchronise with mouth movements,IBM Informix,DIFFERENT,random_unrelated,test,NOT
monitor system performance,use computerised maintenance management systems,DIFFERENT,random_unrelated,train,NOT
prepare detailed working drawings for interior design,use ICT ticketing system,DIFFERENT,random_unrelated,test,NOT
apply 3D imaging techniques,computer history,DIFFERENT,random_unrelated,val,NOT
digital game creation systems,study website behaviour patterns,DIFFERENT,random_unrelated,train,NOT
Elasticsearch,Project Anarchy,DIFFERENT,random_unrelated,train,NOT
analyse ICT system,use object-oriented programming,DIFFERENT,random_unrelated,train,NOT
creatively use digital technologies,software UI design patterns,DIFFERENT,random_unrelated,test,NOT
perform ICT troubleshooting,design information system,DIFFERENT,random_unrelated,test,NOT
use colour printing programs,carry out bibliographic work,DIFFERENT,random_unrelated,train,NOT
disassemble mobile devices,apply reverse engineering,DIFFERENT,random_unrelated,train,NOT
Codenvy,manage ICT change request process,DIFFERENT,random_unrelated,train,NOT
solve location and navigation problems by using GPS tools,data mining methods,DIFFERENT,random_unrelated,train,NOT
Agile project management,use aeronautical mobile service communications,DIFFERENT,random_unrelated,train,NOT
quantitative analysis,decision support systems,DIFFERENT,random_unrelated,train,NOT
mobile device management,use back-up and recovery tools,DIFFERENT,random_unrelated,train,NOT
Xcode,blockchain history,DIFFERENT,random_unrelated,train,NOT
apply colour grading,operate 2D CAD for footwear,DIFFERENT,random_unrelated,train,NOT
monitor ICT research,captioning software,DIFFERENT,random_unrelated,test,NOT
use back-up and recovery tools,maintain robotic equipment,DIFFERENT,random_unrelated,train,NOT
Assembly (computer programming),predictive maintenance,DIFFERENT,random_unrelated,train,NOT
assistive technology in education,identify digital competence gaps,DIFFERENT,random_unrelated,test,NOT
principles of animation,create 3D environments,DIFFERENT,random_unrelated,val,NOT
use access control software,design ventilation network,DIFFERENT,random_unrelated,train,NOT
data mining methods,GameSalad,DIFFERENT,random_unrelated,train,NOT
install automation components,plan social media marketing campaigns,DIFFERENT,random_unrelated,val,NOT
run a media server,ICT sales methodologies,DIFFERENT,random_unrelated,val,NOT
use computerised maintenance management systems,model power electronics,DIFFERENT,random_unrelated,train,NOT
manage email hosting service,record data from biomedical tests,DIFFERENT,random_unrelated,train,NOT
manage software releases,distributed ledger technologies consensus protocols,DIFFERENT,random_unrelated,val,NOT
repair lockable devices,perform forensic preservations of digital devices,DIFFERENT,random_unrelated,train,NOT
conduct analysis of ship data,develop geological databases,DIFFERENT,random_unrelated,test,NOT
operate audio-signal processors,audio mastering,DIFFERENT,random_unrelated,val,NOT
levels of software testing,predictive maintenance,DIFFERENT,random_unrelated,train,NOT
computer simulation,ICT network routing,DIFFERENT,random_unrelated,train,NOT
Mozilla Firefox,digital printing,DIFFERENT,random_unrelated,train,NOT
develop design plans,develop data processing applications,DIFFERENT,random_unrelated,train,NOT
set up tote board,Grovo,DIFFERENT,random_unrelated,test,NOT
R,cut raw footage digitally,DIFFERENT,random_unrelated,test,NOT
integrated circuit types,LINQ,DIFFERENT,random_unrelated,train,NOT
manage flight data communications programme,prepare sound equipment on stage,DIFFERENT,random_unrelated,test,NOT
operate audio equipment,emergent technologies,DIFFERENT,random_unrelated,train,NOT
data warehouse,innovate in ICT,DIFFERENT,random_unrelated,train,NOT
database,set up basic recording,DIFFERENT,random_unrelated,train,NOT
hybrid control systems,develop software prototype,DIFFERENT,random_unrelated,train,NOT
electronic locks,transcribe texts,DIFFERENT,random_unrelated,train,NOT
Filemaker (database management systems),use customer relationship management software,DIFFERENT,random_unrelated,test,NOT
Vagrant,maintain radio communications equipment,DIFFERENT,random_unrelated,train,NOT
Metasploit,OmniPage,DIFFERENT,random_unrelated,train,NOT
program a CNC controller,creatively use digital technologies,DIFFERENT,random_unrelated,test,NOT
process collected survey data,quantum technology,DIFFERENT,random_unrelated,train,NOT
operate audio equipment,Transact-SQL,DIFFERENT,random_unrelated,train,NOT
apply 3D imaging techniques,ICT project management,DIFFERENT,random_unrelated,val,NOT
trading software,utilise computer-aided software engineering tools,DIFFERENT,random_unrelated,test,NOT
test sensors,types of audiovisual formats,DIFFERENT,random_unrelated,train,NOT
hardware testing methods,sensors,DIFFERENT,random_unrelated,train,NOT
digital game creation systems,ICT security standards,DIFFERENT,random_unrelated,train,NOT
conduct impact evaluation of ICT processes on business,use e-tourism platforms,DIFFERENT,random_unrelated,test,NOT
set up multimedia equipment,manage donor database,DIFFERENT,random_unrelated,train,NOT
repair equipment on site,develop digital educational materials,DIFFERENT,random_unrelated,train,NOT
collection management software,building automation,DIFFERENT,random_unrelated,train,NOT
use computer programs to improve patients' skills,blockchain application areas,DIFFERENT,random_unrelated,train,NOT
Maltego,DB2,DIFFERENT,random_unrelated,train,NOT
wire security sensors,estimate costs of installing telecommunication devices,DIFFERENT,random_unrelated,train,NOT
CAE software,provide training on e-learning,DIFFERENT,random_unrelated,train,NOT
manage cloud data and storage,disassemble mobile devices,DIFFERENT,random_unrelated,train,NOT
operate echo sounding equipment,operate signal generator,DIFFERENT,random_unrelated,train,NOT
BlackArch,ICT project management methodologies,DIFFERENT,random_unrelated,train,NOT
types of audiovisual formats,Apache Spark,DIFFERENT,random_unrelated,train,NOT
video conferencing tool,application usability,DIFFERENT,random_unrelated,train,NOT
use IT tools,use specific data analysis software,DIFFERENT,random_unrelated,val,NOT
manage keys for data protection,statistical analysis system software,DIFFERENT,random_unrelated,train,NOT
operate voice picking systems,Apache Hive,DIFFERENT,random_unrelated,train,NOT
design electronic systems,TensorFlow,DIFFERENT,random_unrelated,train,NOT
operate an emergency communication system,use pest detection sensors,DIFFERENT,random_unrelated,train,NOT
transmission technology,use communication and collaboration software,DIFFERENT,random_unrelated,train,NOT
audit techniques,ICT accessibility standards,DIFFERENT,random_unrelated,test,NOT
office software,Backbox (penetration testing tool),DIFFERENT,random_unrelated,train,NOT
Process-based management,collect mapping data,DIFFERENT,random_unrelated,train,NOT
distributed computing,translate requirements into visual design,DIFFERENT,random_unrelated,test,NOT
graphics editor software,Atlassian Confluence,DIFFERENT,random_unrelated,test,NOT
PHP,manage software localisation,DIFFERENT,random_unrelated,train,NOT
coordinate audio system programmes,SketchBook Pro,DIFFERENT,random_unrelated,train,NOT
protect health and well-being while using digital technologies,use e-services,DIFFERENT,random_unrelated,train,NOT
program home alarm systems,study radar images,DIFFERENT,random_unrelated,train,NOT
Agile development,develop ICT test suite,DIFFERENT,random_unrelated,val,NOT
Parrot Security OS,operate seismic equipment,DIFFERENT,random_unrelated,train,NOT
operate open source software,blockchain platforms,DIFFERENT,random_unrelated,train,NOT
Oracle PeopleSoft,create 3D environments,DIFFERENT,random_unrelated,val,NOT
develop digital content,NoSQL,DIFFERENT,random_unrelated,train,NOT
GitHub,perform image editing,DIFFERENT,random_unrelated,val,NOT
online gambling,Salt (tools for software configuration management),DIFFERENT,random_unrelated,test,NOT
output electronic files,transfer medical information,DIFFERENT,random_unrelated,train,NOT
ICT quality policy,manage cloud data and storage,DIFFERENT,random_unrelated,train,NOT
PostgreSQL,set up documentation control system,DIFFERENT,random_unrelated,train,NOT
use logic programming,C#,DIFFERENT,random_unrelated,val,NOT
blockchain terminology,apply through-hole technology manually,DIFFERENT,random_unrelated,train,NOT
blockchain history,animate 3D organic forms,DIFFERENT,random_unrelated,train,NOT
ATM systems,Assembly (computer programming),DIFFERENT,random_unrelated,train,NOT
manage radiology information system,airspace system block upgrades,DIFFERENT,random_unrelated,train,NOT
analyse network bandwidth requirements,maintain information network hardware,DIFFERENT,random_unrelated,train,NOT
CSS,data storage,DIFFERENT,random_unrelated,train,NOT
Brightspace (learning management systems),perform video editing,DIFFERENT,random_unrelated,train,NOT
IBM InfoSphere DataStage,set up cybersecurity training programmes,DIFFERENT,random_unrelated,test,NOT
analyse clothing 3d prototypes,Smalltalk (computer programming),DIFFERENT,random_unrelated,train,NOT
BlackBerry,animate 3D organic forms,DIFFERENT,random_unrelated,train,NOT
use software for data preservation,telecommunications engineering,DIFFERENT,random_unrelated,train,NOT
manage online communications,perform software recovery testing,DIFFERENT,random_unrelated,train,NOT
scan negatives,test ground system performance,DIFFERENT,random_unrelated,train,NOT
tend CNC metal punch press,compare survey computations,DIFFERENT,random_unrelated,train,NOT
test microelectronics,model medical devices,DIFFERENT,random_unrelated,test,NOT
create a crowdfunding campaign,C,DIFFERENT,random_unrelated,val,NOT
AJAX,lean project management,DIFFERENT,random_unrelated,train,NOT
apply blended learning,use software design patterns,DIFFERENT,random_unrelated,val,NOT
blockchain,Apple Safari,DIFFERENT,random_unrelated,train,NOT
telecommunications engineering,operate voice picking systems,DIFFERENT,random_unrelated,train,NOT
database,ICT process quality models,DIFFERENT,random_unrelated,train,NOT
application usability,Oracle Warehouse Builder,DIFFERENT,random_unrelated,train,NOT
implement ICT security policies,operate audio equipment,DIFFERENT,random_unrelated,train,NOT
repair mobile devices,apply desktop publishing techniques,DIFFERENT,random_unrelated,val,NOT
digital curation,collect cyber defence data,DIFFERENT,random_unrelated,train,NOT
Absorb (learning management systems),create CAD drawings,DIFFERENT,random_unrelated,train,NOT
scan negatives,hardware testing methods,DIFFERENT,random_unrelated,train,NOT
utilise content types,perform data cleansing,DIFFERENT,random_unrelated,train,NOT
carry out forum moderation,replicate customer software issues,DIFFERENT,random_unrelated,train,NOT
use ICT hardware,create CAD drawings,DIFFERENT,random_unrelated,train,NOT
QlikView Expressor,Pascal (computer programming),DIFFERENT,random_unrelated,val,NOT
audio editing software,design cloud architecture,DIFFERENT,random_unrelated,test,NOT
guide learners in using assistive technologies,design pharmaceutical manufacturing systems,DIFFERENT,random_unrelated,train,NOT
Open source model,model power electronics,DIFFERENT,random_unrelated,train,NOT
content development processes,mobile marketing,DIFFERENT,random_unrelated,train,NOT
ASP.NET,jQuery,DIFFERENT,random_unrelated,train,NOT
animate 3D organic forms,computerised feeding systems,DIFFERENT,random_unrelated,train,NOT
Brightspace (learning management systems),troubleshoot website,DIFFERENT,random_unrelated,train,NOT
scan photos,Backbox (penetration testing tool),DIFFERENT,random_unrelated,train,NOT
maintain audiovisual equipment,principles of artificial intelligence,DIFFERENT,random_unrelated,val,NOT
provide ICT system training,manage digital identity,DIFFERENT,random_unrelated,train,NOT
RAGE (digital game creation systems),align antennae with receiving dishes,DIFFERENT,random_unrelated,train,NOT
assess users' interaction with ICT applications,design automation components,DIFFERENT,random_unrelated,train,NOT
Django,install operating system,DIFFERENT,random_unrelated,train,NOT
music and video industry,"evaluate data, information and digital content",DIFFERENT,random_unrelated,test,NOT
cloud technologies,ServiceNow,DIFFERENT,random_unrelated,train,NOT
predictive maintenance,KDevelop,DIFFERENT,random_unrelated,train,NOT
use electronic health records in nursing,interpret graphical communication interfaces,DIFFERENT,random_unrelated,train,NOT
advise on online dating,design control systems,DIFFERENT,random_unrelated,train,NOT
execute ICT user research activities,modern power signalling systems,DIFFERENT,random_unrelated,train,NOT
GraphQL,monitor online competitors,DIFFERENT,random_unrelated,train,NOT
create a crowdfunding campaign,aquaculture production planning software,DIFFERENT,random_unrelated,val,NOT
recognise blockchain risks,Apache Subversion SVN,DIFFERENT,random_unrelated,test,NOT
ICT environmental policies,"data extraction, transformation and loading tools",DIFFERENT,random_unrelated,val,NOT
set up consumer electronics,use sound measuring instruments,DIFFERENT,random_unrelated,train,NOT
Chef (tools for software configuration management),video-games trends,DIFFERENT,random_unrelated,train,NOT
create prototype of user experience solutions,JUnit,DIFFERENT,random_unrelated,train,NOT
apply colour grading,select recording source,DIFFERENT,random_unrelated,train,NOT
test sensors,use capturing systems for live performance,DIFFERENT,random_unrelated,train,NOT
technology education,conduct clinical software research,DIFFERENT,random_unrelated,train,NOT
perform ICT security testing,C,DIFFERENT,random_unrelated,val,NOT
Microsoft SQL Server Reporting Services SSRS,demonstrate functionality of software products,DIFFERENT,random_unrelated,train,NOT
supervise data entry,use capturing systems for live performance,DIFFERENT,random_unrelated,train,NOT
data warehouse,analyse gambling data,DIFFERENT,random_unrelated,train,NOT
Perl,medical informatics,DIFFERENT,random_unrelated,test,NOT
software components suppliers,microelectromechanical systems,DIFFERENT,random_unrelated,train,NOT
maintain ICT system,IBM DB2,DIFFERENT,random_unrelated,train,NOT
use internet chat,supervise video and motion picture editing team,DIFFERENT,random_unrelated,train,NOT
software metrics,use object-oriented programming,DIFFERENT,random_unrelated,train,NOT
operate sound live,network standards,DIFFERENT,random_unrelated,train,NOT
conduct ICT code review,use thermal analysis,DIFFERENT,random_unrelated,test,NOT
video-games trends,ICT system integration,DIFFERENT,random_unrelated,train,NOT
smart contract programming languages,WizIQ,DIFFERENT,random_unrelated,train,NOT
disassemble mobile devices,tools for ICT test automation,DIFFERENT,random_unrelated,train,NOT
use content management system software,emergent technologies,DIFFERENT,random_unrelated,train,NOT
blockchain mining principles,integrated circuit types,DIFFERENT,random_unrelated,train,NOT
maintain ICT system,Apache Hive,DIFFERENT,random_unrelated,train,NOT
video-games functionalities,design a domotic system in buildings,DIFFERENT,random_unrelated,train,NOT
maintain computerised records of railway traffic,follow up online user requests,DIFFERENT,random_unrelated,train,NOT
Assembly (computer programming),Microsoft Visual C++,DIFFERENT,random_unrelated,train,NOT
embedded systems,social media marketing techniques,DIFFERENT,random_unrelated,val,NOT
analyse pipeline database information,aquaculture production planning software,DIFFERENT,random_unrelated,val,NOT
digital printing,pay-per-click,DIFFERENT,random_unrelated,train,NOT
operate maritime communication equipment,aircraft flight control systems,DIFFERENT,random_unrelated,train,NOT
computer graphics,virtual reality,DIFFERENT,random_unrelated,train,NOT
hardware components,evaluate musical ideas,DIFFERENT,random_unrelated,test,NOT
use radar navigation,run a media server,DIFFERENT,random_unrelated,val,NOT
ICT communications protocols,develop geological databases,DIFFERENT,random_unrelated,test,NOT
monitor quality of broadcasts,digital curation,DIFFERENT,random_unrelated,train,NOT
Prolog (computer programming),develop computer vision system,DIFFERENT,random_unrelated,train,NOT
Oracle Data Integrator,digital camera sensors,DIFFERENT,random_unrelated,train,NOT
manage digital libraries,Prolog (computer programming),DIFFERENT,random_unrelated,train,NOT
build recommender systems,deliver online training,DIFFERENT,random_unrelated,train,NOT
OmniPage,SAS,DIFFERENT,random_unrelated,train,NOT
evaluate musical ideas,software interaction design,DIFFERENT,random_unrelated,test,NOT
manage system testing,Microsoft Power BI,DIFFERENT,random_unrelated,train,NOT
develop design plans,define ICT network design policies,DIFFERENT,random_unrelated,train,NOT
knowledge base,operate computerised control systems,DIFFERENT,random_unrelated,train,NOT
create weather maps,test improved aeronautical information management systems,DIFFERENT,random_unrelated,test,NOT
PostgreSQL,Microsoft Teams,DIFFERENT,random_unrelated,train,NOT
data quality assessment,Monte Carlo simulation,DIFFERENT,random_unrelated,train,NOT
e-tailoring,Project Anarchy,DIFFERENT,random_unrelated,train,NOT
blockchain applications security principles,repair mobile devices,DIFFERENT,random_unrelated,val,NOT
develop blockchain technology,assess integrated domotics systems,DIFFERENT,random_unrelated,val,NOT
Metasploit,provide software testing documentation,DIFFERENT,random_unrelated,train,NOT
integrate and re-elaborate digital content,operate control panels,DIFFERENT,random_unrelated,train,NOT
3D texturing,cloud monitoring and reporting,DIFFERENT,random_unrelated,test,NOT
create game testing software,Java (computer programming),DIFFERENT,random_unrelated,test,NOT
deliver visual presentation of data,create CAD drawings,DIFFERENT,random_unrelated,train,NOT
manage standard enterprise resource planning system,handle geospatial technologies,DIFFERENT,random_unrelated,train,NOT
cryptocurrency,Oracle Cloud software,DIFFERENT,random_unrelated,val,NOT
Metasploit,mobile device management,DIFFERENT,random_unrelated,train,NOT
operate automatic cutting systems for footwear and leather goods,analyse network bandwidth requirements,DIFFERENT,random_unrelated,train,NOT
use polygonal modelling,use thermal analysis,DIFFERENT,random_unrelated,test,NOT
intellectual property regime of digital content,operate audio equipment,DIFFERENT,random_unrelated,train,NOT
use fleet management system,ICT security legislation,DIFFERENT,random_unrelated,val,NOT
establish an ICT security prevention plan,operate an audio mixing console,DIFFERENT,random_unrelated,train,NOT
manage content metadata,design power electronics,DIFFERENT,random_unrelated,val,NOT
use mathematical tools and equipment,field-programmable gate arrays,DIFFERENT,random_unrelated,train,NOT
track changes in text editing,create infrared imagery,DIFFERENT,random_unrelated,train,NOT
collect customer data,ICT problem management techniques,DIFFERENT,random_unrelated,test,NOT
store digital data and systems,use personal organization software,DIFFERENT,random_unrelated,train,NOT
ICT market,maintain a central project repository,DIFFERENT,random_unrelated,val,NOT
Red Hat Enterprise Linux,Taleo,DIFFERENT,random_unrelated,train,NOT
TensorFlow,compare survey computations,DIFFERENT,random_unrelated,train,NOT
create software design,use e-tourism platforms,DIFFERENT,random_unrelated,test,NOT
use CAE software,Chef,DIFFERENT,random_unrelated,train,NOT
CADD software,WebCMS,DIFFERENT,random_unrelated,train,NOT
manage disaster recovery plans,synchronise with mouth movements,DIFFERENT,random_unrelated,test,NOT
test ICT queries,use shorthand computer program,DIFFERENT,random_unrelated,train,NOT
evaluate blockchain architectures,integrated circuit types,DIFFERENT,random_unrelated,train,NOT
evaluate musical ideas,collect customer data,DIFFERENT,random_unrelated,test,NOT
image recognition,define ICT network design policies,DIFFERENT,random_unrelated,train,NOT
conduct search engine optimisation,maintain ICT identity management,DIFFERENT,random_unrelated,val,NOT
Shell script,carry out forum moderation,DIFFERENT,random_unrelated,train,NOT
maintain ICT identity management,John The Ripper (penetration testing tool),DIFFERENT,random_unrelated,val,NOT
create 2D painting,Microsoft SQL Server,DIFFERENT,random_unrelated,train,NOT
task algorithmisation,evaluate translation technologies,DIFFERENT,random_unrelated,train,NOT
ICT project management,develop virtual game engine,DIFFERENT,random_unrelated,val,NOT
systems development life-cycle,Docker,DIFFERENT,random_unrelated,train,NOT
solve technical problems,Swift (computer programming),DIFFERENT,random_unrelated,train,NOT
use back-up and recovery tools,Visual Basic,DIFFERENT,random_unrelated,train,NOT
data protection,integrate content into output media,DIFFERENT,random_unrelated,val,NOT
online job platforms,consumer electronics,DIFFERENT,random_unrelated,val,NOT
software metrics,Taleo,DIFFERENT,random_unrelated,train,NOT
ObjectStore,Asana,DIFFERENT,random_unrelated,train,NOT
balance database resources,maintain automated lighting equipment,DIFFERENT,random_unrelated,train,NOT
Apache Spark,modern power signalling systems,DIFFERENT,random_unrelated,train,NOT
advise on online dating,ICT encryption,DIFFERENT,random_unrelated,train,NOT
align antennae with receiving dishes,apply reverse engineering,DIFFERENT,random_unrelated,train,NOT
e-commerce systems,use e-services,DIFFERENT,random_unrelated,train,NOT
design database scheme,develop ICT safety information,DIFFERENT,random_unrelated,test,NOT
smart grids systems,Internet of Things,DIFFERENT,random_unrelated,train,NOT
ensure adherence to organisational ICT standards,maintain pricing database,DIFFERENT,random_unrelated,train,NOT
maintain sensor equipment,Agile development,DIFFERENT,random_unrelated,val,NOT
solve location and navigation problems by using GPS tools,develop e-learning plan,DIFFERENT,random_unrelated,train,NOT
use software for data preservation,study website behaviour patterns,DIFFERENT,random_unrelated,train,NOT
Atlassian Confluence,use creative suite software,DIFFERENT,random_unrelated,test,NOT
operate an audio mixing console,manage software localisation,DIFFERENT,random_unrelated,train,NOT
apply colour grading,lean project management,DIFFERENT,random_unrelated,train,NOT
work with virtual learning environments,use translation memory software,DIFFERENT,random_unrelated,train,NOT
maintain control systems for automated equipment,computer technology,DIFFERENT,random_unrelated,train,NOT
manage membership database,operate sound live,DIFFERENT,random_unrelated,train,NOT
maintain robotic equipment,create digital images,DIFFERENT,random_unrelated,train,NOT
LAMS,keep up-to-date to computer trends,DIFFERENT,random_unrelated,train,NOT
"evaluate data, information and digital content",CAD for garment manufacturing,DIFFERENT,random_unrelated,test,NOT
standards for web-based e-learning,image recognition,DIFFERENT,random_unrelated,train,NOT
analyse ecological data,design cloud architecture,DIFFERENT,random_unrelated,test,NOT
deliver online training,Procore software,DIFFERENT,random_unrelated,train,NOT
Shiva (digital game creation systems),COBOL,DIFFERENT,random_unrelated,train,NOT
web analytics,attack vectors,DIFFERENT,random_unrelated,train,NOT
maintain pricing database,Hadoop,DIFFERENT,random_unrelated,train,NOT
OmniPage,create GIS reports,DIFFERENT,random_unrelated,train,NOT
blockchain components,remove computer virus or malware from a computer,DIFFERENT,random_unrelated,train,NOT
GitLab,ICT project management,DIFFERENT,random_unrelated,val,NOT
deliver online training,monitor quality of broadcasts,DIFFERENT,random_unrelated,train,NOT
design circuit boards,operate automated process control,DIFFERENT,random_unrelated,val,NOT
digital arts,MySQL,DIFFERENT,random_unrelated,test,NOT
C#,assess integrated domotics systems,DIFFERENT,random_unrelated,val,NOT
museum databases,identify ICT security risks,DIFFERENT,random_unrelated,val,NOT
internet governance,computer engineering,DIFFERENT,random_unrelated,test,NOT
perform online data analysis,operate life-saving appliances,DIFFERENT,random_unrelated,train,NOT
process collected survey data,operate two-way radio systems,DIFFERENT,random_unrelated,train,NOT
maintain computer hardware,online analytical processing,DIFFERENT,random_unrelated,train,NOT
operate video equipment,use global distribution system,DIFFERENT,random_unrelated,test,NOT
process data,R,DIFFERENT,random_unrelated,train,NOT
manage digital libraries,JSSS,DIFFERENT,random_unrelated,train,NOT
Kubernetes,CA Datacom/DB,DIFFERENT,random_unrelated,train,NOT
implement spam protection,replicate customer software issues,DIFFERENT,random_unrelated,train,NOT
set up media storage,desktop publishing,DIFFERENT,random_unrelated,train,NOT
technically design a sound system,use typesetting software,DIFFERENT,random_unrelated,train,NOT
control engineering,create CAD drawings,DIFFERENT,random_unrelated,train,NOT
provide ICT support,forecast future ICT network needs,DIFFERENT,random_unrelated,train,NOT
Google Looker Analytics,collection management software,DIFFERENT,random_unrelated,train,NOT
design control systems,follow up online user requests,DIFFERENT,random_unrelated,train,NOT
use reservoir surveillance,WordPress,DIFFERENT,random_unrelated,train,NOT
Docker,collect data using GPS,DIFFERENT,random_unrelated,train,NOT
Groovy,Capture One,DIFFERENT,random_unrelated,train,NOT
identify software for warehouse management,computer simulation,DIFFERENT,random_unrelated,train,NOT
digital identity management,Capture One,DIFFERENT,random_unrelated,train,NOT
ICT security standards,Frostbite (digital game creation systems),DIFFERENT,random_unrelated,train,NOT
store digital data and systems,desktop publishing,DIFFERENT,random_unrelated,train,NOT
explain distributed ledger technologies principles,study website behaviour patterns,DIFFERENT,random_unrelated,train,NOT
use special hearing equipment for tests,use databases,DIFFERENT,random_unrelated,train,NOT
printed circuit boards,design pharmaceutical manufacturing systems,DIFFERENT,random_unrelated,train,NOT
social media management,keep up with digital transformation of industrial processes,DIFFERENT,random_unrelated,test,NOT
interactive media,operate automatic cutting systems for footwear and leather goods,DIFFERENT,random_unrelated,train,NOT
information structure,Apple macOS,DIFFERENT,random_unrelated,train,NOT
robotic components,NoSQL,DIFFERENT,random_unrelated,val,NOT
Gamemaker Studio,ICT security legislation,DIFFERENT,random_unrelated,val,NOT
Java (computer programming),electronic communication,DIFFERENT,random_unrelated,test,NOT
decentralised identifiers,create digital images,DIFFERENT,random_unrelated,train,NOT
create 2D painting,integrate ICT data,DIFFERENT,random_unrelated,train,NOT
tend CNC grinding machine,analyse stress resistance of materials,DIFFERENT,random_unrelated,train,NOT
unmanned air systems,operate digital hardware,DIFFERENT,random_unrelated,train,NOT
UNIX,digital media,DIFFERENT,random_unrelated,train,NOT
levels of software testing,automate cloud tasks,DIFFERENT,random_unrelated,train,NOT
use colour printing programs,design electronic systems,DIFFERENT,random_unrelated,train,NOT
Ruby (computer programming),programmable logic controller,DIFFERENT,random_unrelated,train,NOT
core banking software,ICT infrastructure,DIFFERENT,random_unrelated,train,NOT
automotive engineering,Microsoft Team Foundation Server,DIFFERENT,random_unrelated,train,NOT
use milk control software,field-programmable gate arrays,DIFFERENT,random_unrelated,train,NOT
cut raw footage digitally,perform scrambling operations,DIFFERENT,random_unrelated,test,NOT
create GIS reports,WebCMS,DIFFERENT,random_unrelated,train,NOT
identify ICT system weaknesses,service-oriented modelling,DIFFERENT,random_unrelated,test,NOT
use shorthand computer program,R,DIFFERENT,random_unrelated,train,NOT
weigh in motion system,pay-per-click,DIFFERENT,random_unrelated,train,NOT
"design the digital interface of gambling, betting and lottery games",TypeScript,DIFFERENT,random_unrelated,train,NOT
conduct web searches,prevent technical problems with media integration systems,DIFFERENT,random_unrelated,train,NOT
execute software tests,Oracle Application Development Framework,DIFFERENT,random_unrelated,val,NOT
Microsoft Project,assessment of risks and threats,DIFFERENT,random_unrelated,train,NOT
e-commerce systems,Absorb (learning management systems),DIFFERENT,random_unrelated,train,NOT
manage IT security compliances,Adobe Photoshop Lightroom,DIFFERENT,random_unrelated,train,NOT
e-learning,computer history,DIFFERENT,random_unrelated,val,NOT
Google Analytics,microprocessors,DIFFERENT,random_unrelated,val,NOT
use chromatography software,Splunk Enterprise,DIFFERENT,random_unrelated,val,NOT
Parrot Security OS,statistical analysis system software,DIFFERENT,random_unrelated,train,NOT
operate tote board,Taleo,DIFFERENT,random_unrelated,train,NOT
hardware testing methods,Scratch (computer programming),DIFFERENT,random_unrelated,train,NOT
THC Hydra,Amazon Elastic Compute Cloud EC2,DIFFERENT,random_unrelated,train,NOT
blockchain signature schemes,core banking software,DIFFERENT,random_unrelated,train,NOT
plan marketing campaigns,implement ICT security policies,DIFFERENT,random_unrelated,train,NOT
marketing analytics,BlackArch,DIFFERENT,random_unrelated,train,NOT
conduct impact evaluation of ICT processes on business,MySQL,DIFFERENT,random_unrelated,test,NOT
information confidentiality,maintain responsive design,DIFFERENT,random_unrelated,train,NOT
database,monitor satellites,DIFFERENT,random_unrelated,train,NOT
algorithms,respond to incidents in cloud,DIFFERENT,random_unrelated,train,NOT
Moodle,ICT capacity planning strategies,DIFFERENT,random_unrelated,train,NOT
penetration testing tool,Synfig,DIFFERENT,random_unrelated,test,NOT
3D modelling,Oracle Data Integrator,DIFFERENT,random_unrelated,train,NOT
explain distributed ledger technologies principles,ASP.NET,DIFFERENT,random_unrelated,train,NOT
operate private branch exchange,scan photos,DIFFERENT,random_unrelated,train,NOT
QlikView Expressor,Google Android,DIFFERENT,random_unrelated,val,NOT
set up cybersecurity training programmes,develop online community plan,DIFFERENT,random_unrelated,test,NOT
Scala,query languages,DIFFERENT,random_unrelated,train,NOT
Microsoft PowerShell,real-time computing,DIFFERENT,random_unrelated,train,NOT
Spring Framework,software metrics,DIFFERENT,random_unrelated,train,NOT
search engine optimisation,motion capture,DIFFERENT,random_unrelated,train,NOT
Go,develop virtual game engine,DIFFERENT,random_unrelated,val,NOT
operate an emergency communication system,use communication devices,DIFFERENT,random_unrelated,train,NOT
operating systems,monitor satellites,DIFFERENT,random_unrelated,train,NOT
install automation components,mobile device software frameworks,DIFFERENT,random_unrelated,val,NOT
use microsoft office,interact through digital technologies,DIFFERENT,random_unrelated,train,NOT
business intelligence,Apple macOS,DIFFERENT,random_unrelated,train,NOT
penetration testing tool,create weather maps,DIFFERENT,random_unrelated,test,NOT
Drupal,analyse information systems,DIFFERENT,random_unrelated,train,NOT
principles of animation,create data sets,DIFFERENT,random_unrelated,val,NOT
building automation,manage quantitative data,DIFFERENT,random_unrelated,train,NOT
Selenium,program firmware,DIFFERENT,random_unrelated,val,NOT
provide ICT support,CADD software,DIFFERENT,random_unrelated,train,NOT
ICT project management,data protection,DIFFERENT,random_unrelated,val,NOT
GraphQL,use rental management software,DIFFERENT,random_unrelated,train,NOT
manage online gambling,use global distribution system,DIFFERENT,random_unrelated,test,NOT
use remote control equipment,implement cryptographic constructs,DIFFERENT,random_unrelated,val,NOT
COBOL,automotive engineering,DIFFERENT,random_unrelated,train,NOT
provide guidelines for content development,create risk maps,DIFFERENT,random_unrelated,train,NOT
automate cloud tasks,operate 2D CAD for footwear,DIFFERENT,random_unrelated,train,NOT
test sensors,develop software prototype,DIFFERENT,random_unrelated,train,NOT
Ruby,ICT debugging tools,DIFFERENT,random_unrelated,train,NOT
electronic communication,cut raw footage digitally,DIFFERENT,random_unrelated,test,NOT
tend CNC grinding machine,Internet of Things,DIFFERENT,random_unrelated,train,NOT
system design,create digital files,DIFFERENT,random_unrelated,train,NOT
align software with system architectures,collect mapping data,DIFFERENT,random_unrelated,train,NOT
implement spam protection,Monte Carlo simulation,DIFFERENT,random_unrelated,train,NOT
design component interfaces,identify blockchain innovation opportunities,DIFFERENT,random_unrelated,train,NOT
research website users,Apache Cassandra,DIFFERENT,random_unrelated,train,NOT
analyse blood samples,create moving images,DIFFERENT,random_unrelated,train,NOT
operate 3D computer graphics software,trading software,DIFFERENT,random_unrelated,test,NOT
software components libraries,manage digital archives,DIFFERENT,random_unrelated,test,NOT
keywords in digital content,machine translation,DIFFERENT,random_unrelated,train,NOT
configuration of the tote room hardware,electronic locks,DIFFERENT,random_unrelated,train,NOT
data science,COBOL,DIFFERENT,random_unrelated,train,NOT
learning technologies,JavaScript Object Notation JSON,DIFFERENT,random_unrelated,train,NOT
test microelectronics,Redis,DIFFERENT,random_unrelated,test,NOT
GraphQL,KDevelop,DIFFERENT,random_unrelated,train,NOT
create concept of digital game,solve technical problems,DIFFERENT,random_unrelated,train,NOT
digital printing,Oracle WebLogic,DIFFERENT,random_unrelated,train,NOT
operate stowage programmes,LAMS,DIFFERENT,random_unrelated,train,NOT
use free typing techniques,control panel components,DIFFERENT,random_unrelated,train,NOT
maintain a central project repository,Havok Vision,DIFFERENT,random_unrelated,val,NOT
Waterfall development,Grovo,DIFFERENT,random_unrelated,test,NOT
Google Android,use specific data analysis software,DIFFERENT,random_unrelated,val,NOT
object-oriented modelling,electronic and telecommunication equipment,DIFFERENT,random_unrelated,train,NOT
develop automated migration methods,cyber attack counter-measures,DIFFERENT,random_unrelated,train,NOT
computer equipment,Haskell,DIFFERENT,random_unrelated,test,NOT
Spring Framework,use mathematical tools and equipment,DIFFERENT,random_unrelated,train,NOT
building's electronic access equipment,use back-up and recovery tools,DIFFERENT,random_unrelated,train,NOT
procurement of ICT network equipment,IBM WebSphere,DIFFERENT,random_unrelated,train,NOT
disassemble mobile devices,edit photographs,DIFFERENT,random_unrelated,train,NOT
Common Lisp,Android (mobile operating systems),DIFFERENT,random_unrelated,val,NOT
Atlassian Confluence,test microelectronics,DIFFERENT,random_unrelated,test,NOT
create digital images,follow up online user requests,DIFFERENT,random_unrelated,train,NOT
manage email hosting service,design failover solutions,DIFFERENT,random_unrelated,train,NOT
operate automated stage movement control system,design database backup specifications,DIFFERENT,random_unrelated,train,NOT
use e-procurement,Bootstrap,DIFFERENT,random_unrelated,train,NOT
WordPress,analyse information systems,DIFFERENT,random_unrelated,train,NOT
digitization,IBM InfoSphere DataStage,DIFFERENT,random_unrelated,test,NOT
digital game creation systems,business intelligence,DIFFERENT,random_unrelated,train,NOT
optimise choice of ICT solution,maintain pricing database,DIFFERENT,random_unrelated,train,NOT
online job platforms,blockchain concept application,DIFFERENT,random_unrelated,val,NOT
collect weather-related data,predictive maintenance,DIFFERENT,random_unrelated,train,NOT
identify technological needs,operate media integration systems,DIFFERENT,random_unrelated,train,NOT
operate automated process control,identify ICT security risks,DIFFERENT,random_unrelated,val,NOT
broadcast equipment,inspect data,DIFFERENT,random_unrelated,train,NOT
create game testing software,maintain broadcast equipment,DIFFERENT,random_unrelated,test,NOT
troubleshoot website,perform virtual simulation,DIFFERENT,random_unrelated,train,NOT
online job platforms,C#,DIFFERENT,random_unrelated,val,NOT
C++,program sound cues,DIFFERENT,random_unrelated,train,NOT
mix ink,JSSS,DIFFERENT,random_unrelated,train,NOT
IBM SPSS Statistics,use online tools to collaborate,DIFFERENT,random_unrelated,train,NOT
animate 3D organic forms,define ICT network design policies,DIFFERENT,random_unrelated,train,NOT
web programming,manage archive users guidelines,DIFFERENT,random_unrelated,train,NOT
conduct radiotherapy computer planning,use internet to increase sales,DIFFERENT,random_unrelated,train,NOT
online gambling,use global distribution system,DIFFERENT,random_unrelated,test,NOT
operate automatic cutting systems for footwear and leather goods,recognise blockchain application areas,DIFFERENT,random_unrelated,train,NOT
ICT network cable limitations,utilise machine learning,DIFFERENT,random_unrelated,val,NOT
Microsoft Windows Server,field-programmable gate arrays,DIFFERENT,random_unrelated,train,NOT
creatively use digital technologies,assistive technology in education,DIFFERENT,random_unrelated,test,NOT
collaborate through digital technologies,electronic communication,DIFFERENT,random_unrelated,test,NOT
conduct mobile marketing,fibre optics,DIFFERENT,random_unrelated,test,NOT
Figma,internal risk management policy,DIFFERENT,random_unrelated,val,NOT
perform pill branding,CAM software,DIFFERENT,random_unrelated,val,NOT
protect personal data and privacy,model based system engineering,DIFFERENT,random_unrelated,train,NOT
ICT performance analysis methods,analyse stress resistance of materials,DIFFERENT,random_unrelated,train,NOT
process data,provide multimedia content,DIFFERENT,random_unrelated,train,NOT
projection equipment,hardware materials,DIFFERENT,random_unrelated,val,NOT
analyse ecological data,use polygonal modelling,DIFFERENT,random_unrelated,test,NOT
The MathWorks MATLAB,ASP.NET,DIFFERENT,random_unrelated,train,NOT
maintain projection equipment,Microsoft SQL Server Reporting Services SSRS,DIFFERENT,random_unrelated,train,NOT
create 3D characters,Android (mobile operating systems),DIFFERENT,random_unrelated,val,NOT
Teradata Database,telecommunication trunking,DIFFERENT,random_unrelated,train,NOT
audio editing software,use global distribution system,DIFFERENT,random_unrelated,test,NOT
Joomla,Codenvy,DIFFERENT,random_unrelated,train,NOT
systems theory,manage findable accessible interoperable and reusable data,DIFFERENT,random_unrelated,train,NOT
develop ICT safety information,enhance website visibility,DIFFERENT,random_unrelated,test,NOT
replicate customer software issues,disassemble mobile devices,DIFFERENT,random_unrelated,train,NOT
use presentation software,digital printing,DIFFERENT,random_unrelated,train,NOT
IBM DB2,create prototype of user experience solutions,DIFFERENT,random_unrelated,train,NOT
search databases,perform pill branding,DIFFERENT,random_unrelated,val,NOT
operate automatic cutting systems for footwear and leather goods,perform safety data analysis,DIFFERENT,random_unrelated,train,NOT
Microsoft Windows,use production planning software,DIFFERENT,random_unrelated,train,NOT
manage email hosting service,PHP,DIFFERENT,random_unrelated,train,NOT
use software for data preservation,use media software,DIFFERENT,random_unrelated,train,NOT
align antennae with receiving dishes,ensure adherence to organisational ICT standards,DIFFERENT,random_unrelated,train,NOT
promote virtual reality travelling experiences,Chef,DIFFERENT,random_unrelated,train,NOT
Octopus Deploy,Spring Boot,DIFFERENT,random_unrelated,train,NOT
establish data processes,integrate and re-elaborate digital content,DIFFERENT,random_unrelated,train,NOT
Prometheus,manage system testing,DIFFERENT,random_unrelated,train,NOT
Haskell,manage standards for data exchange,DIFFERENT,random_unrelated,test,NOT
maintain responsive design,use sound measuring instruments,DIFFERENT,random_unrelated,train,NOT
online analytical processing,crowdfunding,DIFFERENT,random_unrelated,train,NOT
set up media storage,incremental development,DIFFERENT,random_unrelated,train,NOT
program home alarm systems,design electromechanical systems,DIFFERENT,random_unrelated,train,NOT
advise customers on type of computer equipment,blockchain history,DIFFERENT,random_unrelated,train,NOT
manage data collection systems,operate bale presses,DIFFERENT,random_unrelated,train,NOT
Gamemaker Studio,use sales forecasting softwares,DIFFERENT,random_unrelated,val,NOT
hardware materials,business analytics,DIFFERENT,random_unrelated,val,NOT
define roadmap for blockchain in applications,ICT architectural frameworks,DIFFERENT,random_unrelated,test,NOT
assessment of risks and threats,implement spam protection,DIFFERENT,random_unrelated,train,NOT
ethics of sharing work through social media,Eclipse (integrated development environment software),DIFFERENT,random_unrelated,train,NOT
technically design a sound system,Google Sheets,DIFFERENT,random_unrelated,train,NOT
explain characteristics of computer peripheral equipment,prepare exhibition marketing plan,DIFFERENT,random_unrelated,train,NOT
apply reverse engineering,perform safety data analysis,DIFFERENT,random_unrelated,train,NOT
maintain information network hardware,software components suppliers,DIFFERENT,random_unrelated,train,NOT
e-learning,create digital content,DIFFERENT,random_unrelated,val,NOT
systems development life-cycle,establish an ICT security prevention plan,DIFFERENT,random_unrelated,train,NOT
Computer Assisted Language Learning,online moderation techniques,DIFFERENT,random_unrelated,train,NOT
animate 3D organic forms,Apache Kafka,DIFFERENT,random_unrelated,train,NOT
predictive maintenance,advise customers on type of computer equipment,DIFFERENT,random_unrelated,train,NOT
LDAP,natural language processing,DIFFERENT,random_unrelated,train,NOT
convert different audiovisual formats,ethics of sharing work through social media,DIFFERENT,random_unrelated,train,NOT
Adobe Photoshop,ASP.NET,DIFFERENT,random_unrelated,train,NOT
post-processing of photographs,software metrics,DIFFERENT,random_unrelated,train,NOT
SketchBook Pro,manage library users queries,DIFFERENT,random_unrelated,train,NOT
use technical drawing software,VBScript,DIFFERENT,random_unrelated,train,NOT
operate control systems,operate train integrated electronic control centre,DIFFERENT,random_unrelated,train,NOT
augmented reality,Objective-C,DIFFERENT,random_unrelated,test,NOT
contribute to development of biometric systems,The MathWorks MATLAB,DIFFERENT,random_unrelated,train,NOT
replicate customer software issues,levels of software testing,DIFFERENT,random_unrelated,train,NOT
IBM WebSphere,use query languages,DIFFERENT,random_unrelated,train,NOT
attend to ICT systems quality,repair mobile devices,DIFFERENT,random_unrelated,val,NOT
use software libraries,assess ICT knowledge,DIFFERENT,random_unrelated,val,NOT
create freight rate databases,convert scribbles into virtual sketches,DIFFERENT,random_unrelated,train,NOT
use water navigation devices,GDPR,DIFFERENT,random_unrelated,train,NOT
deliver visual presentation of data,Drupal,DIFFERENT,random_unrelated,train,NOT
Apache Kafka,Scala,DIFFERENT,random_unrelated,train,NOT
John The Ripper (penetration testing tool),data protection,DIFFERENT,random_unrelated,val,NOT
manufacturer's instructions for audiovisual equipment,data mining,DIFFERENT,random_unrelated,train,NOT
multimedia systems,Red Hat OpenShift,DIFFERENT,random_unrelated,train,NOT
use e-procurement,data science,DIFFERENT,random_unrelated,train,NOT
instruct library users in digital literacy,design power electronics,DIFFERENT,random_unrelated,val,NOT
GitLab,C#,DIFFERENT,random_unrelated,val,NOT
Scala,model power electronics,DIFFERENT,random_unrelated,train,NOT
MATLAB,implement ICT coding conventions,DIFFERENT,random_unrelated,train,NOT
perform pill branding,create digital content,DIFFERENT,random_unrelated,val,NOT
develop virtual game engine,Go,DIFFERENT,random_unrelated,val,NOT
solve problems in gambling through digital means,prepare well data sheets,DIFFERENT,random_unrelated,train,NOT
ICT system integration,digital systems,DIFFERENT,random_unrelated,train,NOT
use back-up and recovery tools,promote virtual reality travelling experiences,DIFFERENT,random_unrelated,train,NOT
Assembly (computer programming),speech recognition,DIFFERENT,random_unrelated,train,NOT
solve ICT system problems,perform energy simulations,DIFFERENT,random_unrelated,test,NOT
Django,promote prevention of social isolation,DIFFERENT,random_unrelated,train,NOT
Ruby (computer programming),technical drawings,DIFFERENT,random_unrelated,train,NOT
operate echo sounding equipment,produce textile designs,DIFFERENT,random_unrelated,train,NOT
use analytics for commercial purposes,develop design plans,DIFFERENT,random_unrelated,train,NOT
ASP.NET,analyse network bandwidth requirements,DIFFERENT,random_unrelated,train,NOT
operate electronic measuring instruments,assist multimedia operator,DIFFERENT,random_unrelated,val,NOT
model optical systems,develop inclusive communication material,DIFFERENT,random_unrelated,train,NOT
design component interfaces,create 2D painting,DIFFERENT,random_unrelated,train,NOT
ML (computer programming),perform online data analysis,DIFFERENT,random_unrelated,train,NOT
promote prevention of social isolation,use presentation software,DIFFERENT,random_unrelated,train,NOT
Ajax Framework,create digital content,DIFFERENT,random_unrelated,val,NOT
operate sound live,Transact-SQL,DIFFERENT,random_unrelated,train,NOT
3D printing process,analyse information systems,DIFFERENT,random_unrelated,train,NOT
hybrid model,"browse, search and filter data, information and digital content",DIFFERENT,random_unrelated,train,NOT
provide software testing documentation,hardware platforms,DIFFERENT,random_unrelated,train,NOT
execute social engineering tests,use e-health and mobile health technologies,DIFFERENT,random_unrelated,train,NOT
use modern electronic navigational aids,building information modelling,DIFFERENT,random_unrelated,train,NOT
interpret graphical recordings of rail-flaw-detection machine,Unity (digital game creation systems),DIFFERENT,random_unrelated,train,NOT
develop blockchain technology,firmware,DIFFERENT,random_unrelated,val,NOT
operate electronic payment terminals,Structured query language SQL,DIFFERENT,random_unrelated,test,NOT
Grovo,perform computer analyses of geotechnical structures,DIFFERENT,random_unrelated,test,NOT
Puppet,implement anti-virus software,DIFFERENT,random_unrelated,test,NOT
lean project management,maintain media integration equipment,DIFFERENT,random_unrelated,train,NOT
automate cloud tasks,ASP.NET,DIFFERENT,random_unrelated,train,NOT
quantum technology,manage website,DIFFERENT,random_unrelated,train,NOT
real-time computing,Prometheus,DIFFERENT,random_unrelated,train,NOT
Havok Vision,maintain a central project repository,DIFFERENT,random_unrelated,val,NOT
control panel components,apply statistical analysis techniques,DIFFERENT,random_unrelated,train,NOT
manage standard enterprise resource planning system,information security strategy,DIFFERENT,random_unrelated,train,NOT
machine translation,work with virtual learning environments,DIFFERENT,random_unrelated,train,NOT
machine learning,database,DIFFERENT,random_unrelated,train,NOT
Microsoft Access,Oracle Relational Database,DIFFERENT,random_unrelated,train,NOT
manage online content,process data,DIFFERENT,random_unrelated,train,NOT
operate GPS systems,set up consumer electronics,DIFFERENT,random_unrelated,train,NOT
manage ICT data classification,manage data collection systems,DIFFERENT,random_unrelated,train,NOT
align software with system architectures,conduct radiotherapy computer planning,DIFFERENT,random_unrelated,train,NOT
Microsoft Power Automate,debug software,DIFFERENT,random_unrelated,train,NOT
design power electronics,implement ICT risk management,DIFFERENT,random_unrelated,val,NOT
plan ICT capacity,Agile project management,DIFFERENT,random_unrelated,train,NOT
use thermal management,jQuery,DIFFERENT,random_unrelated,train,NOT
operate automatic cutting systems for footwear and leather goods,analyse clothing 3d prototypes,DIFFERENT,random_unrelated,train,NOT
image recognition,Microsoft Access,DIFFERENT,random_unrelated,train,NOT
create database diagrams,e-agriculture,DIFFERENT,random_unrelated,test,NOT
operate automated optical inspection machine,Transact-SQL,DIFFERENT,random_unrelated,train,NOT
design user interface,develop translation memory software,DIFFERENT,random_unrelated,train,NOT
Red Hat OpenShift,building systems monitoring technology,DIFFERENT,random_unrelated,train,NOT
blockchain architecture,manage data collection systems,DIFFERENT,random_unrelated,train,NOT
CA Datacom/DB,Jenkins CI,DIFFERENT,random_unrelated,train,NOT
Apache Subversion SVN,cloud monitoring and reporting,DIFFERENT,random_unrelated,test,NOT
digital game creation systems,manage findable accessible interoperable and reusable data,DIFFERENT,random_unrelated,train,NOT
Adobe Photoshop,distributed directory information services,DIFFERENT,random_unrelated,train,NOT
implement ICT coding conventions,conduct clinical software research,DIFFERENT,random_unrelated,train,NOT
protect personal data and privacy,analyse clothing 3d prototypes,DIFFERENT,random_unrelated,train,NOT
cloud technologies,manage environmental management system,DIFFERENT,random_unrelated,train,NOT
types of satellites,blockchain-based services regulation,DIFFERENT,random_unrelated,train,NOT
use query languages,collection management software,DIFFERENT,random_unrelated,train,NOT
audio mastering,maintain internet protocol configuration,DIFFERENT,random_unrelated,val,NOT
e-commerce systems,use automatic programming,DIFFERENT,random_unrelated,train,NOT
maintain ICT identity management,log transmitter readings,DIFFERENT,random_unrelated,val,NOT
use typesetting software,particle animation,DIFFERENT,random_unrelated,train,NOT
music and video industry,conduct mobile marketing,DIFFERENT,random_unrelated,test,NOT
conduct analysis of ship data,online gambling,DIFFERENT,random_unrelated,test,NOT
maintain ICT server,Grovo,DIFFERENT,random_unrelated,test,NOT
ICT hardware specifications,control panel components,DIFFERENT,random_unrelated,train,NOT
maintain data entry requirements,computer simulation,DIFFERENT,random_unrelated,train,NOT
manage digital documents,ICT system programming,DIFFERENT,random_unrelated,train,NOT
perform dimensionality reduction,IBM Informix,DIFFERENT,random_unrelated,test,NOT
energy saving potential of automated shift systems,Open source model,DIFFERENT,random_unrelated,train,NOT
digital arts,software UI design patterns,DIFFERENT,random_unrelated,test,NOT
put uncut recordings into computer,APL,DIFFERENT,random_unrelated,train,NOT
JavaScript Framework,real-time computing,DIFFERENT,random_unrelated,train,NOT
perform image editing,manage software releases,DIFFERENT,random_unrelated,val,NOT
instruct library users in digital literacy,set up audiovisual peripheral equipment,DIFFERENT,random_unrelated,val,NOT
assess users' interaction with ICT applications,Drupal,DIFFERENT,random_unrelated,train,NOT
support ICT system users,collect mapping data,DIFFERENT,random_unrelated,train,NOT
perform energy simulations,control objectives for information and related technology,DIFFERENT,random_unrelated,test,NOT
alarm systems,install image equipment,DIFFERENT,random_unrelated,train,NOT
emergent technologies,Procore software,DIFFERENT,random_unrelated,train,NOT
design electrical systems,conduct impact evaluation of ICT processes on business,DIFFERENT,random_unrelated,test,NOT
Common Lisp,C#,DIFFERENT,random_unrelated,val,NOT
protect ICT devices,online gambling,DIFFERENT,random_unrelated,test,NOT
maintain computerised records of railway traffic,configure ICT system,DIFFERENT,random_unrelated,train,NOT
develop software prototype,Project Anarchy,DIFFERENT,random_unrelated,train,NOT
use sound measuring instruments,use content management system software,DIFFERENT,random_unrelated,train,NOT
design control systems,use digital instruments,DIFFERENT,random_unrelated,train,NOT
analyse big data,solution deployment,DIFFERENT,random_unrelated,train,NOT
prevent technical problems with media integration systems,manage aeronautical information management services,DIFFERENT,random_unrelated,train,NOT
transcribe texts,ICT encryption,DIFFERENT,random_unrelated,train,NOT
evaluate translation technologies,ICT system user requirements,DIFFERENT,random_unrelated,train,NOT
blockchain mining principles,SQL Server Integration Services,DIFFERENT,random_unrelated,train,NOT
Brightspace (learning management systems),prepare well data sheets,DIFFERENT,random_unrelated,train,NOT
Vyper,electronic and telecommunication equipment,DIFFERENT,random_unrelated,train,NOT
medical imaging technology,control systems,DIFFERENT,random_unrelated,val,NOT
"evaluate data, information and digital content",use thermal analysis,DIFFERENT,random_unrelated,test,NOT
Synfig,log emergency call information electronically,DIFFERENT,random_unrelated,test,NOT
assemble telecommunications devices,Ansible,DIFFERENT,random_unrelated,val,NOT
marketing analytics,ICT help platforms,DIFFERENT,random_unrelated,train,NOT
animate 3D organic forms,ML (computer programming),DIFFERENT,random_unrelated,train,NOT
ICT process quality models,computer graphics,DIFFERENT,random_unrelated,train,NOT
use IT tools,ABBYY FineReader,DIFFERENT,random_unrelated,val,NOT
computerised feeding systems,types of audiovisual formats,DIFFERENT,random_unrelated,train,NOT
Microsoft Azure software,use CADD software,DIFFERENT,random_unrelated,test,NOT
use IT systems for commercial purposes,maintain media integration equipment,DIFFERENT,random_unrelated,train,NOT
plan social media marketing campaigns,instrumentation engineering,DIFFERENT,random_unrelated,val,NOT
collect real-time geolocation information,telecom regulations,DIFFERENT,random_unrelated,train,NOT
operate bale presses,Microsoft .NET Framework,DIFFERENT,random_unrelated,train,NOT
operate broadcast equipment,Procore software,DIFFERENT,random_unrelated,train,NOT
manage donor database,weigh in motion system,DIFFERENT,random_unrelated,train,NOT
create infrared imagery,Swift (computer programming),DIFFERENT,random_unrelated,train,NOT
SQL,tend CNC laser cutting machine,DIFFERENT,random_unrelated,train,NOT
carry out research on ground systems,deploy cloud resource,DIFFERENT,random_unrelated,test,NOT
Yardi software,advise customers on type of computer equipment,DIFFERENT,random_unrelated,train,NOT
operate port communications systems,tend CNC milling machine,DIFFERENT,random_unrelated,train,NOT
software frameworks,coordinate the allocation of Mode S radars to Interrogator Codes,DIFFERENT,random_unrelated,train,NOT
ethics of sharing work through social media,cognitive computing,DIFFERENT,random_unrelated,train,NOT
motion capture,Prometheus,DIFFERENT,random_unrelated,train,NOT
web programming,resource description framework query language,DIFFERENT,random_unrelated,train,NOT
product data management,speech recognition,DIFFERENT,random_unrelated,train,NOT
operate digital printers,operate private branch exchange,DIFFERENT,random_unrelated,train,NOT
apply tools for content development,lay out digital written content,DIFFERENT,random_unrelated,train,NOT
digitise documents,Common Lisp,DIFFERENT,random_unrelated,val,NOT
install mechatronic equipment,create game testing software,DIFFERENT,random_unrelated,test,NOT
Python (computer programming),Mozilla Firefox,DIFFERENT,random_unrelated,train,NOT
manage dispatch software systems,perform energy simulations,DIFFERENT,random_unrelated,test,NOT
automation technology,normalise data,DIFFERENT,random_unrelated,train,NOT
migrate existing data,SAP software,DIFFERENT,random_unrelated,train,NOT
test improved aeronautical information management systems,SAS language,DIFFERENT,random_unrelated,test,NOT
store digital data and systems,digital printing,DIFFERENT,random_unrelated,train,NOT
health informatics,adobe creative suite,DIFFERENT,random_unrelated,test,NOT
Microsoft Visual Studio,use specialised design software,DIFFERENT,random_unrelated,train,NOT
PostgreSQL,monitor satellites,DIFFERENT,random_unrelated,train,NOT
respond to incidents in cloud,information extraction,DIFFERENT,random_unrelated,train,NOT
design interaction model,develop digital content,DIFFERENT,random_unrelated,train,NOT
CA Datacom/DB,building information modelling,DIFFERENT,random_unrelated,train,NOT
provide software testing documentation,protect personal data and privacy,DIFFERENT,random_unrelated,train,NOT
perform backups,disassemble mobile devices,DIFFERENT,random_unrelated,train,NOT
Elasticsearch,web programming,DIFFERENT,random_unrelated,train,NOT
digital systems,digital journalism,DIFFERENT,random_unrelated,train,NOT
software frameworks,Microsoft Visio,DIFFERENT,random_unrelated,train,NOT
NoSQL,ABAP,DIFFERENT,random_unrelated,train,NOT
Chef,use pipeline video equipment,DIFFERENT,random_unrelated,train,NOT
manage digital documents,optimise fleet usability,DIFFERENT,random_unrelated,train,NOT
Transact-SQL,report live online,DIFFERENT,random_unrelated,train,NOT
use functional neuroimaging,ICT hardware specifications,DIFFERENT,random_unrelated,train,NOT
SAS language,call-centre technologies,DIFFERENT,random_unrelated,test,NOT
forecast future ICT network needs,identify blockchain innovation opportunities,DIFFERENT,random_unrelated,train,NOT
Microsoft SQL Server,query languages,DIFFERENT,random_unrelated,train,NOT
prepare visual data,use thermal analysis,DIFFERENT,random_unrelated,test,NOT
develop automated migration methods,implement spam protection,DIFFERENT,random_unrelated,train,NOT
Figma,execute integration testing,DIFFERENT,random_unrelated,val,NOT
business analytics,develop blockchain technology,DIFFERENT,random_unrelated,val,NOT
monitor automated machines,disassemble mobile devices,DIFFERENT,random_unrelated,train,NOT
Apache Subversion SVN,ICT accessibility standards,DIFFERENT,random_unrelated,test,NOT
use specialised equipment,operate broadcast equipment,DIFFERENT,random_unrelated,train,NOT
Teradata Database,execute ICT user research activities,DIFFERENT,random_unrelated,train,NOT
oversee aircraft sensor and recording systems,design circuit boards,DIFFERENT,random_unrelated,val,NOT
LAMS,perform safety data analysis,DIFFERENT,random_unrelated,train,NOT
read 3D displays,operate imagesetter,DIFFERENT,random_unrelated,train,NOT
add computer components,OmniPage,DIFFERENT,random_unrelated,train,NOT
Process-based management,study radar images,DIFFERENT,random_unrelated,train,NOT
use analytics for commercial purposes,printed circuit boards testing methods,DIFFERENT,random_unrelated,train,NOT
create digital game characters,perform ICT security testing,DIFFERENT,random_unrelated,val,NOT
ICT networking hardware,perform software recovery testing,DIFFERENT,random_unrelated,train,NOT
provide software testing documentation,operate collating machine,DIFFERENT,random_unrelated,train,NOT
analyse blockchain use cases,use ICT resources to solve work related tasks,DIFFERENT,random_unrelated,val,NOT
use word processing software,content development processes,DIFFERENT,random_unrelated,train,NOT
software design methodologies,Microsoft Active Directory,DIFFERENT,random_unrelated,train,NOT
use meteorological tools to forecast meteorological conditions,operate machine tools,DIFFERENT,random_unrelated,train,NOT
CSS,develop inclusive communication material,DIFFERENT,random_unrelated,train,NOT
CAE software,develop automated migration methods,DIFFERENT,random_unrelated,train,NOT
electronic locks,develop shipping itineraries,DIFFERENT,random_unrelated,train,NOT
Transact-SQL,data analytics,DIFFERENT,random_unrelated,train,NOT
use computer telephony integration,Microsoft PowerShell,DIFFERENT,random_unrelated,train,NOT
install blinds drive systems,develop digital content,DIFFERENT,random_unrelated,train,NOT
conduct mobile marketing,Grovo,DIFFERENT,random_unrelated,test,NOT
design ICT hardware placement,create website wireframe,DIFFERENT,random_unrelated,val,NOT
define celestial bodies,create animated narratives,DIFFERENT,random_unrelated,train,NOT
e-agriculture,trading software,DIFFERENT,random_unrelated,test,NOT
provide ICT system training,Metasploit,DIFFERENT,random_unrelated,train,NOT
maintain irrigation controllers,Apache Spark,DIFFERENT,random_unrelated,train,NOT
unmanned air systems,manage temporary ICT networks for live performance,DIFFERENT,random_unrelated,train,NOT
create risk maps,speech recognition,DIFFERENT,random_unrelated,train,NOT
systems thinking,building automation,DIFFERENT,random_unrelated,train,NOT
Filemaker (database management systems),deploy cloud resource,DIFFERENT,random_unrelated,test,NOT
perform backups,operate control panels,DIFFERENT,random_unrelated,train,NOT
utilise content types,blockchain mining principles,DIFFERENT,random_unrelated,train,NOT
Microsoft Team Foundation Server,compile GIS-data,DIFFERENT,random_unrelated,train,NOT
develop online community plan,log emergency call information electronically,DIFFERENT,random_unrelated,test,NOT
Pentaho Data Integration,use session border controller,DIFFERENT,random_unrelated,val,NOT
cloud security and compliance,Mozilla Firefox,DIFFERENT,random_unrelated,train,NOT
Rapid application development,analyse network bandwidth requirements,DIFFERENT,random_unrelated,train,NOT
industrial software,develop online community plan,DIFFERENT,random_unrelated,test,NOT
embedded systems,conduct search engine optimisation,DIFFERENT,random_unrelated,val,NOT
adapt to new technology used in cars,vehicle-to-everything technologies,DIFFERENT,random_unrelated,train,NOT
ensure adherence to organisational ICT standards,set scanner controls,DIFFERENT,random_unrelated,train,NOT
real-time computing,apply tools for content development,DIFFERENT,random_unrelated,train,NOT
implement ICT coding conventions,deliver visual presentation of data,DIFFERENT,random_unrelated,train,NOT
food waste monitoring systems,use computer telephony integration,DIFFERENT,random_unrelated,train,NOT
manage aeronautical information management services,install monitors for process control,DIFFERENT,random_unrelated,train,NOT
use modern electronic navigational aids,crowdfunding,DIFFERENT,random_unrelated,train,NOT
log emergency call information electronically,identify ICT system weaknesses,DIFFERENT,random_unrelated,test,NOT
visual presentation techniques,video conferencing tool,DIFFERENT,random_unrelated,train,NOT
Slack,implement cryptographic constructs,DIFFERENT,random_unrelated,val,NOT
create freight rate databases,ICT project management methodologies,DIFFERENT,random_unrelated,train,NOT
audio technology,maintain stock control systems,DIFFERENT,random_unrelated,train,NOT
analyse blockchain use cases,consumer electronics,DIFFERENT,random_unrelated,val,NOT
test computer hardware,GDPR,DIFFERENT,random_unrelated,train,NOT
ICT accessibility standards,Amazon Web Services AWS CloudFormation,DIFFERENT,random_unrelated,test,NOT
ICT network routing,use access control software,DIFFERENT,random_unrelated,train,NOT
digital twin technology,convert scribbles into virtual sketches,DIFFERENT,random_unrelated,train,NOT
create 2D painting,design database in the cloud,DIFFERENT,random_unrelated,train,NOT
test hardware,C#,DIFFERENT,random_unrelated,val,NOT
use databases,computational fluid dynamics,DIFFERENT,random_unrelated,train,NOT
control objectives for information and related technology,blockchain-based business models,DIFFERENT,random_unrelated,test,NOT
use ICT resources to solve work related tasks,use logic programming,DIFFERENT,random_unrelated,val,NOT
operate an emergency communication system,data quality assessment,DIFFERENT,random_unrelated,train,NOT
SQL Server,use ultrasonic equipment,DIFFERENT,random_unrelated,train,NOT
Outsourcing model,computational chemistry,DIFFERENT,random_unrelated,train,NOT
"design the digital interface of gambling, betting and lottery games",optimise fleet usability,DIFFERENT,random_unrelated,train,NOT
assistive instruments,deploy cloud resource,DIFFERENT,random_unrelated,test,NOT
read 3D displays,hybrid model,DIFFERENT,random_unrelated,train,NOT
application usability,manage technical security systems,DIFFERENT,random_unrelated,train,NOT
signal processing,Xcode,DIFFERENT,random_unrelated,train,NOT
Outsourcing model,GraphQL,DIFFERENT,random_unrelated,train,NOT
Microsoft Project,THC Hydra,DIFFERENT,random_unrelated,train,NOT
design hardware,promote virtual reality travelling experiences,DIFFERENT,random_unrelated,train,NOT
blockchain history,guide learners in using assistive technologies,DIFFERENT,random_unrelated,train,NOT
Oracle Database,establish an ICT customer support process,DIFFERENT,random_unrelated,train,NOT
adobe creative suite,Microsoft Azure software,DIFFERENT,random_unrelated,test,NOT
The MathWorks MATLAB,telecom regulations,DIFFERENT,random_unrelated,train,NOT
develop geological databases,deploy cloud resource,DIFFERENT,random_unrelated,test,NOT
hardware materials,test hardware,DIFFERENT,random_unrelated,val,NOT
use automatic programming,Grafana Labs Grafana Cloud,DIFFERENT,random_unrelated,train,NOT
COBOL,Oracle Relational Database,DIFFERENT,random_unrelated,train,NOT
use meteorological tools to forecast meteorological conditions,content development processes,DIFFERENT,random_unrelated,train,NOT
evaluate musical ideas,roofing drones,DIFFERENT,random_unrelated,test,NOT
blockchain,distribute control signals,DIFFERENT,random_unrelated,train,NOT
plot show control cues,computer equipment,DIFFERENT,random_unrelated,test,NOT
use performance 3D visualisation techniques,coordinate the allocation of Mode S radars to Interrogator Codes,DIFFERENT,random_unrelated,train,NOT
install software,Jenkins (tools for software configuration management),DIFFERENT,random_unrelated,train,NOT
create GIS reports,ICT project management methodologies,DIFFERENT,random_unrelated,train,NOT
id Tech,attend to ICT systems quality,DIFFERENT,random_unrelated,val,NOT
create software design,CAD for garment manufacturing,DIFFERENT,random_unrelated,test,NOT
operate digital printers,Parrot Security OS,DIFFERENT,random_unrelated,train,NOT
creatively use digital technologies,prepare detailed working drawings for interior design,DIFFERENT,random_unrelated,test,NOT
share through digital technologies,data analytics,DIFFERENT,random_unrelated,train,NOT
innovate in ICT,develop data link services for navigation purposes,DIFFERENT,random_unrelated,train,NOT
model hardware,modify textile designs,DIFFERENT,random_unrelated,train,NOT
style sheet languages,web analytics,DIFFERENT,random_unrelated,train,NOT
administer ICT system,develop ICT workflow,DIFFERENT,random_unrelated,test,NOT
maintain ICT server,Structured query language SQL,DIFFERENT,random_unrelated,test,NOT
maintain computer hardware,Cisco,DIFFERENT,random_unrelated,train,NOT
search engines,analyse gambling data,DIFFERENT,random_unrelated,train,NOT
maintain pricing database,use computer-aided translation,DIFFERENT,random_unrelated,train,NOT
ICT recovery techniques,use CAD software,DIFFERENT,random_unrelated,train,NOT
3D texturing,deploy cloud resource,DIFFERENT,random_unrelated,test,NOT
maintain up-to-date aeronautical information management services,create digital images,DIFFERENT,random_unrelated,train,NOT
use radar navigation,create 3D characters,DIFFERENT,random_unrelated,val,NOT
calculate costs of repair operations,utilise machine learning,DIFFERENT,random_unrelated,val,NOT
ICT project management,OpenEdge Database,DIFFERENT,random_unrelated,val,NOT
perform virtual simulation,maintain computerised records of railway traffic,DIFFERENT,random_unrelated,train,NOT
TensorFlow,collect mapping data,DIFFERENT,random_unrelated,train,NOT
manage online content,control panel components,DIFFERENT,random_unrelated,train,NOT
create cadastral maps,locate microchip in animals,DIFFERENT,random_unrelated,test,NOT
develop computer vision system,apply operations for an ITIL-based environment,DIFFERENT,random_unrelated,train,NOT
Edmodo,test hardware,DIFFERENT,random_unrelated,val,NOT
implement data warehousing techniques,operate control systems,DIFFERENT,random_unrelated,train,NOT
fibre optics,deploy cloud resource,DIFFERENT,random_unrelated,test,NOT
administer ICT system,Apache Subversion SVN,DIFFERENT,random_unrelated,test,NOT
software architecture models,use thermal analysis,DIFFERENT,random_unrelated,test,NOT
Workday software,attack vectors,DIFFERENT,random_unrelated,train,NOT
create website wireframe,oversee aircraft sensor and recording systems,DIFFERENT,random_unrelated,val,NOT
computer programming,design hardware,DIFFERENT,random_unrelated,train,NOT
scan photos,execute ICT audits,DIFFERENT,random_unrelated,train,NOT
design pharmaceutical manufacturing systems,render 3D images,DIFFERENT,random_unrelated,train,NOT
microsystem test procedures,test wireless devices,DIFFERENT,random_unrelated,train,NOT
SAP R3,signal processing,DIFFERENT,random_unrelated,train,NOT
Selenium,computer vision,DIFFERENT,random_unrelated,val,NOT
unmanned air systems,Sass,DIFFERENT,random_unrelated,train,NOT
create SCORM packages,develop automated software tests,DIFFERENT,random_unrelated,train,NOT
use a complex communication system,WhiteHat Sentinel,DIFFERENT,random_unrelated,val,NOT
search engine optimisation,control panel components,DIFFERENT,random_unrelated,train,NOT
automatic control system,Apache Spark,DIFFERENT,random_unrelated,train,NOT
create software design,use ICT ticketing system,DIFFERENT,random_unrelated,test,NOT
ICT system user requirements,operate control panels,DIFFERENT,random_unrelated,train,NOT
ICT recovery techniques,Microsoft Teams,DIFFERENT,random_unrelated,train,NOT
BlackBerry,use digital instruments,DIFFERENT,random_unrelated,train,NOT
Microsoft Teams,Adobe Photoshop,DIFFERENT,random_unrelated,train,NOT
Microsoft Power BI,operate medical imaging equipment,DIFFERENT,random_unrelated,train,NOT
use 3D scanners for clothing,contribute to development of biometric systems,DIFFERENT,random_unrelated,train,NOT
program home alarm systems,Microsoft Windows,DIFFERENT,random_unrelated,train,NOT
analyse network bandwidth requirements,blockchain-based services regulation,DIFFERENT,random_unrelated,train,NOT
system backup best practice,Transact-SQL,DIFFERENT,random_unrelated,train,NOT
OWASP ZAP,digital game creation systems,DIFFERENT,random_unrelated,train,NOT
digitization,locate fossils,DIFFERENT,random_unrelated,test,NOT
Prometheus,ICT system user requirements,DIFFERENT,random_unrelated,train,NOT
Havok Vision,utilise machine learning,DIFFERENT,random_unrelated,val,NOT
jQuery,manage closed-circuit television system,DIFFERENT,random_unrelated,train,NOT
design hardware,3D printing process,DIFFERENT,random_unrelated,train,NOT
design computer network,cloud security and compliance,DIFFERENT,random_unrelated,train,NOT
energy saving potential of automated shift systems,follow up online user requests,DIFFERENT,random_unrelated,train,NOT
hardware architectures,analyse milk control test results,DIFFERENT,random_unrelated,train,NOT
WordPress,install signal repeaters,DIFFERENT,random_unrelated,train,NOT
lead disaster recovery exercises,control objectives for information and related technology,DIFFERENT,random_unrelated,test,NOT
use global distribution system,Apache Maven,DIFFERENT,random_unrelated,test,NOT
computer technology,maintain projection equipment,DIFFERENT,random_unrelated,train,NOT
web application security threats,SAP Data Services,DIFFERENT,random_unrelated,train,NOT
create animated narratives,use IT systems for commercial purposes,DIFFERENT,random_unrelated,train,NOT
develop blockchain technology,use specific data analysis software,DIFFERENT,random_unrelated,val,NOT
create advocacy material,blockchain-based services regulation,DIFFERENT,random_unrelated,train,NOT
develop statistical software,ICT system user requirements,DIFFERENT,random_unrelated,train,NOT
systems theory,electronic locks,DIFFERENT,random_unrelated,train,NOT
Tableau,Ruby (computer programming),DIFFERENT,random_unrelated,train,NOT
use access control software,tend CNC grinding machine,DIFFERENT,random_unrelated,train,NOT
Edmodo,maintain a central project repository,DIFFERENT,random_unrelated,val,NOT
assess ICT knowledge,Android (mobile operating systems),DIFFERENT,random_unrelated,val,NOT
application usability,modify textile designs,DIFFERENT,random_unrelated,train,NOT
operate scanner,design pharmaceutical manufacturing systems,DIFFERENT,random_unrelated,train,NOT
knowledge base,use business simulation tools,DIFFERENT,random_unrelated,train,NOT
provide multimedia content,design electromechanical systems,DIFFERENT,random_unrelated,train,NOT
model optical systems,use pest detection sensors,DIFFERENT,random_unrelated,train,NOT
ICT help platforms,Extensible markup language XML,DIFFERENT,random_unrelated,train,NOT
Google Android,use chromatography software,DIFFERENT,random_unrelated,val,NOT
CAE software,Microsoft Excel,DIFFERENT,random_unrelated,train,NOT
maintain internet protocol configuration,do cloud refactoring,DIFFERENT,random_unrelated,val,NOT
search databases,NoSQL,DIFFERENT,random_unrelated,val,NOT
design database scheme,control objectives for information and related technology,DIFFERENT,random_unrelated,test,NOT
internet governance,prepare visual data,DIFFERENT,random_unrelated,test,NOT
implement front-end website design,maintain ICT system,DIFFERENT,random_unrelated,train,NOT
establish an Information Security Management System,use computer-aided engineering systems,DIFFERENT,random_unrelated,train,NOT
GDPR,implement ICT recovery system,DIFFERENT,random_unrelated,train,NOT
energy saving potential of automated shift systems,communicate using the global maritime distress and safety system,DIFFERENT,random_unrelated,train,NOT
web programming,use e-procurement,DIFFERENT,random_unrelated,train,NOT
IBM WebSphere,speech recognition,DIFFERENT,random_unrelated,train,NOT
OpenEdge Advanced Business Language,deploy cloud resource,DIFFERENT,random_unrelated,test,NOT
Atlassian JIRA,ICT help platforms,DIFFERENT,random_unrelated,train,NOT
assess integrated domotics systems,ESRI ArcGIS software,DIFFERENT,random_unrelated,val,NOT
distribute control signals,ethics of sharing work through social media,DIFFERENT,random_unrelated,train,NOT
CAD software,set up audiovisual peripheral equipment,DIFFERENT,random_unrelated,val,NOT
compile data for navigation publications,balance database resources,DIFFERENT,random_unrelated,train,NOT
design process,business intelligence,DIFFERENT,random_unrelated,train,NOT
Ruby,model sensor,DIFFERENT,random_unrelated,train,NOT
use software libraries,analyse pipeline database information,DIFFERENT,random_unrelated,val,NOT
Microsoft SQL Server,develop code exploits,DIFFERENT,random_unrelated,train,NOT
Google Android,Oracle PeopleSoft,DIFFERENT,random_unrelated,val,NOT
create online news content,machine learning,DIFFERENT,random_unrelated,train,NOT
Kali Linux,analyse software specifications,DIFFERENT,random_unrelated,train,NOT
operate imagesetter,publishing strategy,DIFFERENT,random_unrelated,train,NOT
quantum technology,implement front-end website design,DIFFERENT,random_unrelated,train,NOT
blockchain-based services regulation,motion capture,DIFFERENT,random_unrelated,train,NOT
use intranet,use electronic health records in nursing,DIFFERENT,random_unrelated,train,NOT
hybrid control systems,energy saving potential of automated shift systems,DIFFERENT,random_unrelated,train,NOT
XQuery,digital marketing techniques,DIFFERENT,random_unrelated,val,NOT
analyse network configuration and performance,image recognition,DIFFERENT,random_unrelated,train,NOT
manage quantitative data,apply digital security measures,DIFFERENT,random_unrelated,train,NOT
manage open publications,software UI design patterns,DIFFERENT,random_unrelated,test,NOT
communicate using the global maritime distress and safety system,levels of software testing,DIFFERENT,random_unrelated,train,NOT
test improved aeronautical information management systems,Filemaker (database management systems),DIFFERENT,random_unrelated,test,NOT
blockchain architecture,operate stowage programmes,DIFFERENT,random_unrelated,train,NOT
artificial neural networks,operate automated stage movement control system,DIFFERENT,random_unrelated,train,NOT
compare survey computations,Groovy,DIFFERENT,random_unrelated,train,NOT
ICT security legislation,assist multimedia operator,DIFFERENT,random_unrelated,val,NOT
Google Angular,test system accessibility for users with special needs,DIFFERENT,random_unrelated,test,NOT
edit photographs,weigh in motion system,DIFFERENT,random_unrelated,train,NOT
automatic control system,perform online data analysis,DIFFERENT,random_unrelated,train,NOT
use sound measuring instruments,NoSQL,DIFFERENT,random_unrelated,train,NOT
ICT network simulation,learning management systems,DIFFERENT,random_unrelated,test,NOT
SAP R3,SPARK,DIFFERENT,random_unrelated,train,NOT
computer history,Figma,DIFFERENT,random_unrelated,val,NOT
set up the controller of a machine,Schoology,DIFFERENT,random_unrelated,val,NOT
conserve new media,remove computer virus or malware from a computer,DIFFERENT,random_unrelated,train,NOT
plan social media marketing campaigns,Oracle Java 2 Platform Enterprise Edition J2EE,DIFFERENT,random_unrelated,val,NOT
Google Angular,automated optical inspection,DIFFERENT,random_unrelated,test,NOT
rig 3D characters,use sound measuring instruments,DIFFERENT,random_unrelated,train,NOT
use personal organization software,IBM DB2,DIFFERENT,random_unrelated,train,NOT
automotive engineering,electronic and telecommunication equipment,DIFFERENT,random_unrelated,train,NOT
communicate using the global maritime distress and safety system,types of satellites,DIFFERENT,random_unrelated,train,NOT
perform ICT security testing,Wireshark,DIFFERENT,random_unrelated,val,NOT
electronic and telecommunication equipment,use aeronautical mobile service communications,DIFFERENT,random_unrelated,train,NOT
maintain sensor equipment,C,DIFFERENT,random_unrelated,val,NOT
Figma,cyber security,DIFFERENT,random_unrelated,val,NOT
manage online communications,manage ICT change request process,DIFFERENT,random_unrelated,train,NOT
visual presentation techniques,Backbox (penetration testing tool),DIFFERENT,random_unrelated,train,NOT
manage data,solve location and navigation problems by using GPS tools,DIFFERENT,random_unrelated,train,NOT
gather data,develop blockchain innovative architectures,DIFFERENT,random_unrelated,train,NOT
supercomputing,assist multimedia operator,DIFFERENT,random_unrelated,val,NOT
manage content development projects,RAGE (digital game creation systems),DIFFERENT,random_unrelated,train,NOT
software UI design patterns,3D texturing,DIFFERENT,random_unrelated,test,NOT
implement anti-virus software,SAS language,DIFFERENT,random_unrelated,test,NOT
use digital instruments,use communication equipment,DIFFERENT,random_unrelated,train,NOT
collect cyber defence data,define firewall rules,DIFFERENT,random_unrelated,train,NOT
computer vision,Edmodo,DIFFERENT,random_unrelated,val,NOT
manage email hosting service,guide learners in using assistive technologies,DIFFERENT,random_unrelated,train,NOT
ICT network security risks,audiovisual equipment,DIFFERENT,random_unrelated,train,NOT
information confidentiality,WizIQ,DIFFERENT,random_unrelated,train,NOT
audit techniques,monitor ICT research,DIFFERENT,random_unrelated,test,NOT
digital game genres,CSS,DIFFERENT,random_unrelated,train,NOT
create animated narratives,ICT project management methodologies,DIFFERENT,random_unrelated,train,NOT
produce scanned images,software anomalies,DIFFERENT,random_unrelated,train,NOT
Chef (tools for software configuration management),PostgreSQL,DIFFERENT,random_unrelated,train,NOT
smart contract programming languages,Microsoft Visual C++,DIFFERENT,random_unrelated,train,NOT
Scala,apply social media marketing,DIFFERENT,random_unrelated,train,NOT
apply through-hole technology manually,operate control panels,DIFFERENT,random_unrelated,train,NOT
Eclipse (integrated development environment software),Asana,DIFFERENT,random_unrelated,train,NOT
proxy servers,cutting technologies,DIFFERENT,random_unrelated,val,NOT
manage database,use CAD for heels,DIFFERENT,random_unrelated,train,NOT
apply ICT system usage policies,manage website,DIFFERENT,random_unrelated,train,NOT
web application security threats,operate relational database management system,DIFFERENT,random_unrelated,train,NOT
implement anti-virus software,design database scheme,DIFFERENT,random_unrelated,test,NOT
process collected survey data,design electromechanical systems,DIFFERENT,random_unrelated,train,NOT
Microsoft PowerShell,iOS,DIFFERENT,random_unrelated,train,NOT
establish an Information Security Management System,ICT infrastructure,DIFFERENT,random_unrelated,train,NOT
ICT debugging tools,IBM WebSphere,DIFFERENT,random_unrelated,train,NOT
network management system tools,use specific data analysis software,DIFFERENT,random_unrelated,val,NOT
operate an emergency communication system,digital journalism,DIFFERENT,random_unrelated,train,NOT
predictive maintenance,analyse milk control test results,DIFFERENT,random_unrelated,train,NOT
GIMP (graphics editor software),develop virtual game engine,DIFFERENT,random_unrelated,val,NOT
administer ICT system,apply system organisational policies,DIFFERENT,random_unrelated,test,NOT
use specialised computer models for weather forecasting,Vyper,DIFFERENT,random_unrelated,train,NOT
support audio system installation,compile data for navigation publications,DIFFERENT,random_unrelated,train,NOT
wire security sensors,supervise data entry,DIFFERENT,random_unrelated,train,NOT
ICT encryption,PHP,DIFFERENT,random_unrelated,train,NOT
World Wide Web Consortium standards,Elasticsearch,DIFFERENT,random_unrelated,train,NOT
design process,Vagrant,DIFFERENT,random_unrelated,train,NOT
Apache Subversion SVN,Apache Maven,DIFFERENT,random_unrelated,test,NOT
operate an emergency communication system,use production planning software,DIFFERENT,random_unrelated,train,NOT
evaluate musical ideas,create weather maps,DIFFERENT,random_unrelated,test,NOT
translate requirements into visual design,microchip scanners,DIFFERENT,random_unrelated,test,NOT
handle cybersecurity incidents,install software,DIFFERENT,random_unrelated,train,NOT
information architecture,vehicle-to-everything technologies,DIFFERENT,random_unrelated,train,NOT
use communication and collaboration software,Python (computer programming),DIFFERENT,random_unrelated,train,NOT
MDX,use object-oriented programming,DIFFERENT,random_unrelated,train,NOT
digital game creation systems,weigh in motion system,DIFFERENT,random_unrelated,train,NOT
SketchBook Pro,Amazon Elastic Compute Cloud EC2,DIFFERENT,random_unrelated,train,NOT
Oracle SQL Developer,computational mechanics,DIFFERENT,random_unrelated,train,NOT
Gamemaker Studio,Erlang,DIFFERENT,random_unrelated,val,NOT
mobility as a service,JavaScript Object Notation JSON,DIFFERENT,random_unrelated,train,NOT
use free typing techniques,Perl,DIFFERENT,random_unrelated,train,NOT
ICT accessibility standards,conduct analysis of ship data,DIFFERENT,random_unrelated,test,NOT
roofing drones,design cloud architecture,DIFFERENT,random_unrelated,test,NOT
digitise documents,apply 3D imaging techniques,DIFFERENT,random_unrelated,val,NOT
output electronic files,replicate customer software issues,DIFFERENT,random_unrelated,train,NOT
blockchain applications,SAP software,DIFFERENT,random_unrelated,train,NOT
quantitative analysis,Snowflake,DIFFERENT,random_unrelated,train,NOT
smart grids systems,Oracle WebLogic,DIFFERENT,random_unrelated,train,NOT
unified modelling language,model based system engineering,DIFFERENT,random_unrelated,train,NOT
operate imagesetter,Apple macOS,DIFFERENT,random_unrelated,train,NOT
adobe creative suite,use scripting programming,DIFFERENT,random_unrelated,test,NOT
computer science,plot show control cues,DIFFERENT,random_unrelated,test,NOT
set up media integration systems,PostgreSQL,DIFFERENT,random_unrelated,train,NOT
Figma,set up the controller of a machine,DIFFERENT,random_unrelated,val,NOT
lead disaster recovery exercises,computer science,DIFFERENT,random_unrelated,test,NOT
3D body scanning technologies,jQuery,DIFFERENT,random_unrelated,train,NOT
multimedia systems,information structure,DIFFERENT,random_unrelated,train,NOT
create 3D CAD footwear prototypes,file documents,DIFFERENT,random_unrelated,train,NOT
use methods of logistical data analysis,computer engineering,DIFFERENT,random_unrelated,test,NOT
create CAD drawings,test ICT queries,DIFFERENT,random_unrelated,train,NOT
collect mapping data,implement cloud security and compliance,DIFFERENT,random_unrelated,train,NOT
Puppet,apply basic programming skills,DIFFERENT,random_unrelated,test,NOT
protect ICT devices,use creative suite software,DIFFERENT,random_unrelated,test,NOT
hardware architectures,track changes in text editing,DIFFERENT,random_unrelated,train,NOT
roofing drones,Amazon DynamoDB,DIFFERENT,random_unrelated,test,NOT
Microsoft ASP.NET,adjust hearing aids,DIFFERENT,random_unrelated,train,NOT
Teradata Database,tune up wireless audio systems,DIFFERENT,random_unrelated,train,NOT
Bash,maintain system logs,DIFFERENT,random_unrelated,test,NOT
optical character recognition software,mobile operating systems,DIFFERENT,random_unrelated,test,NOT
transcribe texts,model hardware,DIFFERENT,random_unrelated,train,NOT
data mining,maintain information network hardware,DIFFERENT,random_unrelated,train,NOT
Apache Subversion SVN,hardware industry,DIFFERENT,random_unrelated,test,NOT
inter-organisational middleware system,evaluate translation technologies,DIFFERENT,random_unrelated,train,NOT
reed sensors,Prince2 project management,DIFFERENT,random_unrelated,train,NOT
manage donor database,Apple macOS,DIFFERENT,random_unrelated,train,NOT
ATM systems,apply ICT systems theory,DIFFERENT,random_unrelated,train,NOT
blockchain signature schemes,support ICT system users,DIFFERENT,random_unrelated,train,NOT
Groovy,evaluate translation technologies,DIFFERENT,random_unrelated,train,NOT
Red Hat OpenShift,operate computerised control systems,DIFFERENT,random_unrelated,train,NOT
global navigation satellite system performance parameters,research website users,DIFFERENT,random_unrelated,train,NOT
manage website,analyse ICT system,DIFFERENT,random_unrelated,train,NOT
data protection,install electronic communication equipment,DIFFERENT,random_unrelated,val,NOT
data warehouse,design failover solutions,DIFFERENT,random_unrelated,train,NOT
use e-services,Vyper,DIFFERENT,random_unrelated,train,NOT
computational fluid dynamics,building systems monitoring technology,DIFFERENT,random_unrelated,train,NOT
Microsoft Teams,Kali Linux,DIFFERENT,random_unrelated,train,NOT
implement cloud security and compliance,Apache Spark,DIFFERENT,random_unrelated,train,NOT
design for organisational complexity,program firmware,DIFFERENT,random_unrelated,val,NOT
Cascading style sheets CSS,set scanner controls,DIFFERENT,random_unrelated,train,NOT
observe celestial objects,adjust ICT system capacity,DIFFERENT,random_unrelated,val,NOT
audiovisual equipment,maintain up-to-date aeronautical information management services,DIFFERENT,random_unrelated,train,NOT
AJAX,use pattern-cutting softwares,DIFFERENT,random_unrelated,train,NOT
set up consumer electronics,Teradata Database,DIFFERENT,random_unrelated,train,NOT
CAM software,JavaScript,DIFFERENT,random_unrelated,val,NOT
interpret graphical communication interfaces,analyse information systems,DIFFERENT,random_unrelated,train,NOT
use rental management software,use audio reproduction software,DIFFERENT,random_unrelated,train,NOT
use polygonal modelling,Grovo,DIFFERENT,random_unrelated,test,NOT
Microsoft Visual Basic,Grafana Labs Grafana Cloud,DIFFERENT,random_unrelated,train,NOT
hardware materials,robotic components,DIFFERENT,random_unrelated,val,NOT
automotive engineering,record audio materials,DIFFERENT,random_unrelated,train,NOT
ICT network cable limitations,perform pill branding,DIFFERENT,random_unrelated,val,NOT
perform data analysis,design process,DIFFERENT,random_unrelated,train,NOT
particle animation,prepare exhibition marketing plan,DIFFERENT,random_unrelated,train,NOT
troubleshoot website,use computerised maintenance management systems,DIFFERENT,random_unrelated,train,NOT
coordinate audio system programmes,Teradata Database,DIFFERENT,random_unrelated,train,NOT
design optical prototypes,contribute to development of biometric systems,DIFFERENT,random_unrelated,train,NOT
design a domotic system in buildings,tune up wireless audio systems,DIFFERENT,random_unrelated,train,NOT
Python,implement smart contracts,DIFFERENT,random_unrelated,train,NOT
adjust hearing aids,Project Anarchy,DIFFERENT,random_unrelated,train,NOT
manage archive users guidelines,manage data,DIFFERENT,random_unrelated,train,NOT
internet governance,develop online community plan,DIFFERENT,random_unrelated,test,NOT
create digital game characters,use agricultural information systems and databases,DIFFERENT,random_unrelated,val,NOT
CoffeeScript,install signal repeaters,DIFFERENT,random_unrelated,train,NOT
propose ICT solutions to business problems,Grafana Labs Grafana Cloud,DIFFERENT,random_unrelated,train,NOT
set up documentation control system,oversee development of software,DIFFERENT,random_unrelated,train,NOT
Pascal (computer programming),create 3D characters,DIFFERENT,random_unrelated,val,NOT
hardware testing methods,Prometheus,DIFFERENT,random_unrelated,train,NOT
analyse gambling data,create infrared imagery,DIFFERENT,random_unrelated,train,NOT
Gamemaker Studio,execute software tests,DIFFERENT,random_unrelated,val,NOT
evaluate information services using metrics,use a warehouse management system,DIFFERENT,random_unrelated,test,NOT
attend to ICT systems quality,oversee aircraft sensor and recording systems,DIFFERENT,random_unrelated,val,NOT
Microsoft SQL Server,set up consumer electronics,DIFFERENT,random_unrelated,train,NOT
design automation components,maintain information network hardware,DIFFERENT,random_unrelated,train,NOT
use CAM software,analyse milk control test results,DIFFERENT,random_unrelated,train,NOT
program a CNC controller,data security principles,DIFFERENT,random_unrelated,test,NOT
mobile marketing,Absorb (learning management systems),DIFFERENT,random_unrelated,train,NOT
tools for ICT test automation,business ICT systems,DIFFERENT,random_unrelated,train,NOT
Microsoft Power Platform software,operate private branch exchange,DIFFERENT,random_unrelated,train,NOT
alarm systems,Sass,DIFFERENT,random_unrelated,train,NOT
manage donor database,Microsoft Outlook,DIFFERENT,random_unrelated,train,NOT
Maltego,airspace system block upgrades,DIFFERENT,random_unrelated,train,NOT
printed circuit boards testing methods,blockchain-based services regulation,DIFFERENT,random_unrelated,train,NOT
manage content metadata,translate formulae into processes,DIFFERENT,random_unrelated,val,NOT
use markup languages,identify GIS issues,DIFFERENT,random_unrelated,test,NOT
establish an ICT customer support process,Atlassian JIRA,DIFFERENT,random_unrelated,train,NOT
Android (mobile operating systems),OpenEdge Database,DIFFERENT,random_unrelated,val,NOT
Amazon Web Services AWS software,establish data processes,DIFFERENT,random_unrelated,train,NOT
operate medical imaging equipment,PHP,DIFFERENT,random_unrelated,train,NOT
perform data mining,plot show control cues,DIFFERENT,random_unrelated,test,NOT
protect the environment from the impact of the digital technologies,museum databases,DIFFERENT,random_unrelated,val,NOT
program sound cues,GDPR,DIFFERENT,random_unrelated,train,NOT
motion graphics,set up consumer electronics,DIFFERENT,random_unrelated,train,NOT
JavaScript,integrate content into output media,DIFFERENT,random_unrelated,val,NOT
create database diagrams,Atlassian Confluence,DIFFERENT,random_unrelated,test,NOT
Jenkins CI,improve user-friendliness,DIFFERENT,random_unrelated,train,NOT
data models,perform image editing,DIFFERENT,random_unrelated,val,NOT
smart contract programming languages,maintain computer hardware,DIFFERENT,random_unrelated,train,NOT
instruct library users in digital literacy,Nexpose,DIFFERENT,random_unrelated,val,NOT
use mine planning software,use sound measuring instruments,DIFFERENT,random_unrelated,train,NOT
prepare visual data,IBM InfoSphere DataStage,DIFFERENT,random_unrelated,test,NOT
install operating system,Red Hat Enterprise Linux,DIFFERENT,random_unrelated,train,NOT
analyse decentralised applications,use logic programming,DIFFERENT,random_unrelated,val,NOT
compile GIS-data,manage findable accessible interoperable and reusable data,DIFFERENT,random_unrelated,train,NOT
Swift (computer programming),operate automated stage movement control system,DIFFERENT,random_unrelated,train,NOT
apply ICT systems theory,cyber attack counter-measures,DIFFERENT,random_unrelated,train,NOT
manage research data,design computer network,DIFFERENT,random_unrelated,train,NOT
perform energy simulations,enhance website visibility,DIFFERENT,random_unrelated,test,NOT
create 3D CAD footwear prototypes,Microsoft SQL Server Reporting Services SSRS,DIFFERENT,random_unrelated,train,NOT
machine learning,smart grids systems,DIFFERENT,random_unrelated,train,NOT
use mathematical tools and equipment,contribute to development of biometric systems,DIFFERENT,random_unrelated,train,NOT
install mechatronic equipment,ICT network simulation,DIFFERENT,random_unrelated,test,NOT
perform data cleansing,Unreal Engine,DIFFERENT,random_unrelated,train,NOT
manage changes in ICT system,implement a virtual private network,DIFFERENT,random_unrelated,train,NOT
Microsoft Power Automate,specialised astrology software,DIFFERENT,random_unrelated,train,NOT
STAF,implement ICT risk management,DIFFERENT,random_unrelated,val,NOT
data mining,manage IT security compliances,DIFFERENT,random_unrelated,train,NOT
Ajax Framework,analyse blockchain use cases,DIFFERENT,random_unrelated,val,NOT
Microsoft Windows Server,screen reader,DIFFERENT,random_unrelated,train,NOT
install image equipment,Microsoft ASP.NET,DIFFERENT,random_unrelated,train,NOT
use specialised design software,procurement of ICT network equipment,DIFFERENT,random_unrelated,train,NOT
handle cybersecurity incidents,track changes in text editing,DIFFERENT,random_unrelated,train,NOT
produce textile designs,manage ICT virtualisation environments,DIFFERENT,random_unrelated,train,NOT
Microsoft Visual Studio,audiovisual equipment,DIFFERENT,random_unrelated,train,NOT
Brightspace (learning management systems),web analytics,DIFFERENT,random_unrelated,train,NOT
use CADD software,plot show control cues,DIFFERENT,random_unrelated,test,NOT
Microsoft Teams,manage environmental management system,DIFFERENT,random_unrelated,train,NOT
automatic meter reading,collect data using GPS,DIFFERENT,random_unrelated,train,NOT
set up sound equipment,telecommunications engineering,DIFFERENT,random_unrelated,train,NOT
adobe creative suite,computer engineering,DIFFERENT,random_unrelated,test,NOT
draft corporate emails,use water navigation devices,DIFFERENT,random_unrelated,train,NOT
use fleet management system,operate audio-signal processors,DIFFERENT,random_unrelated,val,NOT
define integration strategy,Unity (digital game creation systems),DIFFERENT,random_unrelated,train,NOT
develop statistical software,operate digital printers,DIFFERENT,random_unrelated,train,NOT
monitor satellites,use pattern-cutting softwares,DIFFERENT,random_unrelated,train,NOT
interpret graphical recordings of rail-flaw-detection machine,Drupal,DIFFERENT,random_unrelated,train,NOT
ABBYY FineReader,use ICT equipment in maintenance activities,DIFFERENT,random_unrelated,val,NOT
ICT market,WhiteHat Sentinel,DIFFERENT,random_unrelated,val,NOT
Microsoft SQL Server Reporting Services SSRS,operate sound live,DIFFERENT,random_unrelated,train,NOT
R,building information modelling,DIFFERENT,random_unrelated,train,NOT
install electronic communication equipment,conduct search engine optimisation,DIFFERENT,random_unrelated,val,NOT
do cloud refactoring,translate formulae into processes,DIFFERENT,random_unrelated,val,NOT
assessment of risks and threats,repair maritime communication equipment,DIFFERENT,random_unrelated,train,NOT
digital curation,ICT security standards,DIFFERENT,random_unrelated,train,NOT
design circuits using CAD,Swift,DIFFERENT,random_unrelated,train,NOT
maintain database security,Microsoft Visual Basic for Applications VBA,DIFFERENT,random_unrelated,test,NOT
test system accessibility for users with special needs,social media management,DIFFERENT,random_unrelated,test,NOT
global navigation satellite system performance parameters,use functional neuroimaging,DIFFERENT,random_unrelated,train,NOT
DevOps,innovate in ICT,DIFFERENT,random_unrelated,train,NOT
Kali Linux,emergent technologies,DIFFERENT,random_unrelated,train,NOT
use back-up and recovery tools,research remote sensing technologies,DIFFERENT,random_unrelated,train,NOT
file documents,BlackBerry,DIFFERENT,random_unrelated,train,NOT
BlackArch,use reservoir surveillance,DIFFERENT,random_unrelated,train,NOT
operate computerised control systems,Sass,DIFFERENT,random_unrelated,train,NOT
Filemaker (database management systems),Microsoft Azure software,DIFFERENT,random_unrelated,test,NOT
tools for software configuration management,operate automated process control,DIFFERENT,random_unrelated,val,NOT
design optical prototypes,Chef,DIFFERENT,random_unrelated,train,NOT
JSSS,blockchain terminology,DIFFERENT,random_unrelated,train,NOT
computational biology,Microsoft Active Directory,DIFFERENT,random_unrelated,train,NOT
lay out digital written content,contribute to development of biometric systems,DIFFERENT,random_unrelated,train,NOT
attack vectors,define celestial bodies,DIFFERENT,random_unrelated,train,NOT
SQL Server Integration Services,collect cyber defence data,DIFFERENT,random_unrelated,train,NOT
compare survey computations,Samurai Web Testing Framework,DIFFERENT,random_unrelated,train,NOT
tend CNC metal punch press,knowledge base,DIFFERENT,random_unrelated,train,NOT
develop data link services for navigation purposes,operate on-board computer systems,DIFFERENT,random_unrelated,train,NOT
design electromechanical systems,coordinate audio system programmes,DIFFERENT,random_unrelated,train,NOT
Agile development,Solidity,DIFFERENT,random_unrelated,val,NOT
improve customer traveling experiences with augmented reality,monitor automated machines,DIFFERENT,random_unrelated,train,NOT
decentralized application frameworks,create website wireframe,DIFFERENT,random_unrelated,val,NOT
solve problems in gambling through digital means,inter-organisational middleware system,DIFFERENT,random_unrelated,train,NOT
health informatics,software interaction design,DIFFERENT,random_unrelated,test,NOT
R,adobe creative suite,DIFFERENT,random_unrelated,test,NOT
manage aeronautical information management services,integrated development environment software,DIFFERENT,random_unrelated,train,NOT
keep up-to-date to computer trends,plan marketing campaigns,DIFFERENT,random_unrelated,train,NOT
test improved aeronautical information management systems,evaluate cost of software products,DIFFERENT,random_unrelated,test,NOT
systems theory,blockchain platforms,DIFFERENT,random_unrelated,train,NOT
manage online content,use communication equipment,DIFFERENT,random_unrelated,train,NOT
Angular,style sheet languages,DIFFERENT,random_unrelated,train,NOT
Chef,maintain control systems for automated equipment,DIFFERENT,random_unrelated,train,NOT
provide multimedia content,operate digital printers,DIFFERENT,random_unrelated,train,NOT
blockchain application areas,measure software usability,DIFFERENT,random_unrelated,train,NOT
collect customer data,create software design,DIFFERENT,random_unrelated,test,NOT
SAS,manage production systems,DIFFERENT,random_unrelated,train,NOT
Apple macOS,apply digital security measures,DIFFERENT,random_unrelated,train,NOT
interpret automatic call distribution data,utilise regular expressions,DIFFERENT,random_unrelated,val,NOT
track changes in text editing,vehicle-to-everything technologies,DIFFERENT,random_unrelated,train,NOT
use interface description language,statistical analysis system software,DIFFERENT,random_unrelated,train,NOT
global navigation satellite system performance parameters,use intranet,DIFFERENT,random_unrelated,train,NOT
database management systems,use technical drawing software,DIFFERENT,random_unrelated,train,NOT
computerised feeding systems,use technology for forensics,DIFFERENT,random_unrelated,train,NOT
Teradata Database,acquire system component,DIFFERENT,random_unrelated,train,NOT
Workday software,multimedia systems,DIFFERENT,random_unrelated,train,NOT
LINQ,set up automotive robot,DIFFERENT,random_unrelated,train,NOT
CAD for footwear,Atlassian Confluence,DIFFERENT,random_unrelated,test,NOT
3D modelling,SAP R3,DIFFERENT,random_unrelated,train,NOT
install electronic communication equipment,perform ICT security testing,DIFFERENT,random_unrelated,val,NOT
design a media integration system,principles of animation,DIFFERENT,random_unrelated,val,NOT
jQuery,N1QL,DIFFERENT,random_unrelated,train,NOT
decision support systems,manage findable accessible interoperable and reusable data,DIFFERENT,random_unrelated,train,NOT
manage data,manage aeronautical information management services,DIFFERENT,random_unrelated,train,NOT
use creative suite software,conduct impact evaluation of ICT processes on business,DIFFERENT,random_unrelated,test,NOT
tend CNC grinding machine,Cisco,DIFFERENT,random_unrelated,train,NOT
conduct web searches,manage cloud data and storage,DIFFERENT,random_unrelated,train,NOT
ICT system integration,use technology for forensics,DIFFERENT,random_unrelated,train,NOT
CSS,use computerised maintenance management systems,DIFFERENT,random_unrelated,train,NOT
manage ICT virtualisation environments,ServiceNow,DIFFERENT,random_unrelated,train,NOT
use ICT systems,protect personal data and privacy,DIFFERENT,random_unrelated,train,NOT
ICT help platforms,test wireless devices,DIFFERENT,random_unrelated,train,NOT
use radar navigation,principles of animation,DIFFERENT,random_unrelated,val,NOT
automated optical inspection,hardware industry,DIFFERENT,random_unrelated,test,NOT
algorithms,use CAD software,DIFFERENT,random_unrelated,train,NOT
application usability,mobile device management,DIFFERENT,random_unrelated,train,NOT
coordinate audio system programmes,monitor online competitors,DIFFERENT,random_unrelated,train,NOT
program home alarm systems,install signal repeaters,DIFFERENT,random_unrelated,train,NOT
design interaction model,manage aeronautical information management services,DIFFERENT,random_unrelated,train,NOT
use a telecine,IBM InfoSphere Information Server,DIFFERENT,random_unrelated,train,NOT
operate sound live,systems thinking,DIFFERENT,random_unrelated,train,NOT
program sound cues,building automation,DIFFERENT,random_unrelated,train,NOT
use e-tourism platforms,conduct analysis of ship data,DIFFERENT,random_unrelated,test,NOT
translate formulae into processes,Google Analytics,DIFFERENT,random_unrelated,val,NOT
ICT environmental policies,aquaculture production planning software,DIFFERENT,random_unrelated,val,NOT
design hardware,computer forensics,DIFFERENT,random_unrelated,train,NOT
design process for blockchain-based systems,query languages,DIFFERENT,random_unrelated,train,NOT
Google Angular,computer equipment,DIFFERENT,random_unrelated,test,NOT
operate 3D computer graphics software,conduct mobile marketing,DIFFERENT,random_unrelated,test,NOT
establish an Information Security Management System,operate machine tools,DIFFERENT,random_unrelated,train,NOT
edit photographs,data quality assessment,DIFFERENT,random_unrelated,train,NOT
digital game genres,"manage data, information and digital content",DIFFERENT,random_unrelated,train,NOT
Microsoft Windows Server,systems development life-cycle,DIFFERENT,random_unrelated,train,NOT
IBM InfoSphere Information Server,Teradata Database,DIFFERENT,random_unrelated,train,NOT
manage ICT data architecture,standards for web-based e-learning,DIFFERENT,random_unrelated,train,NOT
distributed ledger technologies consensus protocols,do cloud refactoring,DIFFERENT,random_unrelated,val,NOT
Rapid application development,web programming,DIFFERENT,random_unrelated,train,NOT
Amazon DynamoDB,collaborate through digital technologies,DIFFERENT,random_unrelated,test,NOT
JavaScript Object Notation JSON,create prototype of user experience solutions,DIFFERENT,random_unrelated,train,NOT
SAS Data Management,use CADD software,DIFFERENT,random_unrelated,test,NOT
ML (computer programming),report live online,DIFFERENT,random_unrelated,train,NOT
use e-procurement,DevOps,DIFFERENT,random_unrelated,train,NOT
types of audiovisual formats,GameSalad,DIFFERENT,random_unrelated,train,NOT
Octopus Deploy,ICT hardware specifications,DIFFERENT,random_unrelated,train,NOT
use business simulation tools,core banking software,DIFFERENT,random_unrelated,train,NOT
perform energy simulations,synchronise with mouth movements,DIFFERENT,random_unrelated,test,NOT
ICT system programming,analyse clothing 3d prototypes,DIFFERENT,random_unrelated,train,NOT
Jenkins CI,use specialised equipment,DIFFERENT,random_unrelated,train,NOT
database management systems,tools for ICT test automation,DIFFERENT,random_unrelated,train,NOT
Havok Vision,scientific computing,DIFFERENT,random_unrelated,val,NOT
apply social media marketing,set up media integration systems,DIFFERENT,random_unrelated,train,NOT
Synfig,plan software testing,DIFFERENT,random_unrelated,test,NOT
manage aeronautical information management services,Taleo,DIFFERENT,random_unrelated,train,NOT
research remote sensing technologies,operate train integrated electronic control centre,DIFFERENT,random_unrelated,train,NOT
audio mastering,design ICT hardware placement,DIFFERENT,random_unrelated,val,NOT
virtual reality,design computer network,DIFFERENT,random_unrelated,train,NOT
develop with cloud services,operate control panels,DIFFERENT,random_unrelated,train,NOT
Android (mobile operating systems),digital marketing techniques,DIFFERENT,random_unrelated,val,NOT
manage system security,search engines,DIFFERENT,random_unrelated,train,NOT
design cloud networks,process data from railway control rooms,DIFFERENT,random_unrelated,train,NOT
digitise documents,design power electronics,DIFFERENT,random_unrelated,val,NOT
use computer telephony integration,execute ICT audits,DIFFERENT,random_unrelated,train,NOT
design database in the cloud,test wireless devices,DIFFERENT,random_unrelated,train,NOT
hybrid control systems,smart contract programming languages,DIFFERENT,random_unrelated,train,NOT
